ISO-10303-21;
HEADER;
/* Generated by software containing ST-Developer
 * from STEP Tools, Inc. (www.steptools.com) 
 */

FILE_DESCRIPTION(
/* description */ (''),
/* implementation_level */ '2;1');

FILE_NAME(
/* name */ 'E:/\X2\4E0A67B64EA754C1\X0\/DCGM-3865-12V-EN-240RPM/GM3865
-3D.step',
/* time_stamp */ '2022-06-21T19:27:03+08:00',
/* author */ (''),
/* organization */ (''),
/* preprocessor_version */ 'ST-DEVELOPER v19',
/* originating_system */ 'Autodesk Translation Framework v11.7.0.108',
/* authorisation */ '');

FILE_SCHEMA (('AUTOMOTIVE_DESIGN { 1 0 10303 214 3 1 1 }'));
ENDSEC;

DATA;
#10=MECHANICAL_DESIGN_GEOMETRIC_PRESENTATION_REPRESENTATION('',(#34,#35,
#36,#37),#3655);
#11=ITEM_DEFINED_TRANSFORMATION($,$,#2247,#2419);
#12=ITEM_DEFINED_TRANSFORMATION($,$,#2257,#2420);
#13=(
REPRESENTATION_RELATIONSHIP($,$,#3669,#3668)
REPRESENTATION_RELATIONSHIP_WITH_TRANSFORMATION(#11)
SHAPE_REPRESENTATION_RELATIONSHIP()
);
#14=(
REPRESENTATION_RELATIONSHIP($,$,#3670,#3668)
REPRESENTATION_RELATIONSHIP_WITH_TRANSFORMATION(#12)
SHAPE_REPRESENTATION_RELATIONSHIP()
);
#15=CONTEXT_DEPENDENT_SHAPE_REPRESENTATION(#13,#3666);
#16=CONTEXT_DEPENDENT_SHAPE_REPRESENTATION(#14,#3667);
#17=NEXT_ASSEMBLY_USAGE_OCCURRENCE('PLA:1','PLA:1','PLA:1',#3672,#3673,
'PLA:1');
#18=NEXT_ASSEMBLY_USAGE_OCCURRENCE('PCB:1','PCB:1','PCB:1',#3672,#3674,
'PCB:1');
#19=(
BOUNDED_CURVE()
B_SPLINE_CURVE(2,(#3494,#3495,#3496),.UNSPECIFIED.,.F.,.F.)
B_SPLINE_CURVE_WITH_KNOTS((3,3),(1.63344629968334,1.7986429698014),
 .UNSPECIFIED.)
CURVE()
GEOMETRIC_REPRESENTATION_ITEM()
RATIONAL_B_SPLINE_CURVE((1.09355514419619,1.05150836682842,1.))
REPRESENTATION_ITEM('')
);
#20=(
BOUNDED_CURVE()
B_SPLINE_CURVE(2,(#3500,#3501,#3502),.UNSPECIFIED.,.F.,.F.)
B_SPLINE_CURVE_WITH_KNOTS((3,3),(0.,0.165196670118061),.UNSPECIFIED.)
CURVE()
GEOMETRIC_REPRESENTATION_ITEM()
RATIONAL_B_SPLINE_CURVE((1.,1.05150836682841,1.09355514419618))
REPRESENTATION_ITEM('')
);
#21=CONICAL_SURFACE('',#2351,2.85,0.785398163397459);
#22=CONICAL_SURFACE('',#2362,2.75,0.785398163397448);
#23=CONICAL_SURFACE('',#2376,2.75,0.785398163397448);
#24=CONICAL_SURFACE('',#2380,2.75,0.785398163397448);
#25=CONICAL_SURFACE('',#2384,2.75,0.785398163397448);
#26=CONICAL_SURFACE('',#2388,5.75,0.785398163397447);
#27=CONICAL_SURFACE('',#2395,5.75,0.785398163397446);
#28=SHAPE_REPRESENTATION_RELATIONSHIP('SRR','None',#3669,#31);
#29=SHAPE_REPRESENTATION_RELATIONSHIP('SRR','None',#3670,#32);
#30=SHAPE_REPRESENTATION_RELATIONSHIP('SRR','None',#3668,#33);
#31=ADVANCED_BREP_SHAPE_REPRESENTATION('',(#38),#3653);
#32=ADVANCED_BREP_SHAPE_REPRESENTATION('',(#39),#3654);
#33=ADVANCED_BREP_SHAPE_REPRESENTATION('',(#40,#41),#3652);
#34=STYLED_ITEM('',(#3687),#38);
#35=STYLED_ITEM('',(#3687),#39);
#36=STYLED_ITEM('',(#3687),#40);
#37=STYLED_ITEM('',(#3687),#41);
#38=MANIFOLD_SOLID_BREP('\X2\5B9E4F53\X0\1',#2219);
#39=MANIFOLD_SOLID_BREP('\X2\5B9E4F53\X0\1',#2220);
#40=MANIFOLD_SOLID_BREP('\X2\5B9E4F53\X0\1',#2221);
#41=MANIFOLD_SOLID_BREP('\X2\5B9E4F53\X0\2',#2222);
#42=FACE_BOUND('',#293,.T.);
#43=FACE_BOUND('',#333,.T.);
#44=FACE_BOUND('',#334,.T.);
#45=FACE_BOUND('',#335,.T.);
#46=FACE_BOUND('',#336,.T.);
#47=FACE_BOUND('',#337,.T.);
#48=FACE_BOUND('',#338,.T.);
#49=FACE_BOUND('',#366,.T.);
#50=FACE_BOUND('',#386,.T.);
#51=FACE_BOUND('',#387,.T.);
#52=FACE_BOUND('',#388,.T.);
#53=FACE_BOUND('',#389,.T.);
#54=FACE_BOUND('',#390,.T.);
#55=FACE_BOUND('',#400,.T.);
#56=FACE_BOUND('',#401,.T.);
#57=FACE_BOUND('',#402,.T.);
#58=FACE_BOUND('',#403,.T.);
#59=FACE_BOUND('',#404,.T.);
#60=FACE_BOUND('',#415,.T.);
#61=FACE_BOUND('',#419,.T.);
#62=FACE_BOUND('',#421,.T.);
#63=FACE_BOUND('',#422,.T.);
#64=FACE_BOUND('',#423,.T.);
#65=FACE_BOUND('',#424,.T.);
#66=FACE_BOUND('',#425,.T.);
#67=FACE_BOUND('',#426,.T.);
#68=PLANE('',#2251);
#69=PLANE('',#2255);
#70=PLANE('',#2256);
#71=PLANE('',#2258);
#72=PLANE('',#2259);
#73=PLANE('',#2260);
#74=PLANE('',#2261);
#75=PLANE('',#2262);
#76=PLANE('',#2263);
#77=PLANE('',#2264);
#78=PLANE('',#2265);
#79=PLANE('',#2266);
#80=PLANE('',#2267);
#81=PLANE('',#2268);
#82=PLANE('',#2269);
#83=PLANE('',#2270);
#84=PLANE('',#2271);
#85=PLANE('',#2272);
#86=PLANE('',#2273);
#87=PLANE('',#2274);
#88=PLANE('',#2275);
#89=PLANE('',#2276);
#90=PLANE('',#2277);
#91=PLANE('',#2278);
#92=PLANE('',#2279);
#93=PLANE('',#2280);
#94=PLANE('',#2281);
#95=PLANE('',#2282);
#96=PLANE('',#2283);
#97=PLANE('',#2284);
#98=PLANE('',#2285);
#99=PLANE('',#2286);
#100=PLANE('',#2287);
#101=PLANE('',#2288);
#102=PLANE('',#2289);
#103=PLANE('',#2290);
#104=PLANE('',#2291);
#105=PLANE('',#2292);
#106=PLANE('',#2293);
#107=PLANE('',#2294);
#108=PLANE('',#2295);
#109=PLANE('',#2296);
#110=PLANE('',#2297);
#111=PLANE('',#2298);
#112=PLANE('',#2299);
#113=PLANE('',#2300);
#114=PLANE('',#2301);
#115=PLANE('',#2302);
#116=PLANE('',#2303);
#117=PLANE('',#2304);
#118=PLANE('',#2305);
#119=PLANE('',#2306);
#120=PLANE('',#2307);
#121=PLANE('',#2308);
#122=PLANE('',#2309);
#123=PLANE('',#2310);
#124=PLANE('',#2311);
#125=PLANE('',#2312);
#126=PLANE('',#2313);
#127=PLANE('',#2317);
#128=PLANE('',#2318);
#129=PLANE('',#2319);
#130=PLANE('',#2320);
#131=PLANE('',#2321);
#132=PLANE('',#2322);
#133=PLANE('',#2326);
#134=PLANE('',#2327);
#135=PLANE('',#2328);
#136=PLANE('',#2329);
#137=PLANE('',#2330);
#138=PLANE('',#2331);
#139=PLANE('',#2332);
#140=PLANE('',#2333);
#141=PLANE('',#2334);
#142=PLANE('',#2335);
#143=PLANE('',#2336);
#144=PLANE('',#2337);
#145=PLANE('',#2338);
#146=PLANE('',#2340);
#147=PLANE('',#2341);
#148=PLANE('',#2342);
#149=PLANE('',#2343);
#150=PLANE('',#2344);
#151=PLANE('',#2349);
#152=PLANE('',#2350);
#153=PLANE('',#2355);
#154=PLANE('',#2356);
#155=PLANE('',#2357);
#156=PLANE('',#2361);
#157=PLANE('',#2365);
#158=PLANE('',#2393);
#159=PLANE('',#2399);
#160=PLANE('',#2401);
#161=PLANE('',#2408);
#162=PLANE('',#2410);
#163=PLANE('',#2412);
#164=PLANE('',#2414);
#165=PLANE('',#2415);
#166=FACE_OUTER_BOUND('',#289,.T.);
#167=FACE_OUTER_BOUND('',#290,.T.);
#168=FACE_OUTER_BOUND('',#291,.T.);
#169=FACE_OUTER_BOUND('',#292,.T.);
#170=FACE_OUTER_BOUND('',#294,.T.);
#171=FACE_OUTER_BOUND('',#295,.T.);
#172=FACE_OUTER_BOUND('',#296,.T.);
#173=FACE_OUTER_BOUND('',#297,.T.);
#174=FACE_OUTER_BOUND('',#298,.T.);
#175=FACE_OUTER_BOUND('',#299,.T.);
#176=FACE_OUTER_BOUND('',#300,.T.);
#177=FACE_OUTER_BOUND('',#301,.T.);
#178=FACE_OUTER_BOUND('',#302,.T.);
#179=FACE_OUTER_BOUND('',#303,.T.);
#180=FACE_OUTER_BOUND('',#304,.T.);
#181=FACE_OUTER_BOUND('',#305,.T.);
#182=FACE_OUTER_BOUND('',#306,.T.);
#183=FACE_OUTER_BOUND('',#307,.T.);
#184=FACE_OUTER_BOUND('',#308,.T.);
#185=FACE_OUTER_BOUND('',#309,.T.);
#186=FACE_OUTER_BOUND('',#310,.T.);
#187=FACE_OUTER_BOUND('',#311,.T.);
#188=FACE_OUTER_BOUND('',#312,.T.);
#189=FACE_OUTER_BOUND('',#313,.T.);
#190=FACE_OUTER_BOUND('',#314,.T.);
#191=FACE_OUTER_BOUND('',#315,.T.);
#192=FACE_OUTER_BOUND('',#316,.T.);
#193=FACE_OUTER_BOUND('',#317,.T.);
#194=FACE_OUTER_BOUND('',#318,.T.);
#195=FACE_OUTER_BOUND('',#319,.T.);
#196=FACE_OUTER_BOUND('',#320,.T.);
#197=FACE_OUTER_BOUND('',#321,.T.);
#198=FACE_OUTER_BOUND('',#322,.T.);
#199=FACE_OUTER_BOUND('',#323,.T.);
#200=FACE_OUTER_BOUND('',#324,.T.);
#201=FACE_OUTER_BOUND('',#325,.T.);
#202=FACE_OUTER_BOUND('',#326,.T.);
#203=FACE_OUTER_BOUND('',#327,.T.);
#204=FACE_OUTER_BOUND('',#328,.T.);
#205=FACE_OUTER_BOUND('',#329,.T.);
#206=FACE_OUTER_BOUND('',#330,.T.);
#207=FACE_OUTER_BOUND('',#331,.T.);
#208=FACE_OUTER_BOUND('',#332,.T.);
#209=FACE_OUTER_BOUND('',#339,.T.);
#210=FACE_OUTER_BOUND('',#340,.T.);
#211=FACE_OUTER_BOUND('',#341,.T.);
#212=FACE_OUTER_BOUND('',#342,.T.);
#213=FACE_OUTER_BOUND('',#343,.T.);
#214=FACE_OUTER_BOUND('',#344,.T.);
#215=FACE_OUTER_BOUND('',#345,.T.);
#216=FACE_OUTER_BOUND('',#346,.T.);
#217=FACE_OUTER_BOUND('',#347,.T.);
#218=FACE_OUTER_BOUND('',#348,.T.);
#219=FACE_OUTER_BOUND('',#349,.T.);
#220=FACE_OUTER_BOUND('',#350,.T.);
#221=FACE_OUTER_BOUND('',#351,.T.);
#222=FACE_OUTER_BOUND('',#352,.T.);
#223=FACE_OUTER_BOUND('',#353,.T.);
#224=FACE_OUTER_BOUND('',#354,.T.);
#225=FACE_OUTER_BOUND('',#355,.T.);
#226=FACE_OUTER_BOUND('',#356,.T.);
#227=FACE_OUTER_BOUND('',#357,.T.);
#228=FACE_OUTER_BOUND('',#358,.T.);
#229=FACE_OUTER_BOUND('',#359,.T.);
#230=FACE_OUTER_BOUND('',#360,.T.);
#231=FACE_OUTER_BOUND('',#361,.T.);
#232=FACE_OUTER_BOUND('',#362,.T.);
#233=FACE_OUTER_BOUND('',#363,.T.);
#234=FACE_OUTER_BOUND('',#364,.T.);
#235=FACE_OUTER_BOUND('',#365,.T.);
#236=FACE_OUTER_BOUND('',#367,.T.);
#237=FACE_OUTER_BOUND('',#368,.T.);
#238=FACE_OUTER_BOUND('',#369,.T.);
#239=FACE_OUTER_BOUND('',#370,.T.);
#240=FACE_OUTER_BOUND('',#371,.T.);
#241=FACE_OUTER_BOUND('',#372,.T.);
#242=FACE_OUTER_BOUND('',#373,.T.);
#243=FACE_OUTER_BOUND('',#374,.T.);
#244=FACE_OUTER_BOUND('',#375,.T.);
#245=FACE_OUTER_BOUND('',#376,.T.);
#246=FACE_OUTER_BOUND('',#377,.T.);
#247=FACE_OUTER_BOUND('',#378,.T.);
#248=FACE_OUTER_BOUND('',#379,.T.);
#249=FACE_OUTER_BOUND('',#380,.T.);
#250=FACE_OUTER_BOUND('',#381,.T.);
#251=FACE_OUTER_BOUND('',#382,.T.);
#252=FACE_OUTER_BOUND('',#383,.T.);
#253=FACE_OUTER_BOUND('',#384,.T.);
#254=FACE_OUTER_BOUND('',#385,.T.);
#255=FACE_OUTER_BOUND('',#391,.T.);
#256=FACE_OUTER_BOUND('',#392,.T.);
#257=FACE_OUTER_BOUND('',#393,.T.);
#258=FACE_OUTER_BOUND('',#394,.T.);
#259=FACE_OUTER_BOUND('',#395,.T.);
#260=FACE_OUTER_BOUND('',#396,.T.);
#261=FACE_OUTER_BOUND('',#397,.T.);
#262=FACE_OUTER_BOUND('',#398,.T.);
#263=FACE_OUTER_BOUND('',#399,.T.);
#264=FACE_OUTER_BOUND('',#405,.T.);
#265=FACE_OUTER_BOUND('',#406,.T.);
#266=FACE_OUTER_BOUND('',#407,.T.);
#267=FACE_OUTER_BOUND('',#408,.T.);
#268=FACE_OUTER_BOUND('',#409,.T.);
#269=FACE_OUTER_BOUND('',#410,.T.);
#270=FACE_OUTER_BOUND('',#411,.T.);
#271=FACE_OUTER_BOUND('',#412,.T.);
#272=FACE_OUTER_BOUND('',#413,.T.);
#273=FACE_OUTER_BOUND('',#414,.T.);
#274=FACE_OUTER_BOUND('',#416,.T.);
#275=FACE_OUTER_BOUND('',#417,.T.);
#276=FACE_OUTER_BOUND('',#418,.T.);
#277=FACE_OUTER_BOUND('',#420,.T.);
#278=FACE_OUTER_BOUND('',#427,.T.);
#279=FACE_OUTER_BOUND('',#428,.T.);
#280=FACE_OUTER_BOUND('',#429,.T.);
#281=FACE_OUTER_BOUND('',#430,.T.);
#282=FACE_OUTER_BOUND('',#431,.T.);
#283=FACE_OUTER_BOUND('',#432,.T.);
#284=FACE_OUTER_BOUND('',#433,.T.);
#285=FACE_OUTER_BOUND('',#434,.T.);
#286=FACE_OUTER_BOUND('',#435,.T.);
#287=FACE_OUTER_BOUND('',#436,.T.);
#288=FACE_OUTER_BOUND('',#437,.T.);
#289=EDGE_LOOP('',(#1480,#1481,#1482,#1483));
#290=EDGE_LOOP('',(#1484));
#291=EDGE_LOOP('',(#1485,#1486,#1487,#1488));
#292=EDGE_LOOP('',(#1489));
#293=EDGE_LOOP('',(#1490));
#294=EDGE_LOOP('',(#1491));
#295=EDGE_LOOP('',(#1492,#1493,#1494,#1495));
#296=EDGE_LOOP('',(#1496,#1497,#1498,#1499));
#297=EDGE_LOOP('',(#1500,#1501,#1502,#1503));
#298=EDGE_LOOP('',(#1504,#1505,#1506,#1507));
#299=EDGE_LOOP('',(#1508,#1509,#1510,#1511));
#300=EDGE_LOOP('',(#1512,#1513,#1514,#1515));
#301=EDGE_LOOP('',(#1516,#1517,#1518,#1519,#1520,#1521,#1522,#1523,#1524));
#302=EDGE_LOOP('',(#1525,#1526,#1527,#1528,#1529,#1530));
#303=EDGE_LOOP('',(#1531,#1532,#1533,#1534,#1535,#1536));
#304=EDGE_LOOP('',(#1537,#1538,#1539,#1540,#1541,#1542,#1543,#1544));
#305=EDGE_LOOP('',(#1545,#1546,#1547,#1548,#1549,#1550,#1551,#1552,#1553));
#306=EDGE_LOOP('',(#1554,#1555,#1556,#1557));
#307=EDGE_LOOP('',(#1558,#1559,#1560,#1561));
#308=EDGE_LOOP('',(#1562,#1563,#1564,#1565));
#309=EDGE_LOOP('',(#1566,#1567,#1568,#1569));
#310=EDGE_LOOP('',(#1570,#1571,#1572,#1573));
#311=EDGE_LOOP('',(#1574,#1575,#1576,#1577));
#312=EDGE_LOOP('',(#1578,#1579,#1580,#1581));
#313=EDGE_LOOP('',(#1582,#1583,#1584,#1585));
#314=EDGE_LOOP('',(#1586,#1587,#1588,#1589));
#315=EDGE_LOOP('',(#1590,#1591,#1592,#1593));
#316=EDGE_LOOP('',(#1594,#1595,#1596,#1597));
#317=EDGE_LOOP('',(#1598,#1599,#1600,#1601));
#318=EDGE_LOOP('',(#1602,#1603,#1604,#1605));
#319=EDGE_LOOP('',(#1606,#1607,#1608,#1609));
#320=EDGE_LOOP('',(#1610,#1611,#1612,#1613));
#321=EDGE_LOOP('',(#1614,#1615,#1616,#1617));
#322=EDGE_LOOP('',(#1618,#1619,#1620,#1621));
#323=EDGE_LOOP('',(#1622,#1623,#1624,#1625));
#324=EDGE_LOOP('',(#1626,#1627,#1628,#1629));
#325=EDGE_LOOP('',(#1630,#1631,#1632,#1633,#1634));
#326=EDGE_LOOP('',(#1635,#1636,#1637,#1638));
#327=EDGE_LOOP('',(#1639,#1640,#1641,#1642));
#328=EDGE_LOOP('',(#1643,#1644,#1645,#1646));
#329=EDGE_LOOP('',(#1647,#1648,#1649,#1650,#1651));
#330=EDGE_LOOP('',(#1652,#1653,#1654,#1655,#1656,#1657,#1658,#1659,#1660,
#1661,#1662,#1663));
#331=EDGE_LOOP('',(#1664,#1665,#1666,#1667,#1668,#1669,#1670,#1671,#1672,
#1673,#1674,#1675));
#332=EDGE_LOOP('',(#1676,#1677,#1678,#1679,#1680,#1681));
#333=EDGE_LOOP('',(#1682,#1683,#1684,#1685));
#334=EDGE_LOOP('',(#1686,#1687,#1688,#1689));
#335=EDGE_LOOP('',(#1690,#1691,#1692,#1693));
#336=EDGE_LOOP('',(#1694,#1695,#1696,#1697));
#337=EDGE_LOOP('',(#1698,#1699,#1700,#1701));
#338=EDGE_LOOP('',(#1702,#1703,#1704,#1705));
#339=EDGE_LOOP('',(#1706,#1707,#1708,#1709));
#340=EDGE_LOOP('',(#1710,#1711,#1712,#1713));
#341=EDGE_LOOP('',(#1714,#1715,#1716,#1717));
#342=EDGE_LOOP('',(#1718,#1719,#1720,#1721));
#343=EDGE_LOOP('',(#1722,#1723,#1724,#1725));
#344=EDGE_LOOP('',(#1726,#1727,#1728,#1729));
#345=EDGE_LOOP('',(#1730,#1731,#1732,#1733));
#346=EDGE_LOOP('',(#1734,#1735,#1736,#1737));
#347=EDGE_LOOP('',(#1738,#1739,#1740,#1741));
#348=EDGE_LOOP('',(#1742,#1743,#1744,#1745));
#349=EDGE_LOOP('',(#1746,#1747,#1748,#1749));
#350=EDGE_LOOP('',(#1750,#1751,#1752,#1753));
#351=EDGE_LOOP('',(#1754,#1755,#1756,#1757,#1758,#1759,#1760,#1761,#1762,
#1763,#1764,#1765));
#352=EDGE_LOOP('',(#1766,#1767,#1768,#1769));
#353=EDGE_LOOP('',(#1770,#1771,#1772,#1773,#1774,#1775,#1776,#1777,#1778,
#1779,#1780,#1781));
#354=EDGE_LOOP('',(#1782,#1783,#1784,#1785));
#355=EDGE_LOOP('',(#1786,#1787,#1788,#1789));
#356=EDGE_LOOP('',(#1790,#1791,#1792,#1793));
#357=EDGE_LOOP('',(#1794,#1795,#1796,#1797));
#358=EDGE_LOOP('',(#1798));
#359=EDGE_LOOP('',(#1799,#1800,#1801,#1802));
#360=EDGE_LOOP('',(#1803,#1804,#1805,#1806));
#361=EDGE_LOOP('',(#1807,#1808,#1809,#1810));
#362=EDGE_LOOP('',(#1811,#1812,#1813,#1814));
#363=EDGE_LOOP('',(#1815,#1816,#1817,#1818));
#364=EDGE_LOOP('',(#1819,#1820,#1821,#1822));
#365=EDGE_LOOP('',(#1823));
#366=EDGE_LOOP('',(#1824));
#367=EDGE_LOOP('',(#1825,#1826,#1827,#1828));
#368=EDGE_LOOP('',(#1829,#1830,#1831,#1832));
#369=EDGE_LOOP('',(#1833,#1834,#1835,#1836));
#370=EDGE_LOOP('',(#1837,#1838,#1839,#1840));
#371=EDGE_LOOP('',(#1841,#1842,#1843,#1844));
#372=EDGE_LOOP('',(#1845,#1846,#1847,#1848));
#373=EDGE_LOOP('',(#1849,#1850,#1851,#1852));
#374=EDGE_LOOP('',(#1853,#1854,#1855,#1856));
#375=EDGE_LOOP('',(#1857,#1858,#1859,#1860));
#376=EDGE_LOOP('',(#1861,#1862,#1863,#1864));
#377=EDGE_LOOP('',(#1865,#1866,#1867,#1868,#1869,#1870,#1871,#1872,#1873,
#1874,#1875,#1876,#1877,#1878,#1879,#1880));
#378=EDGE_LOOP('',(#1881,#1882,#1883,#1884));
#379=EDGE_LOOP('',(#1885,#1886,#1887,#1888));
#380=EDGE_LOOP('',(#1889,#1890,#1891,#1892));
#381=EDGE_LOOP('',(#1893,#1894,#1895,#1896));
#382=EDGE_LOOP('',(#1897,#1898,#1899,#1900));
#383=EDGE_LOOP('',(#1901,#1902,#1903,#1904));
#384=EDGE_LOOP('',(#1905,#1906,#1907,#1908,#1909,#1910));
#385=EDGE_LOOP('',(#1911,#1912,#1913,#1914,#1915));
#386=EDGE_LOOP('',(#1916,#1917,#1918,#1919));
#387=EDGE_LOOP('',(#1920));
#388=EDGE_LOOP('',(#1921,#1922,#1923,#1924));
#389=EDGE_LOOP('',(#1925,#1926,#1927,#1928));
#390=EDGE_LOOP('',(#1929,#1930,#1931,#1932));
#391=EDGE_LOOP('',(#1933));
#392=EDGE_LOOP('',(#1934,#1935,#1936,#1937,#1938));
#393=EDGE_LOOP('',(#1939,#1940));
#394=EDGE_LOOP('',(#1941,#1942,#1943,#1944,#1945,#1946));
#395=EDGE_LOOP('',(#1947,#1948));
#396=EDGE_LOOP('',(#1949,#1950,#1951,#1952,#1953,#1954,#1955,#1956));
#397=EDGE_LOOP('',(#1957));
#398=EDGE_LOOP('',(#1958,#1959,#1960,#1961));
#399=EDGE_LOOP('',(#1962,#1963,#1964,#1965,#1966,#1967,#1968,#1969));
#400=EDGE_LOOP('',(#1970));
#401=EDGE_LOOP('',(#1971));
#402=EDGE_LOOP('',(#1972));
#403=EDGE_LOOP('',(#1973));
#404=EDGE_LOOP('',(#1974));
#405=EDGE_LOOP('',(#1975,#1976,#1977,#1978));
#406=EDGE_LOOP('',(#1979,#1980,#1981,#1982));
#407=EDGE_LOOP('',(#1983,#1984,#1985,#1986));
#408=EDGE_LOOP('',(#1987,#1988,#1989,#1990));
#409=EDGE_LOOP('',(#1991,#1992,#1993,#1994));
#410=EDGE_LOOP('',(#1995,#1996,#1997,#1998));
#411=EDGE_LOOP('',(#1999,#2000,#2001,#2002));
#412=EDGE_LOOP('',(#2003,#2004,#2005,#2006));
#413=EDGE_LOOP('',(#2007,#2008,#2009,#2010));
#414=EDGE_LOOP('',(#2011));
#415=EDGE_LOOP('',(#2012));
#416=EDGE_LOOP('',(#2013,#2014,#2015,#2016));
#417=EDGE_LOOP('',(#2017,#2018,#2019,#2020));
#418=EDGE_LOOP('',(#2021));
#419=EDGE_LOOP('',(#2022));
#420=EDGE_LOOP('',(#2023,#2024,#2025,#2026,#2027,#2028,#2029,#2030));
#421=EDGE_LOOP('',(#2031));
#422=EDGE_LOOP('',(#2032));
#423=EDGE_LOOP('',(#2033));
#424=EDGE_LOOP('',(#2034));
#425=EDGE_LOOP('',(#2035));
#426=EDGE_LOOP('',(#2036));
#427=EDGE_LOOP('',(#2037,#2038,#2039,#2040));
#428=EDGE_LOOP('',(#2041,#2042,#2043,#2044));
#429=EDGE_LOOP('',(#2045,#2046,#2047,#2048));
#430=EDGE_LOOP('',(#2049,#2050,#2051,#2052));
#431=EDGE_LOOP('',(#2053,#2054,#2055,#2056));
#432=EDGE_LOOP('',(#2057,#2058,#2059,#2060));
#433=EDGE_LOOP('',(#2061,#2062,#2063,#2064));
#434=EDGE_LOOP('',(#2065,#2066,#2067,#2068));
#435=EDGE_LOOP('',(#2069));
#436=EDGE_LOOP('',(#2070,#2071,#2072,#2073));
#437=EDGE_LOOP('',(#2074,#2075,#2076,#2077));
#438=LINE('',#3027,#688);
#439=LINE('',#3034,#689);
#440=LINE('',#3042,#690);
#441=LINE('',#3044,#691);
#442=LINE('',#3046,#692);
#443=LINE('',#3047,#693);
#444=LINE('',#3050,#694);
#445=LINE('',#3052,#695);
#446=LINE('',#3053,#696);
#447=LINE('',#3057,#697);
#448=LINE('',#3059,#698);
#449=LINE('',#3061,#699);
#450=LINE('',#3062,#700);
#451=LINE('',#3065,#701);
#452=LINE('',#3067,#702);
#453=LINE('',#3068,#703);
#454=LINE('',#3072,#704);
#455=LINE('',#3074,#705);
#456=LINE('',#3076,#706);
#457=LINE('',#3077,#707);
#458=LINE('',#3079,#708);
#459=LINE('',#3080,#709);
#460=LINE('',#3083,#710);
#461=LINE('',#3085,#711);
#462=LINE('',#3087,#712);
#463=LINE('',#3089,#713);
#464=LINE('',#3091,#714);
#465=LINE('',#3092,#715);
#466=LINE('',#3095,#716);
#467=LINE('',#3097,#717);
#468=LINE('',#3099,#718);
#469=LINE('',#3101,#719);
#470=LINE('',#3102,#720);
#471=LINE('',#3105,#721);
#472=LINE('',#3107,#722);
#473=LINE('',#3109,#723);
#474=LINE('',#3110,#724);
#475=LINE('',#3113,#725);
#476=LINE('',#3114,#726);
#477=LINE('',#3116,#727);
#478=LINE('',#3118,#728);
#479=LINE('',#3119,#729);
#480=LINE('',#3122,#730);
#481=LINE('',#3124,#731);
#482=LINE('',#3126,#732);
#483=LINE('',#3127,#733);
#484=LINE('',#3131,#734);
#485=LINE('',#3133,#735);
#486=LINE('',#3135,#736);
#487=LINE('',#3136,#737);
#488=LINE('',#3140,#738);
#489=LINE('',#3142,#739);
#490=LINE('',#3144,#740);
#491=LINE('',#3145,#741);
#492=LINE('',#3149,#742);
#493=LINE('',#3151,#743);
#494=LINE('',#3153,#744);
#495=LINE('',#3154,#745);
#496=LINE('',#3158,#746);
#497=LINE('',#3160,#747);
#498=LINE('',#3162,#748);
#499=LINE('',#3163,#749);
#500=LINE('',#3167,#750);
#501=LINE('',#3169,#751);
#502=LINE('',#3171,#752);
#503=LINE('',#3172,#753);
#504=LINE('',#3176,#754);
#505=LINE('',#3178,#755);
#506=LINE('',#3180,#756);
#507=LINE('',#3181,#757);
#508=LINE('',#3184,#758);
#509=LINE('',#3186,#759);
#510=LINE('',#3187,#760);
#511=LINE('',#3190,#761);
#512=LINE('',#3191,#762);
#513=LINE('',#3194,#763);
#514=LINE('',#3196,#764);
#515=LINE('',#3197,#765);
#516=LINE('',#3200,#766);
#517=LINE('',#3201,#767);
#518=LINE('',#3204,#768);
#519=LINE('',#3206,#769);
#520=LINE('',#3207,#770);
#521=LINE('',#3210,#771);
#522=LINE('',#3211,#772);
#523=LINE('',#3214,#773);
#524=LINE('',#3216,#774);
#525=LINE('',#3217,#775);
#526=LINE('',#3220,#776);
#527=LINE('',#3221,#777);
#528=LINE('',#3224,#778);
#529=LINE('',#3226,#779);
#530=LINE('',#3227,#780);
#531=LINE('',#3230,#781);
#532=LINE('',#3231,#782);
#533=LINE('',#3234,#783);
#534=LINE('',#3236,#784);
#535=LINE('',#3237,#785);
#536=LINE('',#3240,#786);
#537=LINE('',#3241,#787);
#538=LINE('',#3245,#788);
#539=LINE('',#3247,#789);
#540=LINE('',#3249,#790);
#541=LINE('',#3250,#791);
#542=LINE('',#3254,#792);
#543=LINE('',#3256,#793);
#544=LINE('',#3257,#794);
#545=LINE('',#3258,#795);
#546=LINE('',#3261,#796);
#547=LINE('',#3263,#797);
#548=LINE('',#3264,#798);
#549=LINE('',#3268,#799);
#550=LINE('',#3270,#800);
#551=LINE('',#3272,#801);
#552=LINE('',#3273,#802);
#553=LINE('',#3277,#803);
#554=LINE('',#3279,#804);
#555=LINE('',#3281,#805);
#556=LINE('',#3282,#806);
#557=LINE('',#3285,#807);
#558=LINE('',#3286,#808);
#559=LINE('',#3287,#809);
#560=LINE('',#3290,#810);
#561=LINE('',#3291,#811);
#562=LINE('',#3292,#812);
#563=LINE('',#3294,#813);
#564=LINE('',#3295,#814);
#565=LINE('',#3296,#815);
#566=LINE('',#3298,#816);
#567=LINE('',#3300,#817);
#568=LINE('',#3302,#818);
#569=LINE('',#3303,#819);
#570=LINE('',#3304,#820);
#571=LINE('',#3305,#821);
#572=LINE('',#3308,#822);
#573=LINE('',#3310,#823);
#574=LINE('',#3311,#824);
#575=LINE('',#3313,#825);
#576=LINE('',#3314,#826);
#577=LINE('',#3316,#827);
#578=LINE('',#3317,#828);
#579=LINE('',#3319,#829);
#580=LINE('',#3320,#830);
#581=LINE('',#3322,#831);
#582=LINE('',#3323,#832);
#583=LINE('',#3325,#833);
#584=LINE('',#3326,#834);
#585=LINE('',#3328,#835);
#586=LINE('',#3329,#836);
#587=LINE('',#3331,#837);
#588=LINE('',#3334,#838);
#589=LINE('',#3337,#839);
#590=LINE('',#3340,#840);
#591=LINE('',#3343,#841);
#592=LINE('',#3346,#842);
#593=LINE('',#3349,#843);
#594=LINE('',#3350,#844);
#595=LINE('',#3352,#845);
#596=LINE('',#3354,#846);
#597=LINE('',#3357,#847);
#598=LINE('',#3358,#848);
#599=LINE('',#3361,#849);
#600=LINE('',#3362,#850);
#601=LINE('',#3364,#851);
#602=LINE('',#3369,#852);
#603=LINE('',#3375,#853);
#604=LINE('',#3377,#854);
#605=LINE('',#3379,#855);
#606=LINE('',#3380,#856);
#607=LINE('',#3383,#857);
#608=LINE('',#3385,#858);
#609=LINE('',#3386,#859);
#610=LINE('',#3389,#860);
#611=LINE('',#3391,#861);
#612=LINE('',#3392,#862);
#613=LINE('',#3394,#863);
#614=LINE('',#3395,#864);
#615=LINE('',#3401,#865);
#616=LINE('',#3407,#866);
#617=LINE('',#3409,#867);
#618=LINE('',#3411,#868);
#619=LINE('',#3412,#869);
#620=LINE('',#3415,#870);
#621=LINE('',#3417,#871);
#622=LINE('',#3418,#872);
#623=LINE('',#3421,#873);
#624=LINE('',#3423,#874);
#625=LINE('',#3424,#875);
#626=LINE('',#3426,#876);
#627=LINE('',#3427,#877);
#628=LINE('',#3432,#878);
#629=LINE('',#3434,#879);
#630=LINE('',#3436,#880);
#631=LINE('',#3437,#881);
#632=LINE('',#3440,#882);
#633=LINE('',#3442,#883);
#634=LINE('',#3443,#884);
#635=LINE('',#3446,#885);
#636=LINE('',#3448,#886);
#637=LINE('',#3449,#887);
#638=LINE('',#3451,#888);
#639=LINE('',#3452,#889);
#640=LINE('',#3460,#890);
#641=LINE('',#3462,#891);
#642=LINE('',#3464,#892);
#643=LINE('',#3465,#893);
#644=LINE('',#3468,#894);
#645=LINE('',#3470,#895);
#646=LINE('',#3471,#896);
#647=LINE('',#3474,#897);
#648=LINE('',#3476,#898);
#649=LINE('',#3477,#899);
#650=LINE('',#3479,#900);
#651=LINE('',#3480,#901);
#652=LINE('',#3487,#902);
#653=LINE('',#3507,#903);
#654=LINE('',#3510,#904);
#655=LINE('',#3512,#905);
#656=LINE('',#3513,#906);
#657=LINE('',#3519,#907);
#658=LINE('',#3525,#908);
#659=LINE('',#3532,#909);
#660=LINE('',#3536,#910);
#661=LINE('',#3540,#911);
#662=LINE('',#3543,#912);
#663=LINE('',#3554,#913);
#664=LINE('',#3558,#914);
#665=LINE('',#3562,#915);
#666=LINE('',#3566,#916);
#667=LINE('',#3570,#917);
#668=LINE('',#3574,#918);
#669=LINE('',#3578,#919);
#670=LINE('',#3584,#920);
#671=LINE('',#3588,#921);
#672=LINE('',#3597,#922);
#673=LINE('',#3600,#923);
#674=LINE('',#3609,#924);
#675=LINE('',#3613,#925);
#676=LINE('',#3617,#926);
#677=LINE('',#3620,#927);
#678=LINE('',#3624,#928);
#679=LINE('',#3625,#929);
#680=LINE('',#3627,#930);
#681=LINE('',#3629,#931);
#682=LINE('',#3631,#932);
#683=LINE('',#3633,#933);
#684=LINE('',#3635,#934);
#685=LINE('',#3637,#935);
#686=LINE('',#3643,#936);
#687=LINE('',#3645,#937);
#688=VECTOR('',#2429,4.);
#689=VECTOR('',#2438,16.5);
#690=VECTOR('',#2449,10.);
#691=VECTOR('',#2450,10.);
#692=VECTOR('',#2451,10.);
#693=VECTOR('',#2452,10.);
#694=VECTOR('',#2455,10.);
#695=VECTOR('',#2456,10.);
#696=VECTOR('',#2457,10.);
#697=VECTOR('',#2460,10.);
#698=VECTOR('',#2461,10.);
#699=VECTOR('',#2462,10.);
#700=VECTOR('',#2463,10.);
#701=VECTOR('',#2466,10.);
#702=VECTOR('',#2467,10.);
#703=VECTOR('',#2468,10.);
#704=VECTOR('',#2471,10.);
#705=VECTOR('',#2472,10.);
#706=VECTOR('',#2473,10.);
#707=VECTOR('',#2474,10.);
#708=VECTOR('',#2477,10.);
#709=VECTOR('',#2478,10.);
#710=VECTOR('',#2481,10.);
#711=VECTOR('',#2482,10.);
#712=VECTOR('',#2483,10.);
#713=VECTOR('',#2484,10.);
#714=VECTOR('',#2485,10.);
#715=VECTOR('',#2486,10.);
#716=VECTOR('',#2489,10.);
#717=VECTOR('',#2490,10.);
#718=VECTOR('',#2491,10.);
#719=VECTOR('',#2492,10.);
#720=VECTOR('',#2493,10.);
#721=VECTOR('',#2496,10.);
#722=VECTOR('',#2497,10.);
#723=VECTOR('',#2498,10.);
#724=VECTOR('',#2499,10.);
#725=VECTOR('',#2502,10.);
#726=VECTOR('',#2503,10.);
#727=VECTOR('',#2504,10.);
#728=VECTOR('',#2505,10.);
#729=VECTOR('',#2506,10.);
#730=VECTOR('',#2509,10.);
#731=VECTOR('',#2510,10.);
#732=VECTOR('',#2511,10.);
#733=VECTOR('',#2512,10.);
#734=VECTOR('',#2515,10.);
#735=VECTOR('',#2516,10.);
#736=VECTOR('',#2517,10.);
#737=VECTOR('',#2518,10.);
#738=VECTOR('',#2521,10.);
#739=VECTOR('',#2522,10.);
#740=VECTOR('',#2523,10.);
#741=VECTOR('',#2524,10.);
#742=VECTOR('',#2527,10.);
#743=VECTOR('',#2528,10.);
#744=VECTOR('',#2529,10.);
#745=VECTOR('',#2530,10.);
#746=VECTOR('',#2533,10.);
#747=VECTOR('',#2534,10.);
#748=VECTOR('',#2535,10.);
#749=VECTOR('',#2536,10.);
#750=VECTOR('',#2539,10.);
#751=VECTOR('',#2540,10.);
#752=VECTOR('',#2541,10.);
#753=VECTOR('',#2542,10.);
#754=VECTOR('',#2545,10.);
#755=VECTOR('',#2546,10.);
#756=VECTOR('',#2547,10.);
#757=VECTOR('',#2548,10.);
#758=VECTOR('',#2551,10.);
#759=VECTOR('',#2552,10.);
#760=VECTOR('',#2553,10.);
#761=VECTOR('',#2556,10.);
#762=VECTOR('',#2557,10.);
#763=VECTOR('',#2560,10.);
#764=VECTOR('',#2561,10.);
#765=VECTOR('',#2562,10.);
#766=VECTOR('',#2565,10.);
#767=VECTOR('',#2566,10.);
#768=VECTOR('',#2569,10.);
#769=VECTOR('',#2570,10.);
#770=VECTOR('',#2571,10.);
#771=VECTOR('',#2574,10.);
#772=VECTOR('',#2575,10.);
#773=VECTOR('',#2578,10.);
#774=VECTOR('',#2579,10.);
#775=VECTOR('',#2580,10.);
#776=VECTOR('',#2583,10.);
#777=VECTOR('',#2584,10.);
#778=VECTOR('',#2587,10.);
#779=VECTOR('',#2588,10.);
#780=VECTOR('',#2589,10.);
#781=VECTOR('',#2592,10.);
#782=VECTOR('',#2593,10.);
#783=VECTOR('',#2596,10.);
#784=VECTOR('',#2597,10.);
#785=VECTOR('',#2598,10.);
#786=VECTOR('',#2601,10.);
#787=VECTOR('',#2602,10.);
#788=VECTOR('',#2605,10.);
#789=VECTOR('',#2606,10.);
#790=VECTOR('',#2607,10.);
#791=VECTOR('',#2608,10.);
#792=VECTOR('',#2611,10.);
#793=VECTOR('',#2612,10.);
#794=VECTOR('',#2613,10.);
#795=VECTOR('',#2614,10.);
#796=VECTOR('',#2617,10.);
#797=VECTOR('',#2618,10.);
#798=VECTOR('',#2619,10.);
#799=VECTOR('',#2622,10.);
#800=VECTOR('',#2623,10.);
#801=VECTOR('',#2624,10.);
#802=VECTOR('',#2625,10.);
#803=VECTOR('',#2628,10.);
#804=VECTOR('',#2629,10.);
#805=VECTOR('',#2630,10.);
#806=VECTOR('',#2631,10.);
#807=VECTOR('',#2634,10.);
#808=VECTOR('',#2635,10.);
#809=VECTOR('',#2636,10.);
#810=VECTOR('',#2639,10.);
#811=VECTOR('',#2640,10.);
#812=VECTOR('',#2641,10.);
#813=VECTOR('',#2642,10.);
#814=VECTOR('',#2643,10.);
#815=VECTOR('',#2644,10.);
#816=VECTOR('',#2647,10.);
#817=VECTOR('',#2648,10.);
#818=VECTOR('',#2649,10.);
#819=VECTOR('',#2650,10.);
#820=VECTOR('',#2651,10.);
#821=VECTOR('',#2652,10.);
#822=VECTOR('',#2655,10.);
#823=VECTOR('',#2656,10.);
#824=VECTOR('',#2657,10.);
#825=VECTOR('',#2658,10.);
#826=VECTOR('',#2659,10.);
#827=VECTOR('',#2660,10.);
#828=VECTOR('',#2661,10.);
#829=VECTOR('',#2662,10.);
#830=VECTOR('',#2663,10.);
#831=VECTOR('',#2664,10.);
#832=VECTOR('',#2665,10.);
#833=VECTOR('',#2666,10.);
#834=VECTOR('',#2667,10.);
#835=VECTOR('',#2668,10.);
#836=VECTOR('',#2669,10.);
#837=VECTOR('',#2672,10.);
#838=VECTOR('',#2677,10.);
#839=VECTOR('',#2682,10.);
#840=VECTOR('',#2687,10.);
#841=VECTOR('',#2692,10.);
#842=VECTOR('',#2697,10.);
#843=VECTOR('',#2702,10.);
#844=VECTOR('',#2703,10.);
#845=VECTOR('',#2706,10.);
#846=VECTOR('',#2709,10.);
#847=VECTOR('',#2712,10.);
#848=VECTOR('',#2713,10.);
#849=VECTOR('',#2716,10.);
#850=VECTOR('',#2717,10.);
#851=VECTOR('',#2720,10.);
#852=VECTOR('',#2725,1.);
#853=VECTOR('',#2732,10.);
#854=VECTOR('',#2733,10.);
#855=VECTOR('',#2734,10.);
#856=VECTOR('',#2735,10.);
#857=VECTOR('',#2738,10.);
#858=VECTOR('',#2739,10.);
#859=VECTOR('',#2740,10.);
#860=VECTOR('',#2743,10.);
#861=VECTOR('',#2744,10.);
#862=VECTOR('',#2745,10.);
#863=VECTOR('',#2748,10.);
#864=VECTOR('',#2749,10.);
#865=VECTOR('',#2756,6.75);
#866=VECTOR('',#2763,10.);
#867=VECTOR('',#2764,10.);
#868=VECTOR('',#2765,10.);
#869=VECTOR('',#2766,10.);
#870=VECTOR('',#2769,10.);
#871=VECTOR('',#2770,10.);
#872=VECTOR('',#2771,10.);
#873=VECTOR('',#2774,10.);
#874=VECTOR('',#2775,10.);
#875=VECTOR('',#2776,10.);
#876=VECTOR('',#2779,10.);
#877=VECTOR('',#2780,10.);
#878=VECTOR('',#2785,10.);
#879=VECTOR('',#2786,10.);
#880=VECTOR('',#2787,10.);
#881=VECTOR('',#2788,10.);
#882=VECTOR('',#2791,10.);
#883=VECTOR('',#2792,10.);
#884=VECTOR('',#2793,10.);
#885=VECTOR('',#2796,10.);
#886=VECTOR('',#2797,10.);
#887=VECTOR('',#2798,10.);
#888=VECTOR('',#2801,10.);
#889=VECTOR('',#2802,10.);
#890=VECTOR('',#2813,10.);
#891=VECTOR('',#2814,10.);
#892=VECTOR('',#2815,10.);
#893=VECTOR('',#2816,10.);
#894=VECTOR('',#2819,10.);
#895=VECTOR('',#2820,10.);
#896=VECTOR('',#2821,10.);
#897=VECTOR('',#2824,10.);
#898=VECTOR('',#2825,10.);
#899=VECTOR('',#2826,10.);
#900=VECTOR('',#2829,10.);
#901=VECTOR('',#2830,10.);
#902=VECTOR('',#2839,15.);
#903=VECTOR('',#2856,10.);
#904=VECTOR('',#2859,10.);
#905=VECTOR('',#2860,10.);
#906=VECTOR('',#2861,10.);
#907=VECTOR('',#2870,3.);
#908=VECTOR('',#2877,2.75);
#909=VECTOR('',#2884,10.);
#910=VECTOR('',#2887,10.);
#911=VECTOR('',#2890,10.);
#912=VECTOR('',#2893,10.);
#913=VECTOR('',#2904,1.5);
#914=VECTOR('',#2909,2.75);
#915=VECTOR('',#2914,1.5);
#916=VECTOR('',#2919,2.75);
#917=VECTOR('',#2924,1.5);
#918=VECTOR('',#2929,2.75);
#919=VECTOR('',#2934,1.5);
#920=VECTOR('',#2941,5.75);
#921=VECTOR('',#2946,6.);
#922=VECTOR('',#2957,5.75);
#923=VECTOR('',#2962,6.);
#924=VECTOR('',#2971,10.);
#925=VECTOR('',#2974,10.);
#926=VECTOR('',#2977,10.);
#927=VECTOR('',#2980,10.);
#928=VECTOR('',#2985,10.);
#929=VECTOR('',#2986,10.);
#930=VECTOR('',#2989,10.);
#931=VECTOR('',#2992,10.);
#932=VECTOR('',#2995,10.);
#933=VECTOR('',#2998,10.);
#934=VECTOR('',#3001,10.);
#935=VECTOR('',#3004,10.);
#936=VECTOR('',#3013,16.5);
#937=VECTOR('',#3016,3.1);
#938=CIRCLE('',#2249,4.);
#939=CIRCLE('',#2250,4.);
#940=CIRCLE('',#2253,16.5);
#941=CIRCLE('',#2254,16.5);
#942=CIRCLE('',#2315,1.);
#943=CIRCLE('',#2316,1.);
#944=CIRCLE('',#2324,6.75);
#945=CIRCLE('',#2325,6.75);
#946=CIRCLE('',#2339,15.);
#947=CIRCLE('',#2346,15.);
#948=CIRCLE('',#2347,15.);
#949=CIRCLE('',#2348,15.);
#950=CIRCLE('',#2352,2.7);
#951=CIRCLE('',#2353,3.);
#952=CIRCLE('',#2354,3.);
#953=CIRCLE('',#2358,3.);
#954=CIRCLE('',#2360,3.);
#955=CIRCLE('',#2363,4.);
#956=CIRCLE('',#2364,1.5);
#957=CIRCLE('',#2366,12.5);
#958=CIRCLE('',#2367,12.5);
#959=CIRCLE('',#2368,12.5);
#960=CIRCLE('',#2369,12.5);
#961=CIRCLE('',#2370,4.);
#962=CIRCLE('',#2371,4.);
#963=CIRCLE('',#2372,6.);
#964=CIRCLE('',#2373,4.);
#965=CIRCLE('',#2375,1.5);
#966=CIRCLE('',#2377,1.5);
#967=CIRCLE('',#2379,1.5);
#968=CIRCLE('',#2381,1.5);
#969=CIRCLE('',#2383,1.5);
#970=CIRCLE('',#2385,1.5);
#971=CIRCLE('',#2387,1.5);
#972=CIRCLE('',#2389,5.5);
#973=CIRCLE('',#2390,6.);
#974=CIRCLE('',#2392,6.);
#975=CIRCLE('',#2394,3.1);
#976=CIRCLE('',#2396,5.5);
#977=CIRCLE('',#2397,6.);
#978=CIRCLE('',#2400,3.1);
#979=CIRCLE('',#2402,12.5);
#980=CIRCLE('',#2403,12.5);
#981=CIRCLE('',#2404,12.5);
#982=CIRCLE('',#2405,12.5);
#983=CIRCLE('',#2406,16.5);
#984=CIRCLE('',#2416,16.5);
#985=VERTEX_POINT('',#3024);
#986=VERTEX_POINT('',#3026);
#987=VERTEX_POINT('',#3031);
#988=VERTEX_POINT('',#3033);
#989=VERTEX_POINT('',#3040);
#990=VERTEX_POINT('',#3041);
#991=VERTEX_POINT('',#3043);
#992=VERTEX_POINT('',#3045);
#993=VERTEX_POINT('',#3049);
#994=VERTEX_POINT('',#3051);
#995=VERTEX_POINT('',#3055);
#996=VERTEX_POINT('',#3056);
#997=VERTEX_POINT('',#3058);
#998=VERTEX_POINT('',#3060);
#999=VERTEX_POINT('',#3064);
#1000=VERTEX_POINT('',#3066);
#1001=VERTEX_POINT('',#3070);
#1002=VERTEX_POINT('',#3071);
#1003=VERTEX_POINT('',#3073);
#1004=VERTEX_POINT('',#3075);
#1005=VERTEX_POINT('',#3082);
#1006=VERTEX_POINT('',#3084);
#1007=VERTEX_POINT('',#3086);
#1008=VERTEX_POINT('',#3088);
#1009=VERTEX_POINT('',#3090);
#1010=VERTEX_POINT('',#3094);
#1011=VERTEX_POINT('',#3096);
#1012=VERTEX_POINT('',#3098);
#1013=VERTEX_POINT('',#3100);
#1014=VERTEX_POINT('',#3104);
#1015=VERTEX_POINT('',#3106);
#1016=VERTEX_POINT('',#3108);
#1017=VERTEX_POINT('',#3112);
#1018=VERTEX_POINT('',#3115);
#1019=VERTEX_POINT('',#3117);
#1020=VERTEX_POINT('',#3121);
#1021=VERTEX_POINT('',#3123);
#1022=VERTEX_POINT('',#3125);
#1023=VERTEX_POINT('',#3129);
#1024=VERTEX_POINT('',#3130);
#1025=VERTEX_POINT('',#3132);
#1026=VERTEX_POINT('',#3134);
#1027=VERTEX_POINT('',#3138);
#1028=VERTEX_POINT('',#3139);
#1029=VERTEX_POINT('',#3141);
#1030=VERTEX_POINT('',#3143);
#1031=VERTEX_POINT('',#3147);
#1032=VERTEX_POINT('',#3148);
#1033=VERTEX_POINT('',#3150);
#1034=VERTEX_POINT('',#3152);
#1035=VERTEX_POINT('',#3156);
#1036=VERTEX_POINT('',#3157);
#1037=VERTEX_POINT('',#3159);
#1038=VERTEX_POINT('',#3161);
#1039=VERTEX_POINT('',#3165);
#1040=VERTEX_POINT('',#3166);
#1041=VERTEX_POINT('',#3168);
#1042=VERTEX_POINT('',#3170);
#1043=VERTEX_POINT('',#3174);
#1044=VERTEX_POINT('',#3175);
#1045=VERTEX_POINT('',#3177);
#1046=VERTEX_POINT('',#3179);
#1047=VERTEX_POINT('',#3183);
#1048=VERTEX_POINT('',#3185);
#1049=VERTEX_POINT('',#3189);
#1050=VERTEX_POINT('',#3193);
#1051=VERTEX_POINT('',#3195);
#1052=VERTEX_POINT('',#3199);
#1053=VERTEX_POINT('',#3203);
#1054=VERTEX_POINT('',#3205);
#1055=VERTEX_POINT('',#3209);
#1056=VERTEX_POINT('',#3213);
#1057=VERTEX_POINT('',#3215);
#1058=VERTEX_POINT('',#3219);
#1059=VERTEX_POINT('',#3223);
#1060=VERTEX_POINT('',#3225);
#1061=VERTEX_POINT('',#3229);
#1062=VERTEX_POINT('',#3233);
#1063=VERTEX_POINT('',#3235);
#1064=VERTEX_POINT('',#3239);
#1065=VERTEX_POINT('',#3243);
#1066=VERTEX_POINT('',#3244);
#1067=VERTEX_POINT('',#3246);
#1068=VERTEX_POINT('',#3248);
#1069=VERTEX_POINT('',#3252);
#1070=VERTEX_POINT('',#3253);
#1071=VERTEX_POINT('',#3255);
#1072=VERTEX_POINT('',#3260);
#1073=VERTEX_POINT('',#3262);
#1074=VERTEX_POINT('',#3266);
#1075=VERTEX_POINT('',#3267);
#1076=VERTEX_POINT('',#3269);
#1077=VERTEX_POINT('',#3271);
#1078=VERTEX_POINT('',#3275);
#1079=VERTEX_POINT('',#3276);
#1080=VERTEX_POINT('',#3278);
#1081=VERTEX_POINT('',#3280);
#1082=VERTEX_POINT('',#3284);
#1083=VERTEX_POINT('',#3289);
#1084=VERTEX_POINT('',#3293);
#1085=VERTEX_POINT('',#3299);
#1086=VERTEX_POINT('',#3301);
#1087=VERTEX_POINT('',#3307);
#1088=VERTEX_POINT('',#3309);
#1089=VERTEX_POINT('',#3312);
#1090=VERTEX_POINT('',#3315);
#1091=VERTEX_POINT('',#3318);
#1092=VERTEX_POINT('',#3321);
#1093=VERTEX_POINT('',#3324);
#1094=VERTEX_POINT('',#3327);
#1095=VERTEX_POINT('',#3356);
#1096=VERTEX_POINT('',#3360);
#1097=VERTEX_POINT('',#3366);
#1098=VERTEX_POINT('',#3368);
#1099=VERTEX_POINT('',#3373);
#1100=VERTEX_POINT('',#3374);
#1101=VERTEX_POINT('',#3376);
#1102=VERTEX_POINT('',#3378);
#1103=VERTEX_POINT('',#3382);
#1104=VERTEX_POINT('',#3384);
#1105=VERTEX_POINT('',#3388);
#1106=VERTEX_POINT('',#3390);
#1107=VERTEX_POINT('',#3398);
#1108=VERTEX_POINT('',#3400);
#1109=VERTEX_POINT('',#3405);
#1110=VERTEX_POINT('',#3406);
#1111=VERTEX_POINT('',#3408);
#1112=VERTEX_POINT('',#3410);
#1113=VERTEX_POINT('',#3414);
#1114=VERTEX_POINT('',#3416);
#1115=VERTEX_POINT('',#3420);
#1116=VERTEX_POINT('',#3422);
#1117=VERTEX_POINT('',#3430);
#1118=VERTEX_POINT('',#3431);
#1119=VERTEX_POINT('',#3433);
#1120=VERTEX_POINT('',#3435);
#1121=VERTEX_POINT('',#3439);
#1122=VERTEX_POINT('',#3441);
#1123=VERTEX_POINT('',#3445);
#1124=VERTEX_POINT('',#3447);
#1125=VERTEX_POINT('',#3458);
#1126=VERTEX_POINT('',#3459);
#1127=VERTEX_POINT('',#3461);
#1128=VERTEX_POINT('',#3463);
#1129=VERTEX_POINT('',#3467);
#1130=VERTEX_POINT('',#3469);
#1131=VERTEX_POINT('',#3473);
#1132=VERTEX_POINT('',#3475);
#1133=VERTEX_POINT('',#3483);
#1134=VERTEX_POINT('',#3486);
#1135=VERTEX_POINT('',#3492);
#1136=VERTEX_POINT('',#3493);
#1137=VERTEX_POINT('',#3497);
#1138=VERTEX_POINT('',#3499);
#1139=VERTEX_POINT('',#3503);
#1140=VERTEX_POINT('',#3509);
#1141=VERTEX_POINT('',#3511);
#1142=VERTEX_POINT('',#3517);
#1143=VERTEX_POINT('',#3522);
#1144=VERTEX_POINT('',#3524);
#1145=VERTEX_POINT('',#3528);
#1146=VERTEX_POINT('',#3529);
#1147=VERTEX_POINT('',#3531);
#1148=VERTEX_POINT('',#3533);
#1149=VERTEX_POINT('',#3535);
#1150=VERTEX_POINT('',#3537);
#1151=VERTEX_POINT('',#3539);
#1152=VERTEX_POINT('',#3541);
#1153=VERTEX_POINT('',#3544);
#1154=VERTEX_POINT('',#3546);
#1155=VERTEX_POINT('',#3548);
#1156=VERTEX_POINT('',#3550);
#1157=VERTEX_POINT('',#3553);
#1158=VERTEX_POINT('',#3557);
#1159=VERTEX_POINT('',#3561);
#1160=VERTEX_POINT('',#3565);
#1161=VERTEX_POINT('',#3569);
#1162=VERTEX_POINT('',#3573);
#1163=VERTEX_POINT('',#3577);
#1164=VERTEX_POINT('',#3581);
#1165=VERTEX_POINT('',#3583);
#1166=VERTEX_POINT('',#3587);
#1167=VERTEX_POINT('',#3591);
#1168=VERTEX_POINT('',#3594);
#1169=VERTEX_POINT('',#3596);
#1170=VERTEX_POINT('',#3602);
#1171=VERTEX_POINT('',#3605);
#1172=VERTEX_POINT('',#3606);
#1173=VERTEX_POINT('',#3608);
#1174=VERTEX_POINT('',#3610);
#1175=VERTEX_POINT('',#3612);
#1176=VERTEX_POINT('',#3614);
#1177=VERTEX_POINT('',#3616);
#1178=VERTEX_POINT('',#3618);
#1179=VERTEX_POINT('',#3621);
#1180=VERTEX_POINT('',#3640);
#1181=EDGE_CURVE('',#985,#985,#938,.T.);
#1182=EDGE_CURVE('',#985,#986,#438,.T.);
#1183=EDGE_CURVE('',#986,#986,#939,.T.);
#1184=EDGE_CURVE('',#987,#987,#940,.T.);
#1185=EDGE_CURVE('',#987,#988,#439,.T.);
#1186=EDGE_CURVE('',#988,#988,#941,.T.);
#1187=EDGE_CURVE('',#989,#990,#440,.T.);
#1188=EDGE_CURVE('',#989,#991,#441,.T.);
#1189=EDGE_CURVE('',#992,#991,#442,.T.);
#1190=EDGE_CURVE('',#990,#992,#443,.T.);
#1191=EDGE_CURVE('',#993,#989,#444,.T.);
#1192=EDGE_CURVE('',#994,#993,#445,.T.);
#1193=EDGE_CURVE('',#991,#994,#446,.T.);
#1194=EDGE_CURVE('',#995,#996,#447,.T.);
#1195=EDGE_CURVE('',#997,#995,#448,.T.);
#1196=EDGE_CURVE('',#998,#997,#449,.T.);
#1197=EDGE_CURVE('',#996,#998,#450,.T.);
#1198=EDGE_CURVE('',#990,#999,#451,.T.);
#1199=EDGE_CURVE('',#1000,#992,#452,.T.);
#1200=EDGE_CURVE('',#999,#1000,#453,.T.);
#1201=EDGE_CURVE('',#1001,#1002,#454,.T.);
#1202=EDGE_CURVE('',#1003,#1001,#455,.T.);
#1203=EDGE_CURVE('',#1004,#1003,#456,.T.);
#1204=EDGE_CURVE('',#1004,#1002,#457,.T.);
#1205=EDGE_CURVE('',#1002,#995,#458,.T.);
#1206=EDGE_CURVE('',#997,#1004,#459,.T.);
#1207=EDGE_CURVE('',#1003,#1005,#460,.T.);
#1208=EDGE_CURVE('',#1006,#1005,#461,.T.);
#1209=EDGE_CURVE('',#1007,#1006,#462,.T.);
#1210=EDGE_CURVE('',#1008,#1007,#463,.T.);
#1211=EDGE_CURVE('',#1009,#1008,#464,.T.);
#1212=EDGE_CURVE('',#1009,#998,#465,.T.);
#1213=EDGE_CURVE('',#1000,#1010,#466,.T.);
#1214=EDGE_CURVE('',#1011,#1010,#467,.T.);
#1215=EDGE_CURVE('',#1011,#1012,#468,.T.);
#1216=EDGE_CURVE('',#1012,#1013,#469,.T.);
#1217=EDGE_CURVE('',#1013,#999,#470,.T.);
#1218=EDGE_CURVE('',#1001,#1014,#471,.T.);
#1219=EDGE_CURVE('',#1014,#1015,#472,.T.);
#1220=EDGE_CURVE('',#1015,#1016,#473,.T.);
#1221=EDGE_CURVE('',#1005,#1016,#474,.T.);
#1222=EDGE_CURVE('',#1017,#1009,#475,.T.);
#1223=EDGE_CURVE('',#1017,#994,#476,.T.);
#1224=EDGE_CURVE('',#993,#1018,#477,.T.);
#1225=EDGE_CURVE('',#1018,#1019,#478,.T.);
#1226=EDGE_CURVE('',#1019,#996,#479,.T.);
#1227=EDGE_CURVE('',#1020,#1017,#480,.T.);
#1228=EDGE_CURVE('',#1021,#1020,#481,.T.);
#1229=EDGE_CURVE('',#1021,#1022,#482,.T.);
#1230=EDGE_CURVE('',#1010,#1022,#483,.T.);
#1231=EDGE_CURVE('',#1023,#1024,#484,.T.);
#1232=EDGE_CURVE('',#1025,#1023,#485,.T.);
#1233=EDGE_CURVE('',#1026,#1025,#486,.T.);
#1234=EDGE_CURVE('',#1024,#1026,#487,.T.);
#1235=EDGE_CURVE('',#1027,#1028,#488,.T.);
#1236=EDGE_CURVE('',#1029,#1027,#489,.T.);
#1237=EDGE_CURVE('',#1030,#1029,#490,.T.);
#1238=EDGE_CURVE('',#1028,#1030,#491,.T.);
#1239=EDGE_CURVE('',#1031,#1032,#492,.T.);
#1240=EDGE_CURVE('',#1033,#1031,#493,.T.);
#1241=EDGE_CURVE('',#1034,#1033,#494,.T.);
#1242=EDGE_CURVE('',#1032,#1034,#495,.T.);
#1243=EDGE_CURVE('',#1035,#1036,#496,.T.);
#1244=EDGE_CURVE('',#1037,#1035,#497,.T.);
#1245=EDGE_CURVE('',#1038,#1037,#498,.T.);
#1246=EDGE_CURVE('',#1036,#1038,#499,.T.);
#1247=EDGE_CURVE('',#1039,#1040,#500,.T.);
#1248=EDGE_CURVE('',#1041,#1039,#501,.T.);
#1249=EDGE_CURVE('',#1042,#1041,#502,.T.);
#1250=EDGE_CURVE('',#1040,#1042,#503,.T.);
#1251=EDGE_CURVE('',#1043,#1044,#504,.T.);
#1252=EDGE_CURVE('',#1045,#1043,#505,.T.);
#1253=EDGE_CURVE('',#1046,#1045,#506,.T.);
#1254=EDGE_CURVE('',#1044,#1046,#507,.T.);
#1255=EDGE_CURVE('',#1023,#1047,#508,.T.);
#1256=EDGE_CURVE('',#1047,#1048,#509,.T.);
#1257=EDGE_CURVE('',#1025,#1048,#510,.T.);
#1258=EDGE_CURVE('',#1024,#1049,#511,.T.);
#1259=EDGE_CURVE('',#1049,#1047,#512,.T.);
#1260=EDGE_CURVE('',#1027,#1050,#513,.T.);
#1261=EDGE_CURVE('',#1050,#1051,#514,.T.);
#1262=EDGE_CURVE('',#1029,#1051,#515,.T.);
#1263=EDGE_CURVE('',#1028,#1052,#516,.T.);
#1264=EDGE_CURVE('',#1052,#1050,#517,.T.);
#1265=EDGE_CURVE('',#1031,#1053,#518,.T.);
#1266=EDGE_CURVE('',#1053,#1054,#519,.T.);
#1267=EDGE_CURVE('',#1033,#1054,#520,.T.);
#1268=EDGE_CURVE('',#1032,#1055,#521,.T.);
#1269=EDGE_CURVE('',#1055,#1053,#522,.T.);
#1270=EDGE_CURVE('',#1035,#1056,#523,.T.);
#1271=EDGE_CURVE('',#1056,#1057,#524,.T.);
#1272=EDGE_CURVE('',#1037,#1057,#525,.T.);
#1273=EDGE_CURVE('',#1036,#1058,#526,.T.);
#1274=EDGE_CURVE('',#1058,#1056,#527,.T.);
#1275=EDGE_CURVE('',#1039,#1059,#528,.T.);
#1276=EDGE_CURVE('',#1059,#1060,#529,.T.);
#1277=EDGE_CURVE('',#1041,#1060,#530,.T.);
#1278=EDGE_CURVE('',#1040,#1061,#531,.T.);
#1279=EDGE_CURVE('',#1061,#1059,#532,.T.);
#1280=EDGE_CURVE('',#1043,#1062,#533,.T.);
#1281=EDGE_CURVE('',#1062,#1063,#534,.T.);
#1282=EDGE_CURVE('',#1045,#1063,#535,.T.);
#1283=EDGE_CURVE('',#1044,#1064,#536,.T.);
#1284=EDGE_CURVE('',#1064,#1062,#537,.T.);
#1285=EDGE_CURVE('',#1065,#1066,#538,.T.);
#1286=EDGE_CURVE('',#1067,#1066,#539,.T.);
#1287=EDGE_CURVE('',#1068,#1067,#540,.T.);
#1288=EDGE_CURVE('',#1065,#1068,#541,.T.);
#1289=EDGE_CURVE('',#1069,#1070,#542,.T.);
#1290=EDGE_CURVE('',#1069,#1071,#543,.T.);
#1291=EDGE_CURVE('',#1065,#1071,#544,.T.);
#1292=EDGE_CURVE('',#1070,#1068,#545,.T.);
#1293=EDGE_CURVE('',#1072,#1069,#546,.T.);
#1294=EDGE_CURVE('',#1072,#1073,#547,.T.);
#1295=EDGE_CURVE('',#1071,#1073,#548,.T.);
#1296=EDGE_CURVE('',#1074,#1075,#549,.T.);
#1297=EDGE_CURVE('',#1076,#1075,#550,.T.);
#1298=EDGE_CURVE('',#1077,#1076,#551,.T.);
#1299=EDGE_CURVE('',#1074,#1077,#552,.T.);
#1300=EDGE_CURVE('',#1078,#1079,#553,.T.);
#1301=EDGE_CURVE('',#1078,#1080,#554,.T.);
#1302=EDGE_CURVE('',#1081,#1080,#555,.T.);
#1303=EDGE_CURVE('',#1079,#1081,#556,.T.);
#1304=EDGE_CURVE('',#1082,#1078,#557,.T.);
#1305=EDGE_CURVE('',#1076,#1082,#558,.T.);
#1306=EDGE_CURVE('',#1080,#1075,#559,.T.);
#1307=EDGE_CURVE('',#1067,#1083,#560,.T.);
#1308=EDGE_CURVE('',#1022,#1083,#561,.T.);
#1309=EDGE_CURVE('',#1007,#1021,#562,.T.);
#1310=EDGE_CURVE('',#1084,#1006,#563,.T.);
#1311=EDGE_CURVE('',#1084,#1077,#564,.T.);
#1312=EDGE_CURVE('',#1070,#1082,#565,.T.);
#1313=EDGE_CURVE('',#1013,#1073,#566,.T.);
#1314=EDGE_CURVE('',#1085,#1012,#567,.T.);
#1315=EDGE_CURVE('',#1086,#1085,#568,.T.);
#1316=EDGE_CURVE('',#1015,#1086,#569,.T.);
#1317=EDGE_CURVE('',#1014,#1081,#570,.T.);
#1318=EDGE_CURVE('',#1075,#1065,#571,.T.);
#1319=EDGE_CURVE('',#1087,#1074,#572,.T.);
#1320=EDGE_CURVE('',#1088,#1087,#573,.T.);
#1321=EDGE_CURVE('',#1066,#1088,#574,.T.);
#1322=EDGE_CURVE('',#1089,#1061,#575,.T.);
#1323=EDGE_CURVE('',#1060,#1089,#576,.T.);
#1324=EDGE_CURVE('',#1090,#1052,#577,.T.);
#1325=EDGE_CURVE('',#1051,#1090,#578,.T.);
#1326=EDGE_CURVE('',#1091,#1058,#579,.T.);
#1327=EDGE_CURVE('',#1057,#1091,#580,.T.);
#1328=EDGE_CURVE('',#1092,#1055,#581,.T.);
#1329=EDGE_CURVE('',#1054,#1092,#582,.T.);
#1330=EDGE_CURVE('',#1093,#1064,#583,.T.);
#1331=EDGE_CURVE('',#1063,#1093,#584,.T.);
#1332=EDGE_CURVE('',#1094,#1049,#585,.T.);
#1333=EDGE_CURVE('',#1048,#1094,#586,.T.);
#1334=EDGE_CURVE('',#1042,#1089,#587,.T.);
#1335=EDGE_CURVE('',#1030,#1090,#588,.T.);
#1336=EDGE_CURVE('',#1038,#1091,#589,.T.);
#1337=EDGE_CURVE('',#1034,#1092,#590,.T.);
#1338=EDGE_CURVE('',#1046,#1093,#591,.T.);
#1339=EDGE_CURVE('',#1026,#1094,#592,.T.);
#1340=EDGE_CURVE('',#1019,#1087,#593,.T.);
#1341=EDGE_CURVE('',#1079,#1084,#594,.T.);
#1342=EDGE_CURVE('',#1018,#1088,#595,.T.);
#1343=EDGE_CURVE('',#1083,#1072,#596,.T.);
#1344=EDGE_CURVE('',#1095,#1011,#597,.T.);
#1345=EDGE_CURVE('',#1095,#1085,#598,.T.);
#1346=EDGE_CURVE('',#1096,#1095,#599,.T.);
#1347=EDGE_CURVE('',#1096,#1086,#600,.T.);
#1348=EDGE_CURVE('',#1016,#1096,#601,.T.);
#1349=EDGE_CURVE('',#1097,#1097,#942,.T.);
#1350=EDGE_CURVE('',#1097,#1098,#602,.T.);
#1351=EDGE_CURVE('',#1098,#1098,#943,.T.);
#1352=EDGE_CURVE('',#1099,#1100,#603,.T.);
#1353=EDGE_CURVE('',#1099,#1101,#604,.T.);
#1354=EDGE_CURVE('',#1102,#1101,#605,.T.);
#1355=EDGE_CURVE('',#1100,#1102,#606,.T.);
#1356=EDGE_CURVE('',#1100,#1103,#607,.T.);
#1357=EDGE_CURVE('',#1104,#1102,#608,.T.);
#1358=EDGE_CURVE('',#1103,#1104,#609,.T.);
#1359=EDGE_CURVE('',#1103,#1105,#610,.T.);
#1360=EDGE_CURVE('',#1106,#1104,#611,.T.);
#1361=EDGE_CURVE('',#1105,#1106,#612,.T.);
#1362=EDGE_CURVE('',#1105,#1099,#613,.T.);
#1363=EDGE_CURVE('',#1101,#1106,#614,.T.);
#1364=EDGE_CURVE('',#1107,#1107,#944,.T.);
#1365=EDGE_CURVE('',#1107,#1108,#615,.T.);
#1366=EDGE_CURVE('',#1108,#1108,#945,.T.);
#1367=EDGE_CURVE('',#1109,#1110,#616,.T.);
#1368=EDGE_CURVE('',#1109,#1111,#617,.T.);
#1369=EDGE_CURVE('',#1112,#1111,#618,.T.);
#1370=EDGE_CURVE('',#1110,#1112,#619,.T.);
#1371=EDGE_CURVE('',#1110,#1113,#620,.T.);
#1372=EDGE_CURVE('',#1114,#1112,#621,.T.);
#1373=EDGE_CURVE('',#1113,#1114,#622,.T.);
#1374=EDGE_CURVE('',#1113,#1115,#623,.T.);
#1375=EDGE_CURVE('',#1116,#1114,#624,.T.);
#1376=EDGE_CURVE('',#1115,#1116,#625,.T.);
#1377=EDGE_CURVE('',#1115,#1109,#626,.T.);
#1378=EDGE_CURVE('',#1111,#1116,#627,.T.);
#1379=EDGE_CURVE('',#1117,#1118,#628,.T.);
#1380=EDGE_CURVE('',#1117,#1119,#629,.T.);
#1381=EDGE_CURVE('',#1120,#1119,#630,.T.);
#1382=EDGE_CURVE('',#1118,#1120,#631,.T.);
#1383=EDGE_CURVE('',#1118,#1121,#632,.T.);
#1384=EDGE_CURVE('',#1122,#1120,#633,.T.);
#1385=EDGE_CURVE('',#1121,#1122,#634,.T.);
#1386=EDGE_CURVE('',#1121,#1123,#635,.T.);
#1387=EDGE_CURVE('',#1124,#1122,#636,.T.);
#1388=EDGE_CURVE('',#1123,#1124,#637,.T.);
#1389=EDGE_CURVE('',#1123,#1117,#638,.T.);
#1390=EDGE_CURVE('',#1119,#1124,#639,.T.);
#1391=EDGE_CURVE('',#1008,#1020,#946,.T.);
#1392=EDGE_CURVE('',#1125,#1126,#640,.T.);
#1393=EDGE_CURVE('',#1125,#1127,#641,.T.);
#1394=EDGE_CURVE('',#1128,#1127,#642,.T.);
#1395=EDGE_CURVE('',#1126,#1128,#643,.T.);
#1396=EDGE_CURVE('',#1126,#1129,#644,.T.);
#1397=EDGE_CURVE('',#1130,#1128,#645,.T.);
#1398=EDGE_CURVE('',#1129,#1130,#646,.T.);
#1399=EDGE_CURVE('',#1129,#1131,#647,.T.);
#1400=EDGE_CURVE('',#1132,#1130,#648,.T.);
#1401=EDGE_CURVE('',#1131,#1132,#649,.T.);
#1402=EDGE_CURVE('',#1131,#1125,#650,.T.);
#1403=EDGE_CURVE('',#1127,#1132,#651,.T.);
#1404=EDGE_CURVE('',#1020,#1133,#947,.T.);
#1405=EDGE_CURVE('',#1133,#1008,#948,.T.);
#1406=EDGE_CURVE('',#1133,#1134,#652,.T.);
#1407=EDGE_CURVE('',#1134,#1134,#949,.T.);
#1408=EDGE_CURVE('',#1135,#1136,#19,.T.);
#1409=EDGE_CURVE('',#1136,#1137,#950,.T.);
#1410=EDGE_CURVE('',#1137,#1138,#20,.T.);
#1411=EDGE_CURVE('',#1138,#1139,#951,.T.);
#1412=EDGE_CURVE('',#1139,#1135,#952,.T.);
#1413=EDGE_CURVE('',#1136,#1137,#653,.T.);
#1414=EDGE_CURVE('',#1140,#1135,#654,.T.);
#1415=EDGE_CURVE('',#1140,#1141,#655,.T.);
#1416=EDGE_CURVE('',#1138,#1141,#656,.T.);
#1417=EDGE_CURVE('',#1141,#1140,#953,.T.);
#1418=EDGE_CURVE('',#1142,#1142,#954,.T.);
#1419=EDGE_CURVE('',#1142,#1139,#657,.T.);
#1420=EDGE_CURVE('',#1143,#1143,#955,.T.);
#1421=EDGE_CURVE('',#1143,#1144,#658,.T.);
#1422=EDGE_CURVE('',#1144,#1144,#956,.T.);
#1423=EDGE_CURVE('',#1145,#1146,#957,.T.);
#1424=EDGE_CURVE('',#1146,#1147,#659,.T.);
#1425=EDGE_CURVE('',#1147,#1148,#958,.T.);
#1426=EDGE_CURVE('',#1148,#1149,#660,.T.);
#1427=EDGE_CURVE('',#1149,#1150,#959,.T.);
#1428=EDGE_CURVE('',#1150,#1151,#661,.T.);
#1429=EDGE_CURVE('',#1151,#1152,#960,.T.);
#1430=EDGE_CURVE('',#1152,#1145,#662,.T.);
#1431=EDGE_CURVE('',#1153,#1153,#961,.T.);
#1432=EDGE_CURVE('',#1154,#1154,#962,.T.);
#1433=EDGE_CURVE('',#1155,#1155,#963,.T.);
#1434=EDGE_CURVE('',#1156,#1156,#964,.T.);
#1435=EDGE_CURVE('',#1144,#1157,#663,.T.);
#1436=EDGE_CURVE('',#1157,#1157,#965,.T.);
#1437=EDGE_CURVE('',#1153,#1158,#664,.T.);
#1438=EDGE_CURVE('',#1158,#1158,#966,.T.);
#1439=EDGE_CURVE('',#1158,#1159,#665,.T.);
#1440=EDGE_CURVE('',#1159,#1159,#967,.T.);
#1441=EDGE_CURVE('',#1156,#1160,#666,.T.);
#1442=EDGE_CURVE('',#1160,#1160,#968,.T.);
#1443=EDGE_CURVE('',#1160,#1161,#667,.T.);
#1444=EDGE_CURVE('',#1161,#1161,#969,.T.);
#1445=EDGE_CURVE('',#1154,#1162,#668,.T.);
#1446=EDGE_CURVE('',#1162,#1162,#970,.T.);
#1447=EDGE_CURVE('',#1162,#1163,#669,.T.);
#1448=EDGE_CURVE('',#1163,#1163,#971,.T.);
#1449=EDGE_CURVE('',#1164,#1164,#972,.T.);
#1450=EDGE_CURVE('',#1164,#1165,#670,.T.);
#1451=EDGE_CURVE('',#1165,#1165,#973,.T.);
#1452=EDGE_CURVE('',#1165,#1166,#671,.T.);
#1453=EDGE_CURVE('',#1166,#1166,#974,.T.);
#1454=EDGE_CURVE('',#1167,#1167,#975,.T.);
#1455=EDGE_CURVE('',#1168,#1168,#976,.T.);
#1456=EDGE_CURVE('',#1168,#1169,#672,.T.);
#1457=EDGE_CURVE('',#1169,#1169,#977,.T.);
#1458=EDGE_CURVE('',#1169,#1155,#673,.T.);
#1459=EDGE_CURVE('',#1170,#1170,#978,.T.);
#1460=EDGE_CURVE('',#1171,#1172,#979,.T.);
#1461=EDGE_CURVE('',#1172,#1173,#674,.T.);
#1462=EDGE_CURVE('',#1173,#1174,#980,.T.);
#1463=EDGE_CURVE('',#1174,#1175,#675,.T.);
#1464=EDGE_CURVE('',#1175,#1176,#981,.T.);
#1465=EDGE_CURVE('',#1176,#1177,#676,.T.);
#1466=EDGE_CURVE('',#1177,#1178,#982,.T.);
#1467=EDGE_CURVE('',#1178,#1171,#677,.T.);
#1468=EDGE_CURVE('',#1179,#1179,#983,.T.);
#1469=EDGE_CURVE('',#1171,#1146,#678,.T.);
#1470=EDGE_CURVE('',#1172,#1145,#679,.T.);
#1471=EDGE_CURVE('',#1178,#1147,#680,.T.);
#1472=EDGE_CURVE('',#1177,#1148,#681,.T.);
#1473=EDGE_CURVE('',#1176,#1149,#682,.T.);
#1474=EDGE_CURVE('',#1175,#1150,#683,.T.);
#1475=EDGE_CURVE('',#1174,#1151,#684,.T.);
#1476=EDGE_CURVE('',#1173,#1152,#685,.T.);
#1477=EDGE_CURVE('',#1180,#1180,#984,.T.);
#1478=EDGE_CURVE('',#1180,#1179,#686,.T.);
#1479=EDGE_CURVE('',#1167,#1170,#687,.T.);
#1480=ORIENTED_EDGE('',*,*,#1181,.F.);
#1481=ORIENTED_EDGE('',*,*,#1182,.T.);
#1482=ORIENTED_EDGE('',*,*,#1183,.F.);
#1483=ORIENTED_EDGE('',*,*,#1182,.F.);
#1484=ORIENTED_EDGE('',*,*,#1181,.T.);
#1485=ORIENTED_EDGE('',*,*,#1184,.F.);
#1486=ORIENTED_EDGE('',*,*,#1185,.T.);
#1487=ORIENTED_EDGE('',*,*,#1186,.T.);
#1488=ORIENTED_EDGE('',*,*,#1185,.F.);
#1489=ORIENTED_EDGE('',*,*,#1184,.T.);
#1490=ORIENTED_EDGE('',*,*,#1183,.T.);
#1491=ORIENTED_EDGE('',*,*,#1186,.F.);
#1492=ORIENTED_EDGE('',*,*,#1187,.F.);
#1493=ORIENTED_EDGE('',*,*,#1188,.T.);
#1494=ORIENTED_EDGE('',*,*,#1189,.F.);
#1495=ORIENTED_EDGE('',*,*,#1190,.F.);
#1496=ORIENTED_EDGE('',*,*,#1191,.F.);
#1497=ORIENTED_EDGE('',*,*,#1192,.F.);
#1498=ORIENTED_EDGE('',*,*,#1193,.F.);
#1499=ORIENTED_EDGE('',*,*,#1188,.F.);
#1500=ORIENTED_EDGE('',*,*,#1194,.F.);
#1501=ORIENTED_EDGE('',*,*,#1195,.F.);
#1502=ORIENTED_EDGE('',*,*,#1196,.F.);
#1503=ORIENTED_EDGE('',*,*,#1197,.F.);
#1504=ORIENTED_EDGE('',*,*,#1198,.F.);
#1505=ORIENTED_EDGE('',*,*,#1190,.T.);
#1506=ORIENTED_EDGE('',*,*,#1199,.F.);
#1507=ORIENTED_EDGE('',*,*,#1200,.F.);
#1508=ORIENTED_EDGE('',*,*,#1201,.F.);
#1509=ORIENTED_EDGE('',*,*,#1202,.F.);
#1510=ORIENTED_EDGE('',*,*,#1203,.F.);
#1511=ORIENTED_EDGE('',*,*,#1204,.T.);
#1512=ORIENTED_EDGE('',*,*,#1205,.F.);
#1513=ORIENTED_EDGE('',*,*,#1204,.F.);
#1514=ORIENTED_EDGE('',*,*,#1206,.F.);
#1515=ORIENTED_EDGE('',*,*,#1195,.T.);
#1516=ORIENTED_EDGE('',*,*,#1196,.T.);
#1517=ORIENTED_EDGE('',*,*,#1206,.T.);
#1518=ORIENTED_EDGE('',*,*,#1203,.T.);
#1519=ORIENTED_EDGE('',*,*,#1207,.T.);
#1520=ORIENTED_EDGE('',*,*,#1208,.F.);
#1521=ORIENTED_EDGE('',*,*,#1209,.F.);
#1522=ORIENTED_EDGE('',*,*,#1210,.F.);
#1523=ORIENTED_EDGE('',*,*,#1211,.F.);
#1524=ORIENTED_EDGE('',*,*,#1212,.T.);
#1525=ORIENTED_EDGE('',*,*,#1200,.T.);
#1526=ORIENTED_EDGE('',*,*,#1213,.T.);
#1527=ORIENTED_EDGE('',*,*,#1214,.F.);
#1528=ORIENTED_EDGE('',*,*,#1215,.T.);
#1529=ORIENTED_EDGE('',*,*,#1216,.T.);
#1530=ORIENTED_EDGE('',*,*,#1217,.T.);
#1531=ORIENTED_EDGE('',*,*,#1202,.T.);
#1532=ORIENTED_EDGE('',*,*,#1218,.T.);
#1533=ORIENTED_EDGE('',*,*,#1219,.T.);
#1534=ORIENTED_EDGE('',*,*,#1220,.T.);
#1535=ORIENTED_EDGE('',*,*,#1221,.F.);
#1536=ORIENTED_EDGE('',*,*,#1207,.F.);
#1537=ORIENTED_EDGE('',*,*,#1197,.T.);
#1538=ORIENTED_EDGE('',*,*,#1212,.F.);
#1539=ORIENTED_EDGE('',*,*,#1222,.F.);
#1540=ORIENTED_EDGE('',*,*,#1223,.T.);
#1541=ORIENTED_EDGE('',*,*,#1192,.T.);
#1542=ORIENTED_EDGE('',*,*,#1224,.T.);
#1543=ORIENTED_EDGE('',*,*,#1225,.T.);
#1544=ORIENTED_EDGE('',*,*,#1226,.T.);
#1545=ORIENTED_EDGE('',*,*,#1199,.T.);
#1546=ORIENTED_EDGE('',*,*,#1189,.T.);
#1547=ORIENTED_EDGE('',*,*,#1193,.T.);
#1548=ORIENTED_EDGE('',*,*,#1223,.F.);
#1549=ORIENTED_EDGE('',*,*,#1227,.F.);
#1550=ORIENTED_EDGE('',*,*,#1228,.F.);
#1551=ORIENTED_EDGE('',*,*,#1229,.T.);
#1552=ORIENTED_EDGE('',*,*,#1230,.F.);
#1553=ORIENTED_EDGE('',*,*,#1213,.F.);
#1554=ORIENTED_EDGE('',*,*,#1231,.F.);
#1555=ORIENTED_EDGE('',*,*,#1232,.F.);
#1556=ORIENTED_EDGE('',*,*,#1233,.F.);
#1557=ORIENTED_EDGE('',*,*,#1234,.F.);
#1558=ORIENTED_EDGE('',*,*,#1235,.F.);
#1559=ORIENTED_EDGE('',*,*,#1236,.F.);
#1560=ORIENTED_EDGE('',*,*,#1237,.F.);
#1561=ORIENTED_EDGE('',*,*,#1238,.F.);
#1562=ORIENTED_EDGE('',*,*,#1239,.F.);
#1563=ORIENTED_EDGE('',*,*,#1240,.F.);
#1564=ORIENTED_EDGE('',*,*,#1241,.F.);
#1565=ORIENTED_EDGE('',*,*,#1242,.F.);
#1566=ORIENTED_EDGE('',*,*,#1243,.F.);
#1567=ORIENTED_EDGE('',*,*,#1244,.F.);
#1568=ORIENTED_EDGE('',*,*,#1245,.F.);
#1569=ORIENTED_EDGE('',*,*,#1246,.F.);
#1570=ORIENTED_EDGE('',*,*,#1247,.F.);
#1571=ORIENTED_EDGE('',*,*,#1248,.F.);
#1572=ORIENTED_EDGE('',*,*,#1249,.F.);
#1573=ORIENTED_EDGE('',*,*,#1250,.F.);
#1574=ORIENTED_EDGE('',*,*,#1251,.F.);
#1575=ORIENTED_EDGE('',*,*,#1252,.F.);
#1576=ORIENTED_EDGE('',*,*,#1253,.F.);
#1577=ORIENTED_EDGE('',*,*,#1254,.F.);
#1578=ORIENTED_EDGE('',*,*,#1232,.T.);
#1579=ORIENTED_EDGE('',*,*,#1255,.T.);
#1580=ORIENTED_EDGE('',*,*,#1256,.T.);
#1581=ORIENTED_EDGE('',*,*,#1257,.F.);
#1582=ORIENTED_EDGE('',*,*,#1231,.T.);
#1583=ORIENTED_EDGE('',*,*,#1258,.T.);
#1584=ORIENTED_EDGE('',*,*,#1259,.T.);
#1585=ORIENTED_EDGE('',*,*,#1255,.F.);
#1586=ORIENTED_EDGE('',*,*,#1236,.T.);
#1587=ORIENTED_EDGE('',*,*,#1260,.T.);
#1588=ORIENTED_EDGE('',*,*,#1261,.T.);
#1589=ORIENTED_EDGE('',*,*,#1262,.F.);
#1590=ORIENTED_EDGE('',*,*,#1235,.T.);
#1591=ORIENTED_EDGE('',*,*,#1263,.T.);
#1592=ORIENTED_EDGE('',*,*,#1264,.T.);
#1593=ORIENTED_EDGE('',*,*,#1260,.F.);
#1594=ORIENTED_EDGE('',*,*,#1240,.T.);
#1595=ORIENTED_EDGE('',*,*,#1265,.T.);
#1596=ORIENTED_EDGE('',*,*,#1266,.T.);
#1597=ORIENTED_EDGE('',*,*,#1267,.F.);
#1598=ORIENTED_EDGE('',*,*,#1239,.T.);
#1599=ORIENTED_EDGE('',*,*,#1268,.T.);
#1600=ORIENTED_EDGE('',*,*,#1269,.T.);
#1601=ORIENTED_EDGE('',*,*,#1265,.F.);
#1602=ORIENTED_EDGE('',*,*,#1244,.T.);
#1603=ORIENTED_EDGE('',*,*,#1270,.T.);
#1604=ORIENTED_EDGE('',*,*,#1271,.T.);
#1605=ORIENTED_EDGE('',*,*,#1272,.F.);
#1606=ORIENTED_EDGE('',*,*,#1243,.T.);
#1607=ORIENTED_EDGE('',*,*,#1273,.T.);
#1608=ORIENTED_EDGE('',*,*,#1274,.T.);
#1609=ORIENTED_EDGE('',*,*,#1270,.F.);
#1610=ORIENTED_EDGE('',*,*,#1248,.T.);
#1611=ORIENTED_EDGE('',*,*,#1275,.T.);
#1612=ORIENTED_EDGE('',*,*,#1276,.T.);
#1613=ORIENTED_EDGE('',*,*,#1277,.F.);
#1614=ORIENTED_EDGE('',*,*,#1247,.T.);
#1615=ORIENTED_EDGE('',*,*,#1278,.T.);
#1616=ORIENTED_EDGE('',*,*,#1279,.T.);
#1617=ORIENTED_EDGE('',*,*,#1275,.F.);
#1618=ORIENTED_EDGE('',*,*,#1252,.T.);
#1619=ORIENTED_EDGE('',*,*,#1280,.T.);
#1620=ORIENTED_EDGE('',*,*,#1281,.T.);
#1621=ORIENTED_EDGE('',*,*,#1282,.F.);
#1622=ORIENTED_EDGE('',*,*,#1251,.T.);
#1623=ORIENTED_EDGE('',*,*,#1283,.T.);
#1624=ORIENTED_EDGE('',*,*,#1284,.T.);
#1625=ORIENTED_EDGE('',*,*,#1280,.F.);
#1626=ORIENTED_EDGE('',*,*,#1285,.T.);
#1627=ORIENTED_EDGE('',*,*,#1286,.F.);
#1628=ORIENTED_EDGE('',*,*,#1287,.F.);
#1629=ORIENTED_EDGE('',*,*,#1288,.F.);
#1630=ORIENTED_EDGE('',*,*,#1289,.F.);
#1631=ORIENTED_EDGE('',*,*,#1290,.T.);
#1632=ORIENTED_EDGE('',*,*,#1291,.F.);
#1633=ORIENTED_EDGE('',*,*,#1288,.T.);
#1634=ORIENTED_EDGE('',*,*,#1292,.F.);
#1635=ORIENTED_EDGE('',*,*,#1293,.F.);
#1636=ORIENTED_EDGE('',*,*,#1294,.T.);
#1637=ORIENTED_EDGE('',*,*,#1295,.F.);
#1638=ORIENTED_EDGE('',*,*,#1290,.F.);
#1639=ORIENTED_EDGE('',*,*,#1296,.T.);
#1640=ORIENTED_EDGE('',*,*,#1297,.F.);
#1641=ORIENTED_EDGE('',*,*,#1298,.F.);
#1642=ORIENTED_EDGE('',*,*,#1299,.F.);
#1643=ORIENTED_EDGE('',*,*,#1300,.F.);
#1644=ORIENTED_EDGE('',*,*,#1301,.T.);
#1645=ORIENTED_EDGE('',*,*,#1302,.F.);
#1646=ORIENTED_EDGE('',*,*,#1303,.F.);
#1647=ORIENTED_EDGE('',*,*,#1304,.F.);
#1648=ORIENTED_EDGE('',*,*,#1305,.F.);
#1649=ORIENTED_EDGE('',*,*,#1297,.T.);
#1650=ORIENTED_EDGE('',*,*,#1306,.F.);
#1651=ORIENTED_EDGE('',*,*,#1301,.F.);
#1652=ORIENTED_EDGE('',*,*,#1292,.T.);
#1653=ORIENTED_EDGE('',*,*,#1287,.T.);
#1654=ORIENTED_EDGE('',*,*,#1307,.T.);
#1655=ORIENTED_EDGE('',*,*,#1308,.F.);
#1656=ORIENTED_EDGE('',*,*,#1229,.F.);
#1657=ORIENTED_EDGE('',*,*,#1309,.F.);
#1658=ORIENTED_EDGE('',*,*,#1209,.T.);
#1659=ORIENTED_EDGE('',*,*,#1310,.F.);
#1660=ORIENTED_EDGE('',*,*,#1311,.T.);
#1661=ORIENTED_EDGE('',*,*,#1298,.T.);
#1662=ORIENTED_EDGE('',*,*,#1305,.T.);
#1663=ORIENTED_EDGE('',*,*,#1312,.F.);
#1664=ORIENTED_EDGE('',*,*,#1295,.T.);
#1665=ORIENTED_EDGE('',*,*,#1313,.F.);
#1666=ORIENTED_EDGE('',*,*,#1216,.F.);
#1667=ORIENTED_EDGE('',*,*,#1314,.F.);
#1668=ORIENTED_EDGE('',*,*,#1315,.F.);
#1669=ORIENTED_EDGE('',*,*,#1316,.F.);
#1670=ORIENTED_EDGE('',*,*,#1219,.F.);
#1671=ORIENTED_EDGE('',*,*,#1317,.T.);
#1672=ORIENTED_EDGE('',*,*,#1302,.T.);
#1673=ORIENTED_EDGE('',*,*,#1306,.T.);
#1674=ORIENTED_EDGE('',*,*,#1318,.T.);
#1675=ORIENTED_EDGE('',*,*,#1291,.T.);
#1676=ORIENTED_EDGE('',*,*,#1296,.F.);
#1677=ORIENTED_EDGE('',*,*,#1319,.F.);
#1678=ORIENTED_EDGE('',*,*,#1320,.F.);
#1679=ORIENTED_EDGE('',*,*,#1321,.F.);
#1680=ORIENTED_EDGE('',*,*,#1285,.F.);
#1681=ORIENTED_EDGE('',*,*,#1318,.F.);
#1682=ORIENTED_EDGE('',*,*,#1276,.F.);
#1683=ORIENTED_EDGE('',*,*,#1279,.F.);
#1684=ORIENTED_EDGE('',*,*,#1322,.F.);
#1685=ORIENTED_EDGE('',*,*,#1323,.F.);
#1686=ORIENTED_EDGE('',*,*,#1261,.F.);
#1687=ORIENTED_EDGE('',*,*,#1264,.F.);
#1688=ORIENTED_EDGE('',*,*,#1324,.F.);
#1689=ORIENTED_EDGE('',*,*,#1325,.F.);
#1690=ORIENTED_EDGE('',*,*,#1271,.F.);
#1691=ORIENTED_EDGE('',*,*,#1274,.F.);
#1692=ORIENTED_EDGE('',*,*,#1326,.F.);
#1693=ORIENTED_EDGE('',*,*,#1327,.F.);
#1694=ORIENTED_EDGE('',*,*,#1266,.F.);
#1695=ORIENTED_EDGE('',*,*,#1269,.F.);
#1696=ORIENTED_EDGE('',*,*,#1328,.F.);
#1697=ORIENTED_EDGE('',*,*,#1329,.F.);
#1698=ORIENTED_EDGE('',*,*,#1281,.F.);
#1699=ORIENTED_EDGE('',*,*,#1284,.F.);
#1700=ORIENTED_EDGE('',*,*,#1330,.F.);
#1701=ORIENTED_EDGE('',*,*,#1331,.F.);
#1702=ORIENTED_EDGE('',*,*,#1256,.F.);
#1703=ORIENTED_EDGE('',*,*,#1259,.F.);
#1704=ORIENTED_EDGE('',*,*,#1332,.F.);
#1705=ORIENTED_EDGE('',*,*,#1333,.F.);
#1706=ORIENTED_EDGE('',*,*,#1250,.T.);
#1707=ORIENTED_EDGE('',*,*,#1334,.T.);
#1708=ORIENTED_EDGE('',*,*,#1322,.T.);
#1709=ORIENTED_EDGE('',*,*,#1278,.F.);
#1710=ORIENTED_EDGE('',*,*,#1249,.T.);
#1711=ORIENTED_EDGE('',*,*,#1277,.T.);
#1712=ORIENTED_EDGE('',*,*,#1323,.T.);
#1713=ORIENTED_EDGE('',*,*,#1334,.F.);
#1714=ORIENTED_EDGE('',*,*,#1238,.T.);
#1715=ORIENTED_EDGE('',*,*,#1335,.T.);
#1716=ORIENTED_EDGE('',*,*,#1324,.T.);
#1717=ORIENTED_EDGE('',*,*,#1263,.F.);
#1718=ORIENTED_EDGE('',*,*,#1237,.T.);
#1719=ORIENTED_EDGE('',*,*,#1262,.T.);
#1720=ORIENTED_EDGE('',*,*,#1325,.T.);
#1721=ORIENTED_EDGE('',*,*,#1335,.F.);
#1722=ORIENTED_EDGE('',*,*,#1246,.T.);
#1723=ORIENTED_EDGE('',*,*,#1336,.T.);
#1724=ORIENTED_EDGE('',*,*,#1326,.T.);
#1725=ORIENTED_EDGE('',*,*,#1273,.F.);
#1726=ORIENTED_EDGE('',*,*,#1245,.T.);
#1727=ORIENTED_EDGE('',*,*,#1272,.T.);
#1728=ORIENTED_EDGE('',*,*,#1327,.T.);
#1729=ORIENTED_EDGE('',*,*,#1336,.F.);
#1730=ORIENTED_EDGE('',*,*,#1242,.T.);
#1731=ORIENTED_EDGE('',*,*,#1337,.T.);
#1732=ORIENTED_EDGE('',*,*,#1328,.T.);
#1733=ORIENTED_EDGE('',*,*,#1268,.F.);
#1734=ORIENTED_EDGE('',*,*,#1241,.T.);
#1735=ORIENTED_EDGE('',*,*,#1267,.T.);
#1736=ORIENTED_EDGE('',*,*,#1329,.T.);
#1737=ORIENTED_EDGE('',*,*,#1337,.F.);
#1738=ORIENTED_EDGE('',*,*,#1254,.T.);
#1739=ORIENTED_EDGE('',*,*,#1338,.T.);
#1740=ORIENTED_EDGE('',*,*,#1330,.T.);
#1741=ORIENTED_EDGE('',*,*,#1283,.F.);
#1742=ORIENTED_EDGE('',*,*,#1253,.T.);
#1743=ORIENTED_EDGE('',*,*,#1282,.T.);
#1744=ORIENTED_EDGE('',*,*,#1331,.T.);
#1745=ORIENTED_EDGE('',*,*,#1338,.F.);
#1746=ORIENTED_EDGE('',*,*,#1234,.T.);
#1747=ORIENTED_EDGE('',*,*,#1339,.T.);
#1748=ORIENTED_EDGE('',*,*,#1332,.T.);
#1749=ORIENTED_EDGE('',*,*,#1258,.F.);
#1750=ORIENTED_EDGE('',*,*,#1233,.T.);
#1751=ORIENTED_EDGE('',*,*,#1257,.T.);
#1752=ORIENTED_EDGE('',*,*,#1333,.T.);
#1753=ORIENTED_EDGE('',*,*,#1339,.F.);
#1754=ORIENTED_EDGE('',*,*,#1194,.T.);
#1755=ORIENTED_EDGE('',*,*,#1226,.F.);
#1756=ORIENTED_EDGE('',*,*,#1340,.T.);
#1757=ORIENTED_EDGE('',*,*,#1319,.T.);
#1758=ORIENTED_EDGE('',*,*,#1299,.T.);
#1759=ORIENTED_EDGE('',*,*,#1311,.F.);
#1760=ORIENTED_EDGE('',*,*,#1341,.F.);
#1761=ORIENTED_EDGE('',*,*,#1303,.T.);
#1762=ORIENTED_EDGE('',*,*,#1317,.F.);
#1763=ORIENTED_EDGE('',*,*,#1218,.F.);
#1764=ORIENTED_EDGE('',*,*,#1201,.T.);
#1765=ORIENTED_EDGE('',*,*,#1205,.T.);
#1766=ORIENTED_EDGE('',*,*,#1225,.F.);
#1767=ORIENTED_EDGE('',*,*,#1342,.T.);
#1768=ORIENTED_EDGE('',*,*,#1320,.T.);
#1769=ORIENTED_EDGE('',*,*,#1340,.F.);
#1770=ORIENTED_EDGE('',*,*,#1198,.T.);
#1771=ORIENTED_EDGE('',*,*,#1217,.F.);
#1772=ORIENTED_EDGE('',*,*,#1313,.T.);
#1773=ORIENTED_EDGE('',*,*,#1294,.F.);
#1774=ORIENTED_EDGE('',*,*,#1343,.F.);
#1775=ORIENTED_EDGE('',*,*,#1307,.F.);
#1776=ORIENTED_EDGE('',*,*,#1286,.T.);
#1777=ORIENTED_EDGE('',*,*,#1321,.T.);
#1778=ORIENTED_EDGE('',*,*,#1342,.F.);
#1779=ORIENTED_EDGE('',*,*,#1224,.F.);
#1780=ORIENTED_EDGE('',*,*,#1191,.T.);
#1781=ORIENTED_EDGE('',*,*,#1187,.T.);
#1782=ORIENTED_EDGE('',*,*,#1314,.T.);
#1783=ORIENTED_EDGE('',*,*,#1215,.F.);
#1784=ORIENTED_EDGE('',*,*,#1344,.F.);
#1785=ORIENTED_EDGE('',*,*,#1345,.T.);
#1786=ORIENTED_EDGE('',*,*,#1315,.T.);
#1787=ORIENTED_EDGE('',*,*,#1345,.F.);
#1788=ORIENTED_EDGE('',*,*,#1346,.F.);
#1789=ORIENTED_EDGE('',*,*,#1347,.T.);
#1790=ORIENTED_EDGE('',*,*,#1316,.T.);
#1791=ORIENTED_EDGE('',*,*,#1347,.F.);
#1792=ORIENTED_EDGE('',*,*,#1348,.F.);
#1793=ORIENTED_EDGE('',*,*,#1220,.F.);
#1794=ORIENTED_EDGE('',*,*,#1349,.F.);
#1795=ORIENTED_EDGE('',*,*,#1350,.T.);
#1796=ORIENTED_EDGE('',*,*,#1351,.F.);
#1797=ORIENTED_EDGE('',*,*,#1350,.F.);
#1798=ORIENTED_EDGE('',*,*,#1349,.T.);
#1799=ORIENTED_EDGE('',*,*,#1352,.F.);
#1800=ORIENTED_EDGE('',*,*,#1353,.T.);
#1801=ORIENTED_EDGE('',*,*,#1354,.F.);
#1802=ORIENTED_EDGE('',*,*,#1355,.F.);
#1803=ORIENTED_EDGE('',*,*,#1356,.F.);
#1804=ORIENTED_EDGE('',*,*,#1355,.T.);
#1805=ORIENTED_EDGE('',*,*,#1357,.F.);
#1806=ORIENTED_EDGE('',*,*,#1358,.F.);
#1807=ORIENTED_EDGE('',*,*,#1359,.F.);
#1808=ORIENTED_EDGE('',*,*,#1358,.T.);
#1809=ORIENTED_EDGE('',*,*,#1360,.F.);
#1810=ORIENTED_EDGE('',*,*,#1361,.F.);
#1811=ORIENTED_EDGE('',*,*,#1362,.F.);
#1812=ORIENTED_EDGE('',*,*,#1361,.T.);
#1813=ORIENTED_EDGE('',*,*,#1363,.F.);
#1814=ORIENTED_EDGE('',*,*,#1353,.F.);
#1815=ORIENTED_EDGE('',*,*,#1363,.T.);
#1816=ORIENTED_EDGE('',*,*,#1360,.T.);
#1817=ORIENTED_EDGE('',*,*,#1357,.T.);
#1818=ORIENTED_EDGE('',*,*,#1354,.T.);
#1819=ORIENTED_EDGE('',*,*,#1364,.F.);
#1820=ORIENTED_EDGE('',*,*,#1365,.T.);
#1821=ORIENTED_EDGE('',*,*,#1366,.F.);
#1822=ORIENTED_EDGE('',*,*,#1365,.F.);
#1823=ORIENTED_EDGE('',*,*,#1364,.T.);
#1824=ORIENTED_EDGE('',*,*,#1351,.T.);
#1825=ORIENTED_EDGE('',*,*,#1367,.F.);
#1826=ORIENTED_EDGE('',*,*,#1368,.T.);
#1827=ORIENTED_EDGE('',*,*,#1369,.F.);
#1828=ORIENTED_EDGE('',*,*,#1370,.F.);
#1829=ORIENTED_EDGE('',*,*,#1371,.F.);
#1830=ORIENTED_EDGE('',*,*,#1370,.T.);
#1831=ORIENTED_EDGE('',*,*,#1372,.F.);
#1832=ORIENTED_EDGE('',*,*,#1373,.F.);
#1833=ORIENTED_EDGE('',*,*,#1374,.F.);
#1834=ORIENTED_EDGE('',*,*,#1373,.T.);
#1835=ORIENTED_EDGE('',*,*,#1375,.F.);
#1836=ORIENTED_EDGE('',*,*,#1376,.F.);
#1837=ORIENTED_EDGE('',*,*,#1377,.F.);
#1838=ORIENTED_EDGE('',*,*,#1376,.T.);
#1839=ORIENTED_EDGE('',*,*,#1378,.F.);
#1840=ORIENTED_EDGE('',*,*,#1368,.F.);
#1841=ORIENTED_EDGE('',*,*,#1378,.T.);
#1842=ORIENTED_EDGE('',*,*,#1375,.T.);
#1843=ORIENTED_EDGE('',*,*,#1372,.T.);
#1844=ORIENTED_EDGE('',*,*,#1369,.T.);
#1845=ORIENTED_EDGE('',*,*,#1379,.F.);
#1846=ORIENTED_EDGE('',*,*,#1380,.T.);
#1847=ORIENTED_EDGE('',*,*,#1381,.F.);
#1848=ORIENTED_EDGE('',*,*,#1382,.F.);
#1849=ORIENTED_EDGE('',*,*,#1383,.F.);
#1850=ORIENTED_EDGE('',*,*,#1382,.T.);
#1851=ORIENTED_EDGE('',*,*,#1384,.F.);
#1852=ORIENTED_EDGE('',*,*,#1385,.F.);
#1853=ORIENTED_EDGE('',*,*,#1386,.F.);
#1854=ORIENTED_EDGE('',*,*,#1385,.T.);
#1855=ORIENTED_EDGE('',*,*,#1387,.F.);
#1856=ORIENTED_EDGE('',*,*,#1388,.F.);
#1857=ORIENTED_EDGE('',*,*,#1389,.F.);
#1858=ORIENTED_EDGE('',*,*,#1388,.T.);
#1859=ORIENTED_EDGE('',*,*,#1390,.F.);
#1860=ORIENTED_EDGE('',*,*,#1380,.F.);
#1861=ORIENTED_EDGE('',*,*,#1390,.T.);
#1862=ORIENTED_EDGE('',*,*,#1387,.T.);
#1863=ORIENTED_EDGE('',*,*,#1384,.T.);
#1864=ORIENTED_EDGE('',*,*,#1381,.T.);
#1865=ORIENTED_EDGE('',*,*,#1289,.T.);
#1866=ORIENTED_EDGE('',*,*,#1312,.T.);
#1867=ORIENTED_EDGE('',*,*,#1304,.T.);
#1868=ORIENTED_EDGE('',*,*,#1300,.T.);
#1869=ORIENTED_EDGE('',*,*,#1341,.T.);
#1870=ORIENTED_EDGE('',*,*,#1310,.T.);
#1871=ORIENTED_EDGE('',*,*,#1208,.T.);
#1872=ORIENTED_EDGE('',*,*,#1221,.T.);
#1873=ORIENTED_EDGE('',*,*,#1348,.T.);
#1874=ORIENTED_EDGE('',*,*,#1346,.T.);
#1875=ORIENTED_EDGE('',*,*,#1344,.T.);
#1876=ORIENTED_EDGE('',*,*,#1214,.T.);
#1877=ORIENTED_EDGE('',*,*,#1230,.T.);
#1878=ORIENTED_EDGE('',*,*,#1308,.T.);
#1879=ORIENTED_EDGE('',*,*,#1343,.T.);
#1880=ORIENTED_EDGE('',*,*,#1293,.T.);
#1881=ORIENTED_EDGE('',*,*,#1391,.T.);
#1882=ORIENTED_EDGE('',*,*,#1227,.T.);
#1883=ORIENTED_EDGE('',*,*,#1222,.T.);
#1884=ORIENTED_EDGE('',*,*,#1211,.T.);
#1885=ORIENTED_EDGE('',*,*,#1392,.F.);
#1886=ORIENTED_EDGE('',*,*,#1393,.T.);
#1887=ORIENTED_EDGE('',*,*,#1394,.F.);
#1888=ORIENTED_EDGE('',*,*,#1395,.F.);
#1889=ORIENTED_EDGE('',*,*,#1396,.F.);
#1890=ORIENTED_EDGE('',*,*,#1395,.T.);
#1891=ORIENTED_EDGE('',*,*,#1397,.F.);
#1892=ORIENTED_EDGE('',*,*,#1398,.F.);
#1893=ORIENTED_EDGE('',*,*,#1399,.F.);
#1894=ORIENTED_EDGE('',*,*,#1398,.T.);
#1895=ORIENTED_EDGE('',*,*,#1400,.F.);
#1896=ORIENTED_EDGE('',*,*,#1401,.F.);
#1897=ORIENTED_EDGE('',*,*,#1402,.F.);
#1898=ORIENTED_EDGE('',*,*,#1401,.T.);
#1899=ORIENTED_EDGE('',*,*,#1403,.F.);
#1900=ORIENTED_EDGE('',*,*,#1393,.F.);
#1901=ORIENTED_EDGE('',*,*,#1403,.T.);
#1902=ORIENTED_EDGE('',*,*,#1400,.T.);
#1903=ORIENTED_EDGE('',*,*,#1397,.T.);
#1904=ORIENTED_EDGE('',*,*,#1394,.T.);
#1905=ORIENTED_EDGE('',*,*,#1404,.F.);
#1906=ORIENTED_EDGE('',*,*,#1391,.F.);
#1907=ORIENTED_EDGE('',*,*,#1405,.F.);
#1908=ORIENTED_EDGE('',*,*,#1406,.T.);
#1909=ORIENTED_EDGE('',*,*,#1407,.T.);
#1910=ORIENTED_EDGE('',*,*,#1406,.F.);
#1911=ORIENTED_EDGE('',*,*,#1228,.T.);
#1912=ORIENTED_EDGE('',*,*,#1404,.T.);
#1913=ORIENTED_EDGE('',*,*,#1405,.T.);
#1914=ORIENTED_EDGE('',*,*,#1210,.T.);
#1915=ORIENTED_EDGE('',*,*,#1309,.T.);
#1916=ORIENTED_EDGE('',*,*,#1352,.T.);
#1917=ORIENTED_EDGE('',*,*,#1356,.T.);
#1918=ORIENTED_EDGE('',*,*,#1359,.T.);
#1919=ORIENTED_EDGE('',*,*,#1362,.T.);
#1920=ORIENTED_EDGE('',*,*,#1366,.T.);
#1921=ORIENTED_EDGE('',*,*,#1367,.T.);
#1922=ORIENTED_EDGE('',*,*,#1371,.T.);
#1923=ORIENTED_EDGE('',*,*,#1374,.T.);
#1924=ORIENTED_EDGE('',*,*,#1377,.T.);
#1925=ORIENTED_EDGE('',*,*,#1379,.T.);
#1926=ORIENTED_EDGE('',*,*,#1383,.T.);
#1927=ORIENTED_EDGE('',*,*,#1386,.T.);
#1928=ORIENTED_EDGE('',*,*,#1389,.T.);
#1929=ORIENTED_EDGE('',*,*,#1392,.T.);
#1930=ORIENTED_EDGE('',*,*,#1396,.T.);
#1931=ORIENTED_EDGE('',*,*,#1399,.T.);
#1932=ORIENTED_EDGE('',*,*,#1402,.T.);
#1933=ORIENTED_EDGE('',*,*,#1407,.F.);
#1934=ORIENTED_EDGE('',*,*,#1408,.T.);
#1935=ORIENTED_EDGE('',*,*,#1409,.T.);
#1936=ORIENTED_EDGE('',*,*,#1410,.T.);
#1937=ORIENTED_EDGE('',*,*,#1411,.T.);
#1938=ORIENTED_EDGE('',*,*,#1412,.T.);
#1939=ORIENTED_EDGE('',*,*,#1409,.F.);
#1940=ORIENTED_EDGE('',*,*,#1413,.T.);
#1941=ORIENTED_EDGE('',*,*,#1410,.F.);
#1942=ORIENTED_EDGE('',*,*,#1413,.F.);
#1943=ORIENTED_EDGE('',*,*,#1408,.F.);
#1944=ORIENTED_EDGE('',*,*,#1414,.F.);
#1945=ORIENTED_EDGE('',*,*,#1415,.T.);
#1946=ORIENTED_EDGE('',*,*,#1416,.F.);
#1947=ORIENTED_EDGE('',*,*,#1417,.F.);
#1948=ORIENTED_EDGE('',*,*,#1415,.F.);
#1949=ORIENTED_EDGE('',*,*,#1418,.F.);
#1950=ORIENTED_EDGE('',*,*,#1419,.T.);
#1951=ORIENTED_EDGE('',*,*,#1411,.F.);
#1952=ORIENTED_EDGE('',*,*,#1416,.T.);
#1953=ORIENTED_EDGE('',*,*,#1417,.T.);
#1954=ORIENTED_EDGE('',*,*,#1414,.T.);
#1955=ORIENTED_EDGE('',*,*,#1412,.F.);
#1956=ORIENTED_EDGE('',*,*,#1419,.F.);
#1957=ORIENTED_EDGE('',*,*,#1418,.T.);
#1958=ORIENTED_EDGE('',*,*,#1420,.T.);
#1959=ORIENTED_EDGE('',*,*,#1421,.T.);
#1960=ORIENTED_EDGE('',*,*,#1422,.T.);
#1961=ORIENTED_EDGE('',*,*,#1421,.F.);
#1962=ORIENTED_EDGE('',*,*,#1423,.T.);
#1963=ORIENTED_EDGE('',*,*,#1424,.T.);
#1964=ORIENTED_EDGE('',*,*,#1425,.T.);
#1965=ORIENTED_EDGE('',*,*,#1426,.T.);
#1966=ORIENTED_EDGE('',*,*,#1427,.T.);
#1967=ORIENTED_EDGE('',*,*,#1428,.T.);
#1968=ORIENTED_EDGE('',*,*,#1429,.T.);
#1969=ORIENTED_EDGE('',*,*,#1430,.T.);
#1970=ORIENTED_EDGE('',*,*,#1431,.F.);
#1971=ORIENTED_EDGE('',*,*,#1432,.F.);
#1972=ORIENTED_EDGE('',*,*,#1433,.T.);
#1973=ORIENTED_EDGE('',*,*,#1434,.F.);
#1974=ORIENTED_EDGE('',*,*,#1420,.F.);
#1975=ORIENTED_EDGE('',*,*,#1422,.F.);
#1976=ORIENTED_EDGE('',*,*,#1435,.T.);
#1977=ORIENTED_EDGE('',*,*,#1436,.F.);
#1978=ORIENTED_EDGE('',*,*,#1435,.F.);
#1979=ORIENTED_EDGE('',*,*,#1431,.T.);
#1980=ORIENTED_EDGE('',*,*,#1437,.T.);
#1981=ORIENTED_EDGE('',*,*,#1438,.T.);
#1982=ORIENTED_EDGE('',*,*,#1437,.F.);
#1983=ORIENTED_EDGE('',*,*,#1438,.F.);
#1984=ORIENTED_EDGE('',*,*,#1439,.T.);
#1985=ORIENTED_EDGE('',*,*,#1440,.F.);
#1986=ORIENTED_EDGE('',*,*,#1439,.F.);
#1987=ORIENTED_EDGE('',*,*,#1434,.T.);
#1988=ORIENTED_EDGE('',*,*,#1441,.T.);
#1989=ORIENTED_EDGE('',*,*,#1442,.T.);
#1990=ORIENTED_EDGE('',*,*,#1441,.F.);
#1991=ORIENTED_EDGE('',*,*,#1442,.F.);
#1992=ORIENTED_EDGE('',*,*,#1443,.T.);
#1993=ORIENTED_EDGE('',*,*,#1444,.F.);
#1994=ORIENTED_EDGE('',*,*,#1443,.F.);
#1995=ORIENTED_EDGE('',*,*,#1432,.T.);
#1996=ORIENTED_EDGE('',*,*,#1445,.T.);
#1997=ORIENTED_EDGE('',*,*,#1446,.T.);
#1998=ORIENTED_EDGE('',*,*,#1445,.F.);
#1999=ORIENTED_EDGE('',*,*,#1446,.F.);
#2000=ORIENTED_EDGE('',*,*,#1447,.T.);
#2001=ORIENTED_EDGE('',*,*,#1448,.F.);
#2002=ORIENTED_EDGE('',*,*,#1447,.F.);
#2003=ORIENTED_EDGE('',*,*,#1449,.T.);
#2004=ORIENTED_EDGE('',*,*,#1450,.T.);
#2005=ORIENTED_EDGE('',*,*,#1451,.T.);
#2006=ORIENTED_EDGE('',*,*,#1450,.F.);
#2007=ORIENTED_EDGE('',*,*,#1451,.F.);
#2008=ORIENTED_EDGE('',*,*,#1452,.T.);
#2009=ORIENTED_EDGE('',*,*,#1453,.F.);
#2010=ORIENTED_EDGE('',*,*,#1452,.F.);
#2011=ORIENTED_EDGE('',*,*,#1449,.F.);
#2012=ORIENTED_EDGE('',*,*,#1454,.T.);
#2013=ORIENTED_EDGE('',*,*,#1455,.T.);
#2014=ORIENTED_EDGE('',*,*,#1456,.T.);
#2015=ORIENTED_EDGE('',*,*,#1457,.T.);
#2016=ORIENTED_EDGE('',*,*,#1456,.F.);
#2017=ORIENTED_EDGE('',*,*,#1457,.F.);
#2018=ORIENTED_EDGE('',*,*,#1458,.T.);
#2019=ORIENTED_EDGE('',*,*,#1433,.F.);
#2020=ORIENTED_EDGE('',*,*,#1458,.F.);
#2021=ORIENTED_EDGE('',*,*,#1455,.F.);
#2022=ORIENTED_EDGE('',*,*,#1459,.T.);
#2023=ORIENTED_EDGE('',*,*,#1460,.T.);
#2024=ORIENTED_EDGE('',*,*,#1461,.T.);
#2025=ORIENTED_EDGE('',*,*,#1462,.T.);
#2026=ORIENTED_EDGE('',*,*,#1463,.T.);
#2027=ORIENTED_EDGE('',*,*,#1464,.T.);
#2028=ORIENTED_EDGE('',*,*,#1465,.T.);
#2029=ORIENTED_EDGE('',*,*,#1466,.T.);
#2030=ORIENTED_EDGE('',*,*,#1467,.T.);
#2031=ORIENTED_EDGE('',*,*,#1453,.T.);
#2032=ORIENTED_EDGE('',*,*,#1468,.T.);
#2033=ORIENTED_EDGE('',*,*,#1448,.T.);
#2034=ORIENTED_EDGE('',*,*,#1440,.T.);
#2035=ORIENTED_EDGE('',*,*,#1436,.T.);
#2036=ORIENTED_EDGE('',*,*,#1444,.T.);
#2037=ORIENTED_EDGE('',*,*,#1460,.F.);
#2038=ORIENTED_EDGE('',*,*,#1469,.T.);
#2039=ORIENTED_EDGE('',*,*,#1423,.F.);
#2040=ORIENTED_EDGE('',*,*,#1470,.F.);
#2041=ORIENTED_EDGE('',*,*,#1467,.F.);
#2042=ORIENTED_EDGE('',*,*,#1471,.T.);
#2043=ORIENTED_EDGE('',*,*,#1424,.F.);
#2044=ORIENTED_EDGE('',*,*,#1469,.F.);
#2045=ORIENTED_EDGE('',*,*,#1466,.F.);
#2046=ORIENTED_EDGE('',*,*,#1472,.T.);
#2047=ORIENTED_EDGE('',*,*,#1425,.F.);
#2048=ORIENTED_EDGE('',*,*,#1471,.F.);
#2049=ORIENTED_EDGE('',*,*,#1465,.F.);
#2050=ORIENTED_EDGE('',*,*,#1473,.T.);
#2051=ORIENTED_EDGE('',*,*,#1426,.F.);
#2052=ORIENTED_EDGE('',*,*,#1472,.F.);
#2053=ORIENTED_EDGE('',*,*,#1464,.F.);
#2054=ORIENTED_EDGE('',*,*,#1474,.T.);
#2055=ORIENTED_EDGE('',*,*,#1427,.F.);
#2056=ORIENTED_EDGE('',*,*,#1473,.F.);
#2057=ORIENTED_EDGE('',*,*,#1463,.F.);
#2058=ORIENTED_EDGE('',*,*,#1475,.T.);
#2059=ORIENTED_EDGE('',*,*,#1428,.F.);
#2060=ORIENTED_EDGE('',*,*,#1474,.F.);
#2061=ORIENTED_EDGE('',*,*,#1462,.F.);
#2062=ORIENTED_EDGE('',*,*,#1476,.T.);
#2063=ORIENTED_EDGE('',*,*,#1429,.F.);
#2064=ORIENTED_EDGE('',*,*,#1475,.F.);
#2065=ORIENTED_EDGE('',*,*,#1461,.F.);
#2066=ORIENTED_EDGE('',*,*,#1470,.T.);
#2067=ORIENTED_EDGE('',*,*,#1430,.F.);
#2068=ORIENTED_EDGE('',*,*,#1476,.F.);
#2069=ORIENTED_EDGE('',*,*,#1477,.T.);
#2070=ORIENTED_EDGE('',*,*,#1477,.F.);
#2071=ORIENTED_EDGE('',*,*,#1478,.T.);
#2072=ORIENTED_EDGE('',*,*,#1468,.F.);
#2073=ORIENTED_EDGE('',*,*,#1478,.F.);
#2074=ORIENTED_EDGE('',*,*,#1454,.F.);
#2075=ORIENTED_EDGE('',*,*,#1479,.T.);
#2076=ORIENTED_EDGE('',*,*,#1459,.F.);
#2077=ORIENTED_EDGE('',*,*,#1479,.F.);
#2078=CYLINDRICAL_SURFACE('',#2248,4.);
#2079=CYLINDRICAL_SURFACE('',#2252,16.5);
#2080=CYLINDRICAL_SURFACE('',#2314,1.);
#2081=CYLINDRICAL_SURFACE('',#2323,6.75);
#2082=CYLINDRICAL_SURFACE('',#2345,15.);
#2083=CYLINDRICAL_SURFACE('',#2359,3.);
#2084=CYLINDRICAL_SURFACE('',#2374,1.5);
#2085=CYLINDRICAL_SURFACE('',#2378,1.5);
#2086=CYLINDRICAL_SURFACE('',#2382,1.5);
#2087=CYLINDRICAL_SURFACE('',#2386,1.5);
#2088=CYLINDRICAL_SURFACE('',#2391,6.);
#2089=CYLINDRICAL_SURFACE('',#2398,6.);
#2090=CYLINDRICAL_SURFACE('',#2407,12.5);
#2091=CYLINDRICAL_SURFACE('',#2409,12.5);
#2092=CYLINDRICAL_SURFACE('',#2411,12.5);
#2093=CYLINDRICAL_SURFACE('',#2413,12.5);
#2094=CYLINDRICAL_SURFACE('',#2417,16.5);
#2095=CYLINDRICAL_SURFACE('',#2418,3.1);
#2096=ADVANCED_FACE('',(#166),#2078,.T.);
#2097=ADVANCED_FACE('',(#167),#68,.T.);
#2098=ADVANCED_FACE('',(#168),#2079,.T.);
#2099=ADVANCED_FACE('',(#169,#42),#69,.T.);
#2100=ADVANCED_FACE('',(#170),#70,.F.);
#2101=ADVANCED_FACE('',(#171),#71,.F.);
#2102=ADVANCED_FACE('',(#172),#72,.F.);
#2103=ADVANCED_FACE('',(#173),#73,.F.);
#2104=ADVANCED_FACE('',(#174),#74,.F.);
#2105=ADVANCED_FACE('',(#175),#75,.F.);
#2106=ADVANCED_FACE('',(#176),#76,.F.);
#2107=ADVANCED_FACE('',(#177),#77,.T.);
#2108=ADVANCED_FACE('',(#178),#78,.T.);
#2109=ADVANCED_FACE('',(#179),#79,.T.);
#2110=ADVANCED_FACE('',(#180),#80,.T.);
#2111=ADVANCED_FACE('',(#181),#81,.T.);
#2112=ADVANCED_FACE('',(#182),#82,.F.);
#2113=ADVANCED_FACE('',(#183),#83,.F.);
#2114=ADVANCED_FACE('',(#184),#84,.F.);
#2115=ADVANCED_FACE('',(#185),#85,.F.);
#2116=ADVANCED_FACE('',(#186),#86,.F.);
#2117=ADVANCED_FACE('',(#187),#87,.F.);
#2118=ADVANCED_FACE('',(#188),#88,.F.);
#2119=ADVANCED_FACE('',(#189),#89,.F.);
#2120=ADVANCED_FACE('',(#190),#90,.F.);
#2121=ADVANCED_FACE('',(#191),#91,.F.);
#2122=ADVANCED_FACE('',(#192),#92,.F.);
#2123=ADVANCED_FACE('',(#193),#93,.F.);
#2124=ADVANCED_FACE('',(#194),#94,.F.);
#2125=ADVANCED_FACE('',(#195),#95,.F.);
#2126=ADVANCED_FACE('',(#196),#96,.F.);
#2127=ADVANCED_FACE('',(#197),#97,.F.);
#2128=ADVANCED_FACE('',(#198),#98,.F.);
#2129=ADVANCED_FACE('',(#199),#99,.F.);
#2130=ADVANCED_FACE('',(#200),#100,.F.);
#2131=ADVANCED_FACE('',(#201),#101,.F.);
#2132=ADVANCED_FACE('',(#202),#102,.F.);
#2133=ADVANCED_FACE('',(#203),#103,.F.);
#2134=ADVANCED_FACE('',(#204),#104,.F.);
#2135=ADVANCED_FACE('',(#205),#105,.F.);
#2136=ADVANCED_FACE('',(#206),#106,.T.);
#2137=ADVANCED_FACE('',(#207),#107,.F.);
#2138=ADVANCED_FACE('',(#208,#43,#44,#45,#46,#47,#48),#108,.F.);
#2139=ADVANCED_FACE('',(#209),#109,.F.);
#2140=ADVANCED_FACE('',(#210),#110,.F.);
#2141=ADVANCED_FACE('',(#211),#111,.F.);
#2142=ADVANCED_FACE('',(#212),#112,.F.);
#2143=ADVANCED_FACE('',(#213),#113,.F.);
#2144=ADVANCED_FACE('',(#214),#114,.F.);
#2145=ADVANCED_FACE('',(#215),#115,.F.);
#2146=ADVANCED_FACE('',(#216),#116,.F.);
#2147=ADVANCED_FACE('',(#217),#117,.F.);
#2148=ADVANCED_FACE('',(#218),#118,.F.);
#2149=ADVANCED_FACE('',(#219),#119,.F.);
#2150=ADVANCED_FACE('',(#220),#120,.F.);
#2151=ADVANCED_FACE('',(#221),#121,.F.);
#2152=ADVANCED_FACE('',(#222),#122,.F.);
#2153=ADVANCED_FACE('',(#223),#123,.F.);
#2154=ADVANCED_FACE('',(#224),#124,.F.);
#2155=ADVANCED_FACE('',(#225),#125,.F.);
#2156=ADVANCED_FACE('',(#226),#126,.F.);
#2157=ADVANCED_FACE('',(#227),#2080,.T.);
#2158=ADVANCED_FACE('',(#228),#127,.T.);
#2159=ADVANCED_FACE('',(#229),#128,.T.);
#2160=ADVANCED_FACE('',(#230),#129,.T.);
#2161=ADVANCED_FACE('',(#231),#130,.T.);
#2162=ADVANCED_FACE('',(#232),#131,.T.);
#2163=ADVANCED_FACE('',(#233),#132,.T.);
#2164=ADVANCED_FACE('',(#234),#2081,.T.);
#2165=ADVANCED_FACE('',(#235,#49),#133,.T.);
#2166=ADVANCED_FACE('',(#236),#134,.T.);
#2167=ADVANCED_FACE('',(#237),#135,.T.);
#2168=ADVANCED_FACE('',(#238),#136,.T.);
#2169=ADVANCED_FACE('',(#239),#137,.T.);
#2170=ADVANCED_FACE('',(#240),#138,.T.);
#2171=ADVANCED_FACE('',(#241),#139,.T.);
#2172=ADVANCED_FACE('',(#242),#140,.T.);
#2173=ADVANCED_FACE('',(#243),#141,.T.);
#2174=ADVANCED_FACE('',(#244),#142,.T.);
#2175=ADVANCED_FACE('',(#245),#143,.T.);
#2176=ADVANCED_FACE('',(#246),#144,.T.);
#2177=ADVANCED_FACE('',(#247),#145,.F.);
#2178=ADVANCED_FACE('',(#248),#146,.T.);
#2179=ADVANCED_FACE('',(#249),#147,.T.);
#2180=ADVANCED_FACE('',(#250),#148,.T.);
#2181=ADVANCED_FACE('',(#251),#149,.T.);
#2182=ADVANCED_FACE('',(#252),#150,.T.);
#2183=ADVANCED_FACE('',(#253),#2082,.T.);
#2184=ADVANCED_FACE('',(#254,#50,#51,#52,#53,#54),#151,.T.);
#2185=ADVANCED_FACE('',(#255),#152,.F.);
#2186=ADVANCED_FACE('',(#256),#21,.T.);
#2187=ADVANCED_FACE('',(#257),#153,.F.);
#2188=ADVANCED_FACE('',(#258),#154,.F.);
#2189=ADVANCED_FACE('',(#259),#155,.T.);
#2190=ADVANCED_FACE('',(#260),#2083,.T.);
#2191=ADVANCED_FACE('',(#261),#156,.T.);
#2192=ADVANCED_FACE('',(#262),#22,.F.);
#2193=ADVANCED_FACE('',(#263,#55,#56,#57,#58,#59),#157,.F.);
#2194=ADVANCED_FACE('',(#264),#2084,.F.);
#2195=ADVANCED_FACE('',(#265),#23,.F.);
#2196=ADVANCED_FACE('',(#266),#2085,.F.);
#2197=ADVANCED_FACE('',(#267),#24,.F.);
#2198=ADVANCED_FACE('',(#268),#2086,.F.);
#2199=ADVANCED_FACE('',(#269),#25,.F.);
#2200=ADVANCED_FACE('',(#270),#2087,.F.);
#2201=ADVANCED_FACE('',(#271),#26,.T.);
#2202=ADVANCED_FACE('',(#272),#2088,.T.);
#2203=ADVANCED_FACE('',(#273,#60),#158,.T.);
#2204=ADVANCED_FACE('',(#274),#27,.T.);
#2205=ADVANCED_FACE('',(#275),#2089,.T.);
#2206=ADVANCED_FACE('',(#276,#61),#159,.T.);
#2207=ADVANCED_FACE('',(#277,#62,#63,#64,#65,#66,#67),#160,.T.);
#2208=ADVANCED_FACE('',(#278),#2090,.T.);
#2209=ADVANCED_FACE('',(#279),#161,.T.);
#2210=ADVANCED_FACE('',(#280),#2091,.T.);
#2211=ADVANCED_FACE('',(#281),#162,.T.);
#2212=ADVANCED_FACE('',(#282),#2092,.T.);
#2213=ADVANCED_FACE('',(#283),#163,.T.);
#2214=ADVANCED_FACE('',(#284),#2093,.T.);
#2215=ADVANCED_FACE('',(#285),#164,.T.);
#2216=ADVANCED_FACE('',(#286),#165,.T.);
#2217=ADVANCED_FACE('',(#287),#2094,.T.);
#2218=ADVANCED_FACE('',(#288),#2095,.F.);
#2219=CLOSED_SHELL('',(#2096,#2097,#2098,#2099,#2100));
#2220=CLOSED_SHELL('',(#2101,#2102,#2103,#2104,#2105,#2106,#2107,#2108,
#2109,#2110,#2111,#2112,#2113,#2114,#2115,#2116,#2117,#2118,#2119,#2120,
#2121,#2122,#2123,#2124,#2125,#2126,#2127,#2128,#2129,#2130,#2131,#2132,
#2133,#2134,#2135,#2136,#2137,#2138,#2139,#2140,#2141,#2142,#2143,#2144,
#2145,#2146,#2147,#2148,#2149,#2150,#2151,#2152,#2153,#2154,#2155,#2156,
#2157,#2158,#2159,#2160,#2161,#2162,#2163,#2164,#2165,#2166,#2167,#2168,
#2169,#2170,#2171,#2172,#2173,#2174,#2175,#2176,#2177,#2178,#2179,#2180,
#2181,#2182,#2183,#2184,#2185));
#2221=CLOSED_SHELL('',(#2186,#2187,#2188,#2189,#2190,#2191));
#2222=CLOSED_SHELL('',(#2192,#2193,#2194,#2195,#2196,#2197,#2198,#2199,
#2200,#2201,#2202,#2203,#2204,#2205,#2206,#2207,#2208,#2209,#2210,#2211,
#2212,#2213,#2214,#2215,#2216,#2217,#2218));
#2223=DERIVED_UNIT_ELEMENT(#2227,1.);
#2224=DERIVED_UNIT_ELEMENT(#3657,-3.);
#2225=DERIVED_UNIT_ELEMENT(#2227,1.);
#2226=DERIVED_UNIT_ELEMENT(#3657,-3.);
#2227=(
MASS_UNIT()
NAMED_UNIT(*)
SI_UNIT(.KILO.,.GRAM.)
);
#2228=DERIVED_UNIT((#2223,#2224));
#2229=DERIVED_UNIT((#2225,#2226));
#2230=MEASURE_REPRESENTATION_ITEM('density measure',
POSITIVE_RATIO_MEASURE(7850.),#2228);
#2231=MEASURE_REPRESENTATION_ITEM('density measure',
POSITIVE_RATIO_MEASURE(7850.),#2229);
#2232=PROPERTY_DEFINITION_REPRESENTATION(#2242,#2236);
#2233=PROPERTY_DEFINITION_REPRESENTATION(#2243,#2237);
#2234=PROPERTY_DEFINITION_REPRESENTATION(#2244,#2238);
#2235=PROPERTY_DEFINITION_REPRESENTATION(#2245,#2239);
#2236=REPRESENTATION('material name',(#2240),#3653);
#2237=REPRESENTATION('density',(#2230),#3653);
#2238=REPRESENTATION('material name',(#2241),#3654);
#2239=REPRESENTATION('density',(#2231),#3654);
#2240=DESCRIPTIVE_REPRESENTATION_ITEM('\X2\94A2\X0\','\X2\94A2\X0\');
#2241=DESCRIPTIVE_REPRESENTATION_ITEM('\X2\94A2\X0\','\X2\94A2\X0\');
#2242=PROPERTY_DEFINITION('material property','material name',#3673);
#2243=PROPERTY_DEFINITION('material property','density of part',#3673);
#2244=PROPERTY_DEFINITION('material property','material name',#3674);
#2245=PROPERTY_DEFINITION('material property','density of part',#3674);
#2246=AXIS2_PLACEMENT_3D('placement',#3021,#2421,#2422);
#2247=AXIS2_PLACEMENT_3D('placement',#3022,#2423,#2424);
#2248=AXIS2_PLACEMENT_3D('',#3023,#2425,#2426);
#2249=AXIS2_PLACEMENT_3D('',#3025,#2427,#2428);
#2250=AXIS2_PLACEMENT_3D('',#3028,#2430,#2431);
#2251=AXIS2_PLACEMENT_3D('',#3029,#2432,#2433);
#2252=AXIS2_PLACEMENT_3D('',#3030,#2434,#2435);
#2253=AXIS2_PLACEMENT_3D('',#3032,#2436,#2437);
#2254=AXIS2_PLACEMENT_3D('',#3035,#2439,#2440);
#2255=AXIS2_PLACEMENT_3D('',#3036,#2441,#2442);
#2256=AXIS2_PLACEMENT_3D('',#3037,#2443,#2444);
#2257=AXIS2_PLACEMENT_3D('placement',#3038,#2445,#2446);
#2258=AXIS2_PLACEMENT_3D('',#3039,#2447,#2448);
#2259=AXIS2_PLACEMENT_3D('',#3048,#2453,#2454);
#2260=AXIS2_PLACEMENT_3D('',#3054,#2458,#2459);
#2261=AXIS2_PLACEMENT_3D('',#3063,#2464,#2465);
#2262=AXIS2_PLACEMENT_3D('',#3069,#2469,#2470);
#2263=AXIS2_PLACEMENT_3D('',#3078,#2475,#2476);
#2264=AXIS2_PLACEMENT_3D('',#3081,#2479,#2480);
#2265=AXIS2_PLACEMENT_3D('',#3093,#2487,#2488);
#2266=AXIS2_PLACEMENT_3D('',#3103,#2494,#2495);
#2267=AXIS2_PLACEMENT_3D('',#3111,#2500,#2501);
#2268=AXIS2_PLACEMENT_3D('',#3120,#2507,#2508);
#2269=AXIS2_PLACEMENT_3D('',#3128,#2513,#2514);
#2270=AXIS2_PLACEMENT_3D('',#3137,#2519,#2520);
#2271=AXIS2_PLACEMENT_3D('',#3146,#2525,#2526);
#2272=AXIS2_PLACEMENT_3D('',#3155,#2531,#2532);
#2273=AXIS2_PLACEMENT_3D('',#3164,#2537,#2538);
#2274=AXIS2_PLACEMENT_3D('',#3173,#2543,#2544);
#2275=AXIS2_PLACEMENT_3D('',#3182,#2549,#2550);
#2276=AXIS2_PLACEMENT_3D('',#3188,#2554,#2555);
#2277=AXIS2_PLACEMENT_3D('',#3192,#2558,#2559);
#2278=AXIS2_PLACEMENT_3D('',#3198,#2563,#2564);
#2279=AXIS2_PLACEMENT_3D('',#3202,#2567,#2568);
#2280=AXIS2_PLACEMENT_3D('',#3208,#2572,#2573);
#2281=AXIS2_PLACEMENT_3D('',#3212,#2576,#2577);
#2282=AXIS2_PLACEMENT_3D('',#3218,#2581,#2582);
#2283=AXIS2_PLACEMENT_3D('',#3222,#2585,#2586);
#2284=AXIS2_PLACEMENT_3D('',#3228,#2590,#2591);
#2285=AXIS2_PLACEMENT_3D('',#3232,#2594,#2595);
#2286=AXIS2_PLACEMENT_3D('',#3238,#2599,#2600);
#2287=AXIS2_PLACEMENT_3D('',#3242,#2603,#2604);
#2288=AXIS2_PLACEMENT_3D('',#3251,#2609,#2610);
#2289=AXIS2_PLACEMENT_3D('',#3259,#2615,#2616);
#2290=AXIS2_PLACEMENT_3D('',#3265,#2620,#2621);
#2291=AXIS2_PLACEMENT_3D('',#3274,#2626,#2627);
#2292=AXIS2_PLACEMENT_3D('',#3283,#2632,#2633);
#2293=AXIS2_PLACEMENT_3D('',#3288,#2637,#2638);
#2294=AXIS2_PLACEMENT_3D('',#3297,#2645,#2646);
#2295=AXIS2_PLACEMENT_3D('',#3306,#2653,#2654);
#2296=AXIS2_PLACEMENT_3D('',#3330,#2670,#2671);
#2297=AXIS2_PLACEMENT_3D('',#3332,#2673,#2674);
#2298=AXIS2_PLACEMENT_3D('',#3333,#2675,#2676);
#2299=AXIS2_PLACEMENT_3D('',#3335,#2678,#2679);
#2300=AXIS2_PLACEMENT_3D('',#3336,#2680,#2681);
#2301=AXIS2_PLACEMENT_3D('',#3338,#2683,#2684);
#2302=AXIS2_PLACEMENT_3D('',#3339,#2685,#2686);
#2303=AXIS2_PLACEMENT_3D('',#3341,#2688,#2689);
#2304=AXIS2_PLACEMENT_3D('',#3342,#2690,#2691);
#2305=AXIS2_PLACEMENT_3D('',#3344,#2693,#2694);
#2306=AXIS2_PLACEMENT_3D('',#3345,#2695,#2696);
#2307=AXIS2_PLACEMENT_3D('',#3347,#2698,#2699);
#2308=AXIS2_PLACEMENT_3D('',#3348,#2700,#2701);
#2309=AXIS2_PLACEMENT_3D('',#3351,#2704,#2705);
#2310=AXIS2_PLACEMENT_3D('',#3353,#2707,#2708);
#2311=AXIS2_PLACEMENT_3D('',#3355,#2710,#2711);
#2312=AXIS2_PLACEMENT_3D('',#3359,#2714,#2715);
#2313=AXIS2_PLACEMENT_3D('',#3363,#2718,#2719);
#2314=AXIS2_PLACEMENT_3D('',#3365,#2721,#2722);
#2315=AXIS2_PLACEMENT_3D('',#3367,#2723,#2724);
#2316=AXIS2_PLACEMENT_3D('',#3370,#2726,#2727);
#2317=AXIS2_PLACEMENT_3D('',#3371,#2728,#2729);
#2318=AXIS2_PLACEMENT_3D('',#3372,#2730,#2731);
#2319=AXIS2_PLACEMENT_3D('',#3381,#2736,#2737);
#2320=AXIS2_PLACEMENT_3D('',#3387,#2741,#2742);
#2321=AXIS2_PLACEMENT_3D('',#3393,#2746,#2747);
#2322=AXIS2_PLACEMENT_3D('',#3396,#2750,#2751);
#2323=AXIS2_PLACEMENT_3D('',#3397,#2752,#2753);
#2324=AXIS2_PLACEMENT_3D('',#3399,#2754,#2755);
#2325=AXIS2_PLACEMENT_3D('',#3402,#2757,#2758);
#2326=AXIS2_PLACEMENT_3D('',#3403,#2759,#2760);
#2327=AXIS2_PLACEMENT_3D('',#3404,#2761,#2762);
#2328=AXIS2_PLACEMENT_3D('',#3413,#2767,#2768);
#2329=AXIS2_PLACEMENT_3D('',#3419,#2772,#2773);
#2330=AXIS2_PLACEMENT_3D('',#3425,#2777,#2778);
#2331=AXIS2_PLACEMENT_3D('',#3428,#2781,#2782);
#2332=AXIS2_PLACEMENT_3D('',#3429,#2783,#2784);
#2333=AXIS2_PLACEMENT_3D('',#3438,#2789,#2790);
#2334=AXIS2_PLACEMENT_3D('',#3444,#2794,#2795);
#2335=AXIS2_PLACEMENT_3D('',#3450,#2799,#2800);
#2336=AXIS2_PLACEMENT_3D('',#3453,#2803,#2804);
#2337=AXIS2_PLACEMENT_3D('',#3454,#2805,#2806);
#2338=AXIS2_PLACEMENT_3D('',#3455,#2807,#2808);
#2339=AXIS2_PLACEMENT_3D('',#3456,#2809,#2810);
#2340=AXIS2_PLACEMENT_3D('',#3457,#2811,#2812);
#2341=AXIS2_PLACEMENT_3D('',#3466,#2817,#2818);
#2342=AXIS2_PLACEMENT_3D('',#3472,#2822,#2823);
#2343=AXIS2_PLACEMENT_3D('',#3478,#2827,#2828);
#2344=AXIS2_PLACEMENT_3D('',#3481,#2831,#2832);
#2345=AXIS2_PLACEMENT_3D('',#3482,#2833,#2834);
#2346=AXIS2_PLACEMENT_3D('',#3484,#2835,#2836);
#2347=AXIS2_PLACEMENT_3D('',#3485,#2837,#2838);
#2348=AXIS2_PLACEMENT_3D('',#3488,#2840,#2841);
#2349=AXIS2_PLACEMENT_3D('',#3489,#2842,#2843);
#2350=AXIS2_PLACEMENT_3D('',#3490,#2844,#2845);
#2351=AXIS2_PLACEMENT_3D('',#3491,#2846,#2847);
#2352=AXIS2_PLACEMENT_3D('',#3498,#2848,#2849);
#2353=AXIS2_PLACEMENT_3D('',#3504,#2850,#2851);
#2354=AXIS2_PLACEMENT_3D('',#3505,#2852,#2853);
#2355=AXIS2_PLACEMENT_3D('',#3506,#2854,#2855);
#2356=AXIS2_PLACEMENT_3D('',#3508,#2857,#2858);
#2357=AXIS2_PLACEMENT_3D('',#3514,#2862,#2863);
#2358=AXIS2_PLACEMENT_3D('',#3515,#2864,#2865);
#2359=AXIS2_PLACEMENT_3D('',#3516,#2866,#2867);
#2360=AXIS2_PLACEMENT_3D('',#3518,#2868,#2869);
#2361=AXIS2_PLACEMENT_3D('',#3520,#2871,#2872);
#2362=AXIS2_PLACEMENT_3D('',#3521,#2873,#2874);
#2363=AXIS2_PLACEMENT_3D('',#3523,#2875,#2876);
#2364=AXIS2_PLACEMENT_3D('',#3526,#2878,#2879);
#2365=AXIS2_PLACEMENT_3D('',#3527,#2880,#2881);
#2366=AXIS2_PLACEMENT_3D('',#3530,#2882,#2883);
#2367=AXIS2_PLACEMENT_3D('',#3534,#2885,#2886);
#2368=AXIS2_PLACEMENT_3D('',#3538,#2888,#2889);
#2369=AXIS2_PLACEMENT_3D('',#3542,#2891,#2892);
#2370=AXIS2_PLACEMENT_3D('',#3545,#2894,#2895);
#2371=AXIS2_PLACEMENT_3D('',#3547,#2896,#2897);
#2372=AXIS2_PLACEMENT_3D('',#3549,#2898,#2899);
#2373=AXIS2_PLACEMENT_3D('',#3551,#2900,#2901);
#2374=AXIS2_PLACEMENT_3D('',#3552,#2902,#2903);
#2375=AXIS2_PLACEMENT_3D('',#3555,#2905,#2906);
#2376=AXIS2_PLACEMENT_3D('',#3556,#2907,#2908);
#2377=AXIS2_PLACEMENT_3D('',#3559,#2910,#2911);
#2378=AXIS2_PLACEMENT_3D('',#3560,#2912,#2913);
#2379=AXIS2_PLACEMENT_3D('',#3563,#2915,#2916);
#2380=AXIS2_PLACEMENT_3D('',#3564,#2917,#2918);
#2381=AXIS2_PLACEMENT_3D('',#3567,#2920,#2921);
#2382=AXIS2_PLACEMENT_3D('',#3568,#2922,#2923);
#2383=AXIS2_PLACEMENT_3D('',#3571,#2925,#2926);
#2384=AXIS2_PLACEMENT_3D('',#3572,#2927,#2928);
#2385=AXIS2_PLACEMENT_3D('',#3575,#2930,#2931);
#2386=AXIS2_PLACEMENT_3D('',#3576,#2932,#2933);
#2387=AXIS2_PLACEMENT_3D('',#3579,#2935,#2936);
#2388=AXIS2_PLACEMENT_3D('',#3580,#2937,#2938);
#2389=AXIS2_PLACEMENT_3D('',#3582,#2939,#2940);
#2390=AXIS2_PLACEMENT_3D('',#3585,#2942,#2943);
#2391=AXIS2_PLACEMENT_3D('',#3586,#2944,#2945);
#2392=AXIS2_PLACEMENT_3D('',#3589,#2947,#2948);
#2393=AXIS2_PLACEMENT_3D('',#3590,#2949,#2950);
#2394=AXIS2_PLACEMENT_3D('',#3592,#2951,#2952);
#2395=AXIS2_PLACEMENT_3D('',#3593,#2953,#2954);
#2396=AXIS2_PLACEMENT_3D('',#3595,#2955,#2956);
#2397=AXIS2_PLACEMENT_3D('',#3598,#2958,#2959);
#2398=AXIS2_PLACEMENT_3D('',#3599,#2960,#2961);
#2399=AXIS2_PLACEMENT_3D('',#3601,#2963,#2964);
#2400=AXIS2_PLACEMENT_3D('',#3603,#2965,#2966);
#2401=AXIS2_PLACEMENT_3D('',#3604,#2967,#2968);
#2402=AXIS2_PLACEMENT_3D('',#3607,#2969,#2970);
#2403=AXIS2_PLACEMENT_3D('',#3611,#2972,#2973);
#2404=AXIS2_PLACEMENT_3D('',#3615,#2975,#2976);
#2405=AXIS2_PLACEMENT_3D('',#3619,#2978,#2979);
#2406=AXIS2_PLACEMENT_3D('',#3622,#2981,#2982);
#2407=AXIS2_PLACEMENT_3D('',#3623,#2983,#2984);
#2408=AXIS2_PLACEMENT_3D('',#3626,#2987,#2988);
#2409=AXIS2_PLACEMENT_3D('',#3628,#2990,#2991);
#2410=AXIS2_PLACEMENT_3D('',#3630,#2993,#2994);
#2411=AXIS2_PLACEMENT_3D('',#3632,#2996,#2997);
#2412=AXIS2_PLACEMENT_3D('',#3634,#2999,#3000);
#2413=AXIS2_PLACEMENT_3D('',#3636,#3002,#3003);
#2414=AXIS2_PLACEMENT_3D('',#3638,#3005,#3006);
#2415=AXIS2_PLACEMENT_3D('',#3639,#3007,#3008);
#2416=AXIS2_PLACEMENT_3D('',#3641,#3009,#3010);
#2417=AXIS2_PLACEMENT_3D('',#3642,#3011,#3012);
#2418=AXIS2_PLACEMENT_3D('',#3644,#3014,#3015);
#2419=AXIS2_PLACEMENT_3D('',#3646,#3017,#3018);
#2420=AXIS2_PLACEMENT_3D('',#3647,#3019,#3020);
#2421=DIRECTION('axis',(0.,0.,1.));
#2422=DIRECTION('refdir',(1.,0.,0.));
#2423=DIRECTION('axis',(0.,0.,1.));
#2424=DIRECTION('refdir',(1.,0.,0.));
#2425=DIRECTION('center_axis',(0.,0.,1.));
#2426=DIRECTION('ref_axis',(-1.,0.,0.));
#2427=DIRECTION('center_axis',(0.,0.,1.));
#2428=DIRECTION('ref_axis',(-1.,0.,0.));
#2429=DIRECTION('',(0.,0.,-1.));
#2430=DIRECTION('center_axis',(0.,0.,-1.));
#2431=DIRECTION('ref_axis',(-1.,0.,0.));
#2432=DIRECTION('center_axis',(0.,0.,1.));
#2433=DIRECTION('ref_axis',(-1.,0.,0.));
#2434=DIRECTION('center_axis',(0.,0.,1.));
#2435=DIRECTION('ref_axis',(1.,0.,0.));
#2436=DIRECTION('center_axis',(0.,0.,1.));
#2437=DIRECTION('ref_axis',(1.,0.,0.));
#2438=DIRECTION('',(0.,0.,-1.));
#2439=DIRECTION('center_axis',(0.,0.,1.));
#2440=DIRECTION('ref_axis',(1.,0.,0.));
#2441=DIRECTION('center_axis',(0.,0.,1.));
#2442=DIRECTION('ref_axis',(1.,0.,0.));
#2443=DIRECTION('center_axis',(0.,0.,1.));
#2444=DIRECTION('ref_axis',(1.,0.,0.));
#2445=DIRECTION('axis',(0.,0.,1.));
#2446=DIRECTION('refdir',(1.,0.,0.));
#2447=DIRECTION('center_axis',(0.,1.,0.));
#2448=DIRECTION('ref_axis',(0.,0.,1.));
#2449=DIRECTION('',(0.,0.,1.));
#2450=DIRECTION('',(1.,0.,0.));
#2451=DIRECTION('',(0.,0.,-1.));
#2452=DIRECTION('',(1.,0.,0.));
#2453=DIRECTION('center_axis',(0.,0.,-1.));
#2454=DIRECTION('ref_axis',(0.,1.,0.));
#2455=DIRECTION('',(0.,1.,0.));
#2456=DIRECTION('',(-1.,0.,0.));
#2457=DIRECTION('',(0.,-1.,0.));
#2458=DIRECTION('center_axis',(0.,0.,-1.));
#2459=DIRECTION('ref_axis',(0.,1.,0.));
#2460=DIRECTION('',(0.,-1.,0.));
#2461=DIRECTION('',(1.,0.,0.));
#2462=DIRECTION('',(0.,1.,0.));
#2463=DIRECTION('',(-1.,0.,0.));
#2464=DIRECTION('center_axis',(0.,0.,1.));
#2465=DIRECTION('ref_axis',(0.,-1.,0.));
#2466=DIRECTION('',(0.,-1.,0.));
#2467=DIRECTION('',(0.,1.,0.));
#2468=DIRECTION('',(1.,0.,0.));
#2469=DIRECTION('center_axis',(0.,0.,1.));
#2470=DIRECTION('ref_axis',(0.,-1.,0.));
#2471=DIRECTION('',(0.,1.,0.));
#2472=DIRECTION('',(1.,0.,0.));
#2473=DIRECTION('',(0.,-1.,0.));
#2474=DIRECTION('',(1.,0.,0.));
#2475=DIRECTION('center_axis',(0.,1.,0.));
#2476=DIRECTION('ref_axis',(0.,0.,1.));
#2477=DIRECTION('',(0.,0.,-1.));
#2478=DIRECTION('',(0.,0.,1.));
#2479=DIRECTION('center_axis',(-1.,0.,0.));
#2480=DIRECTION('ref_axis',(0.,-1.,0.));
#2481=DIRECTION('',(0.,0.,1.));
#2482=DIRECTION('',(0.,-1.,0.));
#2483=DIRECTION('',(0.,0.,1.));
#2484=DIRECTION('',(0.,1.,0.));
#2485=DIRECTION('',(0.,1.,0.));
#2486=DIRECTION('',(0.,0.,1.));
#2487=DIRECTION('center_axis',(0.,-1.,0.));
#2488=DIRECTION('ref_axis',(1.,0.,0.));
#2489=DIRECTION('',(0.,0.,1.));
#2490=DIRECTION('',(1.,0.,0.));
#2491=DIRECTION('',(0.,0.,-1.));
#2492=DIRECTION('',(1.,0.,0.));
#2493=DIRECTION('',(0.,0.,-1.));
#2494=DIRECTION('center_axis',(0.,-1.,0.));
#2495=DIRECTION('ref_axis',(1.,0.,0.));
#2496=DIRECTION('',(0.,0.,1.));
#2497=DIRECTION('',(1.,0.,0.));
#2498=DIRECTION('',(0.,0.,1.));
#2499=DIRECTION('',(1.,0.,0.));
#2500=DIRECTION('center_axis',(0.,-1.,0.));
#2501=DIRECTION('ref_axis',(1.,0.,0.));
#2502=DIRECTION('',(-1.,0.,0.));
#2503=DIRECTION('',(0.,0.,1.));
#2504=DIRECTION('',(0.,0.,-1.));
#2505=DIRECTION('',(-1.,0.,0.));
#2506=DIRECTION('',(0.,0.,1.));
#2507=DIRECTION('center_axis',(1.,0.,0.));
#2508=DIRECTION('ref_axis',(0.,1.,0.));
#2509=DIRECTION('',(0.,-1.,0.));
#2510=DIRECTION('',(0.,-1.,0.));
#2511=DIRECTION('',(0.,0.,1.));
#2512=DIRECTION('',(0.,1.,0.));
#2513=DIRECTION('center_axis',(0.,1.,0.));
#2514=DIRECTION('ref_axis',(0.,0.,1.));
#2515=DIRECTION('',(0.,0.,-1.));
#2516=DIRECTION('',(1.,0.,0.));
#2517=DIRECTION('',(0.,0.,1.));
#2518=DIRECTION('',(-1.,0.,0.));
#2519=DIRECTION('center_axis',(0.,1.,0.));
#2520=DIRECTION('ref_axis',(0.,0.,1.));
#2521=DIRECTION('',(0.,0.,1.));
#2522=DIRECTION('',(-1.,0.,0.));
#2523=DIRECTION('',(0.,0.,-1.));
#2524=DIRECTION('',(1.,0.,0.));
#2525=DIRECTION('center_axis',(0.,1.,0.));
#2526=DIRECTION('ref_axis',(0.,0.,1.));
#2527=DIRECTION('',(0.,0.,-1.));
#2528=DIRECTION('',(1.,0.,0.));
#2529=DIRECTION('',(0.,0.,1.));
#2530=DIRECTION('',(-1.,0.,0.));
#2531=DIRECTION('center_axis',(0.,1.,0.));
#2532=DIRECTION('ref_axis',(0.,0.,1.));
#2533=DIRECTION('',(-1.,0.,0.));
#2534=DIRECTION('',(0.,0.,-1.));
#2535=DIRECTION('',(1.,0.,0.));
#2536=DIRECTION('',(0.,0.,1.));
#2537=DIRECTION('center_axis',(0.,1.,0.));
#2538=DIRECTION('ref_axis',(0.,0.,1.));
#2539=DIRECTION('',(0.,0.,-1.));
#2540=DIRECTION('',(1.,0.,0.));
#2541=DIRECTION('',(0.,0.,1.));
#2542=DIRECTION('',(-1.,0.,0.));
#2543=DIRECTION('center_axis',(0.,1.,0.));
#2544=DIRECTION('ref_axis',(0.,0.,1.));
#2545=DIRECTION('',(0.,0.,-1.));
#2546=DIRECTION('',(1.,0.,0.));
#2547=DIRECTION('',(0.,0.,1.));
#2548=DIRECTION('',(-1.,0.,0.));
#2549=DIRECTION('center_axis',(0.,0.,-1.));
#2550=DIRECTION('ref_axis',(-1.,0.,0.));
#2551=DIRECTION('',(0.,1.,0.));
#2552=DIRECTION('',(-1.,0.,0.));
#2553=DIRECTION('',(0.,1.,0.));
#2554=DIRECTION('center_axis',(-1.,0.,0.));
#2555=DIRECTION('ref_axis',(0.,0.,1.));
#2556=DIRECTION('',(0.,1.,0.));
#2557=DIRECTION('',(0.,0.,1.));
#2558=DIRECTION('center_axis',(0.,0.,1.));
#2559=DIRECTION('ref_axis',(1.,0.,0.));
#2560=DIRECTION('',(0.,1.,0.));
#2561=DIRECTION('',(1.,0.,0.));
#2562=DIRECTION('',(0.,1.,0.));
#2563=DIRECTION('center_axis',(1.,0.,0.));
#2564=DIRECTION('ref_axis',(0.,0.,-1.));
#2565=DIRECTION('',(0.,1.,0.));
#2566=DIRECTION('',(0.,0.,-1.));
#2567=DIRECTION('center_axis',(0.,0.,-1.));
#2568=DIRECTION('ref_axis',(-1.,0.,0.));
#2569=DIRECTION('',(0.,1.,0.));
#2570=DIRECTION('',(-1.,0.,0.));
#2571=DIRECTION('',(0.,1.,0.));
#2572=DIRECTION('center_axis',(-1.,0.,0.));
#2573=DIRECTION('ref_axis',(0.,0.,1.));
#2574=DIRECTION('',(0.,1.,0.));
#2575=DIRECTION('',(0.,0.,1.));
#2576=DIRECTION('center_axis',(-1.,0.,0.));
#2577=DIRECTION('ref_axis',(0.,0.,1.));
#2578=DIRECTION('',(0.,1.,0.));
#2579=DIRECTION('',(0.,0.,1.));
#2580=DIRECTION('',(0.,1.,0.));
#2581=DIRECTION('center_axis',(0.,0.,1.));
#2582=DIRECTION('ref_axis',(1.,0.,0.));
#2583=DIRECTION('',(0.,1.,0.));
#2584=DIRECTION('',(1.,0.,0.));
#2585=DIRECTION('center_axis',(0.,0.,-1.));
#2586=DIRECTION('ref_axis',(-1.,0.,0.));
#2587=DIRECTION('',(0.,1.,0.));
#2588=DIRECTION('',(-1.,0.,0.));
#2589=DIRECTION('',(0.,1.,0.));
#2590=DIRECTION('center_axis',(-1.,0.,0.));
#2591=DIRECTION('ref_axis',(0.,0.,1.));
#2592=DIRECTION('',(0.,1.,0.));
#2593=DIRECTION('',(0.,0.,1.));
#2594=DIRECTION('center_axis',(0.,0.,-1.));
#2595=DIRECTION('ref_axis',(-1.,0.,0.));
#2596=DIRECTION('',(0.,1.,0.));
#2597=DIRECTION('',(-1.,0.,0.));
#2598=DIRECTION('',(0.,1.,0.));
#2599=DIRECTION('center_axis',(-1.,0.,0.));
#2600=DIRECTION('ref_axis',(0.,0.,1.));
#2601=DIRECTION('',(0.,1.,0.));
#2602=DIRECTION('',(0.,0.,1.));
#2603=DIRECTION('center_axis',(0.,0.,-1.));
#2604=DIRECTION('ref_axis',(-1.,0.,0.));
#2605=DIRECTION('',(1.,0.,0.));
#2606=DIRECTION('',(0.,-1.,0.));
#2607=DIRECTION('',(1.,0.,0.));
#2608=DIRECTION('',(0.,1.,0.));
#2609=DIRECTION('center_axis',(-1.,0.,0.));
#2610=DIRECTION('ref_axis',(0.,1.,0.));
#2611=DIRECTION('',(0.,1.,0.));
#2612=DIRECTION('',(0.,0.,-1.));
#2613=DIRECTION('',(0.,-1.,0.));
#2614=DIRECTION('',(0.,0.,-1.));
#2615=DIRECTION('center_axis',(0.,-1.,0.));
#2616=DIRECTION('ref_axis',(-1.,0.,0.));
#2617=DIRECTION('',(-1.,0.,0.));
#2618=DIRECTION('',(0.,0.,-1.));
#2619=DIRECTION('',(1.,0.,0.));
#2620=DIRECTION('center_axis',(0.,0.,-1.));
#2621=DIRECTION('ref_axis',(-1.,0.,0.));
#2622=DIRECTION('',(1.,0.,0.));
#2623=DIRECTION('',(0.,-1.,0.));
#2624=DIRECTION('',(1.,0.,0.));
#2625=DIRECTION('',(0.,1.,0.));
#2626=DIRECTION('center_axis',(0.,-1.,0.));
#2627=DIRECTION('ref_axis',(-1.,0.,0.));
#2628=DIRECTION('',(-1.,0.,0.));
#2629=DIRECTION('',(0.,0.,-1.));
#2630=DIRECTION('',(1.,0.,0.));
#2631=DIRECTION('',(0.,0.,-1.));
#2632=DIRECTION('center_axis',(1.,0.,0.));
#2633=DIRECTION('ref_axis',(0.,-1.,0.));
#2634=DIRECTION('',(0.,-1.,0.));
#2635=DIRECTION('',(0.,0.,1.));
#2636=DIRECTION('',(0.,1.,0.));
#2637=DIRECTION('center_axis',(0.,1.,0.));
#2638=DIRECTION('ref_axis',(-1.,0.,0.));
#2639=DIRECTION('',(0.,0.,1.));
#2640=DIRECTION('',(-1.,0.,0.));
#2641=DIRECTION('',(1.,0.,0.));
#2642=DIRECTION('',(-1.,0.,0.));
#2643=DIRECTION('',(0.,0.,-1.));
#2644=DIRECTION('',(-1.,0.,0.));
#2645=DIRECTION('center_axis',(0.,0.,1.));
#2646=DIRECTION('ref_axis',(1.,0.,0.));
#2647=DIRECTION('',(0.,1.,0.));
#2648=DIRECTION('',(0.,-1.,0.));
#2649=DIRECTION('',(1.,0.,0.));
#2650=DIRECTION('',(0.,1.,0.));
#2651=DIRECTION('',(0.,1.,0.));
#2652=DIRECTION('',(1.,0.,0.));
#2653=DIRECTION('center_axis',(0.,1.,0.));
#2654=DIRECTION('ref_axis',(0.,0.,1.));
#2655=DIRECTION('',(0.,0.,1.));
#2656=DIRECTION('',(-1.,0.,0.));
#2657=DIRECTION('',(0.,0.,-1.));
#2658=DIRECTION('',(1.,0.,0.));
#2659=DIRECTION('',(0.,0.,-1.));
#2660=DIRECTION('',(-1.,0.,0.));
#2661=DIRECTION('',(0.,0.,1.));
#2662=DIRECTION('',(0.,0.,-1.));
#2663=DIRECTION('',(-1.,0.,0.));
#2664=DIRECTION('',(1.,0.,0.));
#2665=DIRECTION('',(0.,0.,-1.));
#2666=DIRECTION('',(1.,0.,0.));
#2667=DIRECTION('',(0.,0.,-1.));
#2668=DIRECTION('',(1.,0.,0.));
#2669=DIRECTION('',(0.,0.,-1.));
#2670=DIRECTION('center_axis',(0.,0.,1.));
#2671=DIRECTION('ref_axis',(1.,0.,0.));
#2672=DIRECTION('',(0.,1.,0.));
#2673=DIRECTION('center_axis',(1.,0.,0.));
#2674=DIRECTION('ref_axis',(0.,0.,-1.));
#2675=DIRECTION('center_axis',(0.,0.,-1.));
#2676=DIRECTION('ref_axis',(-1.,0.,0.));
#2677=DIRECTION('',(0.,1.,0.));
#2678=DIRECTION('center_axis',(-1.,0.,0.));
#2679=DIRECTION('ref_axis',(0.,0.,1.));
#2680=DIRECTION('center_axis',(1.,0.,0.));
#2681=DIRECTION('ref_axis',(0.,0.,-1.));
#2682=DIRECTION('',(0.,1.,0.));
#2683=DIRECTION('center_axis',(0.,0.,-1.));
#2684=DIRECTION('ref_axis',(-1.,0.,0.));
#2685=DIRECTION('center_axis',(0.,0.,1.));
#2686=DIRECTION('ref_axis',(1.,0.,0.));
#2687=DIRECTION('',(0.,1.,0.));
#2688=DIRECTION('center_axis',(1.,0.,0.));
#2689=DIRECTION('ref_axis',(0.,0.,-1.));
#2690=DIRECTION('center_axis',(0.,0.,1.));
#2691=DIRECTION('ref_axis',(1.,0.,0.));
#2692=DIRECTION('',(0.,1.,0.));
#2693=DIRECTION('center_axis',(1.,0.,0.));
#2694=DIRECTION('ref_axis',(0.,0.,-1.));
#2695=DIRECTION('center_axis',(0.,0.,1.));
#2696=DIRECTION('ref_axis',(1.,0.,0.));
#2697=DIRECTION('',(0.,1.,0.));
#2698=DIRECTION('center_axis',(1.,0.,0.));
#2699=DIRECTION('ref_axis',(0.,0.,-1.));
#2700=DIRECTION('center_axis',(-1.,0.,0.));
#2701=DIRECTION('ref_axis',(0.,0.,1.));
#2702=DIRECTION('',(0.,1.,0.));
#2703=DIRECTION('',(0.,1.,0.));
#2704=DIRECTION('center_axis',(0.,0.,-1.));
#2705=DIRECTION('ref_axis',(-1.,0.,0.));
#2706=DIRECTION('',(0.,1.,0.));
#2707=DIRECTION('center_axis',(1.,0.,0.));
#2708=DIRECTION('ref_axis',(0.,0.,-1.));
#2709=DIRECTION('',(0.,-1.,0.));
#2710=DIRECTION('center_axis',(1.,0.,0.));
#2711=DIRECTION('ref_axis',(0.,-1.,0.));
#2712=DIRECTION('',(0.,-1.,0.));
#2713=DIRECTION('',(0.,0.,-1.));
#2714=DIRECTION('center_axis',(0.,1.,0.));
#2715=DIRECTION('ref_axis',(1.,0.,0.));
#2716=DIRECTION('',(1.,0.,0.));
#2717=DIRECTION('',(0.,0.,-1.));
#2718=DIRECTION('center_axis',(-1.,0.,0.));
#2719=DIRECTION('ref_axis',(0.,1.,0.));
#2720=DIRECTION('',(0.,1.,0.));
#2721=DIRECTION('center_axis',(0.,0.,1.));
#2722=DIRECTION('ref_axis',(-1.,0.,0.));
#2723=DIRECTION('center_axis',(0.,0.,1.));
#2724=DIRECTION('ref_axis',(-1.,0.,0.));
#2725=DIRECTION('',(0.,0.,-1.));
#2726=DIRECTION('center_axis',(0.,0.,-1.));
#2727=DIRECTION('ref_axis',(-1.,0.,0.));
#2728=DIRECTION('center_axis',(0.,0.,1.));
#2729=DIRECTION('ref_axis',(-1.,0.,0.));
#2730=DIRECTION('center_axis',(0.,-1.,0.));
#2731=DIRECTION('ref_axis',(1.,0.,0.));
#2732=DIRECTION('',(-1.,0.,0.));
#2733=DIRECTION('',(0.,0.,1.));
#2734=DIRECTION('',(1.,0.,0.));
#2735=DIRECTION('',(0.,0.,1.));
#2736=DIRECTION('center_axis',(-1.,0.,0.));
#2737=DIRECTION('ref_axis',(0.,-1.,0.));
#2738=DIRECTION('',(0.,1.,0.));
#2739=DIRECTION('',(0.,-1.,0.));
#2740=DIRECTION('',(0.,0.,1.));
#2741=DIRECTION('center_axis',(0.,1.,0.));
#2742=DIRECTION('ref_axis',(-1.,0.,0.));
#2743=DIRECTION('',(1.,0.,0.));
#2744=DIRECTION('',(-1.,0.,0.));
#2745=DIRECTION('',(0.,0.,1.));
#2746=DIRECTION('center_axis',(1.,0.,0.));
#2747=DIRECTION('ref_axis',(0.,1.,0.));
#2748=DIRECTION('',(0.,-1.,0.));
#2749=DIRECTION('',(0.,1.,0.));
#2750=DIRECTION('center_axis',(0.,0.,1.));
#2751=DIRECTION('ref_axis',(1.,0.,0.));
#2752=DIRECTION('center_axis',(0.,0.,1.));
#2753=DIRECTION('ref_axis',(-1.,0.,0.));
#2754=DIRECTION('center_axis',(0.,0.,1.));
#2755=DIRECTION('ref_axis',(-1.,0.,0.));
#2756=DIRECTION('',(0.,0.,-1.));
#2757=DIRECTION('center_axis',(0.,0.,-1.));
#2758=DIRECTION('ref_axis',(-1.,0.,0.));
#2759=DIRECTION('center_axis',(0.,0.,1.));
#2760=DIRECTION('ref_axis',(-1.,0.,0.));
#2761=DIRECTION('center_axis',(-0.707106781186548,-0.707106781186548,0.));
#2762=DIRECTION('ref_axis',(0.707106781186548,-0.707106781186548,0.));
#2763=DIRECTION('',(-0.707106781186548,0.707106781186548,0.));
#2764=DIRECTION('',(0.,0.,1.));
#2765=DIRECTION('',(0.707106781186548,-0.707106781186548,0.));
#2766=DIRECTION('',(0.,0.,1.));
#2767=DIRECTION('center_axis',(-0.707106781186548,0.707106781186548,0.));
#2768=DIRECTION('ref_axis',(-0.707106781186548,-0.707106781186548,0.));
#2769=DIRECTION('',(0.707106781186548,0.707106781186548,0.));
#2770=DIRECTION('',(-0.707106781186547,-0.707106781186547,0.));
#2771=DIRECTION('',(0.,0.,1.));
#2772=DIRECTION('center_axis',(0.707106781186549,0.707106781186546,0.));
#2773=DIRECTION('ref_axis',(-0.707106781186546,0.707106781186549,0.));
#2774=DIRECTION('',(0.707106781186546,-0.707106781186549,0.));
#2775=DIRECTION('',(-0.707106781186546,0.707106781186549,0.));
#2776=DIRECTION('',(0.,0.,1.));
#2777=DIRECTION('center_axis',(0.707106781186547,-0.707106781186548,0.));
#2778=DIRECTION('ref_axis',(0.707106781186548,0.707106781186547,0.));
#2779=DIRECTION('',(-0.707106781186548,-0.707106781186547,0.));
#2780=DIRECTION('',(0.707106781186548,0.707106781186547,0.));
#2781=DIRECTION('center_axis',(0.,0.,1.));
#2782=DIRECTION('ref_axis',(1.,0.,0.));
#2783=DIRECTION('center_axis',(-0.707106781186549,0.707106781186546,0.));
#2784=DIRECTION('ref_axis',(-0.707106781186546,-0.707106781186549,0.));
#2785=DIRECTION('',(0.707106781186546,0.707106781186549,0.));
#2786=DIRECTION('',(0.,0.,1.));
#2787=DIRECTION('',(-0.707106781186546,-0.707106781186549,0.));
#2788=DIRECTION('',(0.,0.,1.));
#2789=DIRECTION('center_axis',(0.707106781186548,0.707106781186548,0.));
#2790=DIRECTION('ref_axis',(-0.707106781186548,0.707106781186548,0.));
#2791=DIRECTION('',(0.707106781186548,-0.707106781186548,0.));
#2792=DIRECTION('',(-0.707106781186547,0.707106781186547,0.));
#2793=DIRECTION('',(0.,0.,1.));
#2794=DIRECTION('center_axis',(0.707106781186548,-0.707106781186548,0.));
#2795=DIRECTION('ref_axis',(0.707106781186548,0.707106781186548,0.));
#2796=DIRECTION('',(-0.707106781186547,-0.707106781186547,0.));
#2797=DIRECTION('',(0.707106781186548,0.707106781186548,0.));
#2798=DIRECTION('',(0.,0.,1.));
#2799=DIRECTION('center_axis',(-0.707106781186547,-0.707106781186548,0.));
#2800=DIRECTION('ref_axis',(0.707106781186548,-0.707106781186547,0.));
#2801=DIRECTION('',(-0.707106781186548,0.707106781186547,0.));
#2802=DIRECTION('',(0.707106781186548,-0.707106781186547,0.));
#2803=DIRECTION('center_axis',(0.,0.,1.));
#2804=DIRECTION('ref_axis',(1.,0.,0.));
#2805=DIRECTION('center_axis',(0.,0.,1.));
#2806=DIRECTION('ref_axis',(1.,0.,0.));
#2807=DIRECTION('center_axis',(0.,0.,1.));
#2808=DIRECTION('ref_axis',(-1.,0.,0.));
#2809=DIRECTION('center_axis',(0.,0.,1.));
#2810=DIRECTION('ref_axis',(-1.,0.,0.));
#2811=DIRECTION('center_axis',(0.,1.,0.));
#2812=DIRECTION('ref_axis',(-1.,0.,0.));
#2813=DIRECTION('',(1.,0.,0.));
#2814=DIRECTION('',(0.,0.,1.));
#2815=DIRECTION('',(-1.,0.,0.));
#2816=DIRECTION('',(0.,0.,1.));
#2817=DIRECTION('center_axis',(1.,0.,0.));
#2818=DIRECTION('ref_axis',(0.,1.,0.));
#2819=DIRECTION('',(0.,-1.,0.));
#2820=DIRECTION('',(0.,1.,0.));
#2821=DIRECTION('',(0.,0.,1.));
#2822=DIRECTION('center_axis',(0.,-1.,0.));
#2823=DIRECTION('ref_axis',(1.,0.,0.));
#2824=DIRECTION('',(-1.,0.,0.));
#2825=DIRECTION('',(1.,0.,0.));
#2826=DIRECTION('',(0.,0.,1.));
#2827=DIRECTION('center_axis',(-1.,0.,0.));
#2828=DIRECTION('ref_axis',(0.,-1.,0.));
#2829=DIRECTION('',(0.,1.,0.));
#2830=DIRECTION('',(0.,-1.,0.));
#2831=DIRECTION('center_axis',(0.,0.,1.));
#2832=DIRECTION('ref_axis',(1.,0.,0.));
#2833=DIRECTION('center_axis',(0.,0.,1.));
#2834=DIRECTION('ref_axis',(-1.,0.,0.));
#2835=DIRECTION('center_axis',(0.,0.,1.));
#2836=DIRECTION('ref_axis',(-1.,0.,0.));
#2837=DIRECTION('center_axis',(0.,0.,1.));
#2838=DIRECTION('ref_axis',(-1.,0.,0.));
#2839=DIRECTION('',(0.,0.,-1.));
#2840=DIRECTION('center_axis',(0.,0.,1.));
#2841=DIRECTION('ref_axis',(-1.,0.,0.));
#2842=DIRECTION('center_axis',(0.,0.,1.));
#2843=DIRECTION('ref_axis',(-1.,0.,0.));
#2844=DIRECTION('center_axis',(0.,0.,1.));
#2845=DIRECTION('ref_axis',(-1.,0.,0.));
#2846=DIRECTION('center_axis',(0.,0.,1.));
#2847=DIRECTION('ref_axis',(1.83697019872103E-16,1.,0.));
#2848=DIRECTION('center_axis',(0.,0.,1.));
#2849=DIRECTION('ref_axis',(-1.,0.,0.));
#2850=DIRECTION('center_axis',(0.,0.,-1.));
#2851=DIRECTION('ref_axis',(-1.,0.,0.));
#2852=DIRECTION('center_axis',(0.,0.,-1.));
#2853=DIRECTION('ref_axis',(-1.,0.,0.));
#2854=DIRECTION('center_axis',(0.,0.,1.));
#2855=DIRECTION('ref_axis',(1.,0.,0.));
#2856=DIRECTION('',(-1.,0.,0.));
#2857=DIRECTION('center_axis',(0.,1.,0.));
#2858=DIRECTION('ref_axis',(-1.,0.,0.));
#2859=DIRECTION('',(0.,0.,-1.));
#2860=DIRECTION('',(-1.,0.,0.));
#2861=DIRECTION('',(0.,0.,1.));
#2862=DIRECTION('center_axis',(0.,0.,-1.));
#2863=DIRECTION('ref_axis',(1.,0.,0.));
#2864=DIRECTION('center_axis',(0.,0.,1.));
#2865=DIRECTION('ref_axis',(-1.,0.,0.));
#2866=DIRECTION('center_axis',(0.,0.,-1.));
#2867=DIRECTION('ref_axis',(-1.,0.,0.));
#2868=DIRECTION('center_axis',(0.,0.,1.));
#2869=DIRECTION('ref_axis',(-1.,0.,0.));
#2870=DIRECTION('',(0.,0.,-1.));
#2871=DIRECTION('center_axis',(0.,0.,1.));
#2872=DIRECTION('ref_axis',(1.,0.,0.));
#2873=DIRECTION('center_axis',(0.,0.,-1.));
#2874=DIRECTION('ref_axis',(1.,0.,0.));
#2875=DIRECTION('center_axis',(0.,0.,-1.));
#2876=DIRECTION('ref_axis',(1.,0.,0.));
#2877=DIRECTION('',(0.707106781186547,-8.65956056235493E-17,0.707106781186547));
#2878=DIRECTION('center_axis',(0.,0.,1.));
#2879=DIRECTION('ref_axis',(1.,0.,0.));
#2880=DIRECTION('center_axis',(0.,0.,1.));
#2881=DIRECTION('ref_axis',(1.,0.,0.));
#2882=DIRECTION('center_axis',(0.,0.,-1.));
#2883=DIRECTION('ref_axis',(-3.5527136788005E-16,-1.,0.));
#2884=DIRECTION('',(-1.,0.,0.));
#2885=DIRECTION('center_axis',(0.,0.,-1.));
#2886=DIRECTION('ref_axis',(-1.,8.88178419700126E-17,0.));
#2887=DIRECTION('',(0.,1.,0.));
#2888=DIRECTION('center_axis',(0.,0.,-1.));
#2889=DIRECTION('ref_axis',(3.5527136788005E-16,1.,0.));
#2890=DIRECTION('',(1.,5.55111512312578E-17,0.));
#2891=DIRECTION('center_axis',(0.,0.,-1.));
#2892=DIRECTION('ref_axis',(1.,1.77635683940025E-16,0.));
#2893=DIRECTION('',(0.,-1.,0.));
#2894=DIRECTION('center_axis',(0.,0.,-1.));
#2895=DIRECTION('ref_axis',(1.,0.,0.));
#2896=DIRECTION('center_axis',(0.,0.,-1.));
#2897=DIRECTION('ref_axis',(1.,0.,0.));
#2898=DIRECTION('center_axis',(0.,0.,1.));
#2899=DIRECTION('ref_axis',(1.,0.,0.));
#2900=DIRECTION('center_axis',(0.,0.,-1.));
#2901=DIRECTION('ref_axis',(1.,0.,0.));
#2902=DIRECTION('center_axis',(0.,0.,-1.));
#2903=DIRECTION('ref_axis',(1.,0.,0.));
#2904=DIRECTION('',(0.,0.,1.));
#2905=DIRECTION('center_axis',(0.,0.,-1.));
#2906=DIRECTION('ref_axis',(1.,0.,0.));
#2907=DIRECTION('center_axis',(0.,0.,-1.));
#2908=DIRECTION('ref_axis',(1.,0.,0.));
#2909=DIRECTION('',(0.707106781186547,-8.65956056235493E-17,0.707106781186547));
#2910=DIRECTION('center_axis',(0.,0.,1.));
#2911=DIRECTION('ref_axis',(1.,0.,0.));
#2912=DIRECTION('center_axis',(0.,0.,-1.));
#2913=DIRECTION('ref_axis',(1.,0.,0.));
#2914=DIRECTION('',(0.,0.,1.));
#2915=DIRECTION('center_axis',(0.,0.,-1.));
#2916=DIRECTION('ref_axis',(1.,0.,0.));
#2917=DIRECTION('center_axis',(0.,0.,-1.));
#2918=DIRECTION('ref_axis',(1.,0.,0.));
#2919=DIRECTION('',(0.707106781186547,-8.65956056235493E-17,0.707106781186547));
#2920=DIRECTION('center_axis',(0.,0.,1.));
#2921=DIRECTION('ref_axis',(1.,0.,0.));
#2922=DIRECTION('center_axis',(0.,0.,-1.));
#2923=DIRECTION('ref_axis',(1.,0.,0.));
#2924=DIRECTION('',(0.,0.,1.));
#2925=DIRECTION('center_axis',(0.,0.,-1.));
#2926=DIRECTION('ref_axis',(1.,0.,0.));
#2927=DIRECTION('center_axis',(0.,0.,-1.));
#2928=DIRECTION('ref_axis',(1.,0.,0.));
#2929=DIRECTION('',(0.707106781186547,-8.65956056235493E-17,0.707106781186547));
#2930=DIRECTION('center_axis',(0.,0.,1.));
#2931=DIRECTION('ref_axis',(1.,0.,0.));
#2932=DIRECTION('center_axis',(0.,0.,-1.));
#2933=DIRECTION('ref_axis',(1.,0.,0.));
#2934=DIRECTION('',(0.,0.,1.));
#2935=DIRECTION('center_axis',(0.,0.,-1.));
#2936=DIRECTION('ref_axis',(1.,0.,0.));
#2937=DIRECTION('center_axis',(0.,0.,-1.));
#2938=DIRECTION('ref_axis',(1.,0.,0.));
#2939=DIRECTION('center_axis',(0.,0.,-1.));
#2940=DIRECTION('ref_axis',(1.,0.,0.));
#2941=DIRECTION('',(-0.707106781186546,-8.65956056235492E-17,-0.707106781186549));
#2942=DIRECTION('center_axis',(0.,0.,1.));
#2943=DIRECTION('ref_axis',(1.,0.,0.));
#2944=DIRECTION('center_axis',(0.,0.,1.));
#2945=DIRECTION('ref_axis',(1.,0.,0.));
#2946=DIRECTION('',(0.,0.,-1.));
#2947=DIRECTION('center_axis',(0.,0.,-1.));
#2948=DIRECTION('ref_axis',(1.,0.,0.));
#2949=DIRECTION('center_axis',(0.,0.,1.));
#2950=DIRECTION('ref_axis',(1.,0.,0.));
#2951=DIRECTION('center_axis',(0.,0.,-1.));
#2952=DIRECTION('ref_axis',(-1.,0.,0.));
#2953=DIRECTION('center_axis',(0.,0.,1.));
#2954=DIRECTION('ref_axis',(1.,0.,0.));
#2955=DIRECTION('center_axis',(0.,0.,1.));
#2956=DIRECTION('ref_axis',(1.,0.,0.));
#2957=DIRECTION('',(-0.707106781186546,8.65956056235491E-17,0.707106781186549));
#2958=DIRECTION('center_axis',(0.,0.,-1.));
#2959=DIRECTION('ref_axis',(1.,0.,0.));
#2960=DIRECTION('center_axis',(0.,0.,-1.));
#2961=DIRECTION('ref_axis',(1.,0.,0.));
#2962=DIRECTION('',(0.,0.,1.));
#2963=DIRECTION('center_axis',(0.,0.,-1.));
#2964=DIRECTION('ref_axis',(1.,0.,0.));
#2965=DIRECTION('center_axis',(0.,0.,1.));
#2966=DIRECTION('ref_axis',(1.,0.,0.));
#2967=DIRECTION('center_axis',(0.,0.,1.));
#2968=DIRECTION('ref_axis',(1.,0.,0.));
#2969=DIRECTION('center_axis',(0.,0.,1.));
#2970=DIRECTION('ref_axis',(-3.5527136788005E-16,-1.,0.));
#2971=DIRECTION('',(0.,1.,0.));
#2972=DIRECTION('center_axis',(0.,0.,1.));
#2973=DIRECTION('ref_axis',(1.,1.77635683940025E-16,0.));
#2974=DIRECTION('',(-1.,-5.55111512312578E-17,0.));
#2975=DIRECTION('center_axis',(0.,0.,1.));
#2976=DIRECTION('ref_axis',(3.5527136788005E-16,1.,0.));
#2977=DIRECTION('',(0.,-1.,0.));
#2978=DIRECTION('center_axis',(0.,0.,1.));
#2979=DIRECTION('ref_axis',(-1.,8.88178419700126E-17,0.));
#2980=DIRECTION('',(1.,0.,0.));
#2981=DIRECTION('center_axis',(0.,0.,-1.));
#2982=DIRECTION('ref_axis',(1.,0.,0.));
#2983=DIRECTION('center_axis',(0.,0.,-1.));
#2984=DIRECTION('ref_axis',(-3.5527136788005E-16,-1.,0.));
#2985=DIRECTION('',(0.,0.,-1.));
#2986=DIRECTION('',(0.,0.,-1.));
#2987=DIRECTION('center_axis',(0.,-1.,0.));
#2988=DIRECTION('ref_axis',(-1.,0.,0.));
#2989=DIRECTION('',(0.,0.,-1.));
#2990=DIRECTION('center_axis',(0.,0.,-1.));
#2991=DIRECTION('ref_axis',(-1.,8.88178419700126E-17,0.));
#2992=DIRECTION('',(0.,0.,-1.));
#2993=DIRECTION('center_axis',(-1.,0.,0.));
#2994=DIRECTION('ref_axis',(0.,1.,0.));
#2995=DIRECTION('',(0.,0.,-1.));
#2996=DIRECTION('center_axis',(0.,0.,-1.));
#2997=DIRECTION('ref_axis',(3.5527136788005E-16,1.,0.));
#2998=DIRECTION('',(0.,0.,-1.));
#2999=DIRECTION('center_axis',(-5.55111512312578E-17,1.,0.));
#3000=DIRECTION('ref_axis',(1.,5.55111512312578E-17,0.));
#3001=DIRECTION('',(0.,0.,-1.));
#3002=DIRECTION('center_axis',(0.,0.,-1.));
#3003=DIRECTION('ref_axis',(1.,1.77635683940025E-16,0.));
#3004=DIRECTION('',(0.,0.,-1.));
#3005=DIRECTION('center_axis',(1.,0.,0.));
#3006=DIRECTION('ref_axis',(0.,-1.,0.));
#3007=DIRECTION('center_axis',(0.,0.,1.));
#3008=DIRECTION('ref_axis',(1.,0.,0.));
#3009=DIRECTION('center_axis',(0.,0.,1.));
#3010=DIRECTION('ref_axis',(1.,0.,0.));
#3011=DIRECTION('center_axis',(0.,0.,1.));
#3012=DIRECTION('ref_axis',(1.,0.,0.));
#3013=DIRECTION('',(0.,0.,-1.));
#3014=DIRECTION('center_axis',(0.,0.,-1.));
#3015=DIRECTION('ref_axis',(-1.,0.,0.));
#3016=DIRECTION('',(0.,0.,-1.));
#3017=DIRECTION('',(0.,0.,1.));
#3018=DIRECTION('',(1.,0.,0.));
#3019=DIRECTION('',(0.,0.,1.));
#3020=DIRECTION('',(1.,0.,0.));
#3021=CARTESIAN_POINT('',(0.,0.,0.));
#3022=CARTESIAN_POINT('',(0.,0.,0.));
#3023=CARTESIAN_POINT('Origin',(-12.7,0.,22.5));
#3024=CARTESIAN_POINT('',(-8.7,4.89858719658941E-16,23.));
#3025=CARTESIAN_POINT('Origin',(-12.7,0.,23.));
#3026=CARTESIAN_POINT('',(-8.7,4.89858719658941E-16,22.5));
#3027=CARTESIAN_POINT('',(-8.7,4.89858719658941E-16,22.5));
#3028=CARTESIAN_POINT('Origin',(-12.7,0.,22.5));
#3029=CARTESIAN_POINT('Origin',(-12.7,0.,23.));
#3030=CARTESIAN_POINT('Origin',(-12.7,0.,19.5));
#3031=CARTESIAN_POINT('',(-29.2,-2.02066721859313E-15,22.5));
#3032=CARTESIAN_POINT('Origin',(-12.7,0.,22.5));
#3033=CARTESIAN_POINT('',(-29.2,-2.02066721859313E-15,19.5));
#3034=CARTESIAN_POINT('',(-29.2,-2.02066721859313E-15,19.5));
#3035=CARTESIAN_POINT('Origin',(-12.7,0.,19.5));
#3036=CARTESIAN_POINT('Origin',(-12.7,0.,22.5));
#3037=CARTESIAN_POINT('Origin',(-12.7,0.,19.5));
#3038=CARTESIAN_POINT('',(0.,0.,0.));
#3039=CARTESIAN_POINT('Origin',(-19.7,-14.0000001490116,28.6));
#3040=CARTESIAN_POINT('',(-6.2,-14.0000001490116,28.6));
#3041=CARTESIAN_POINT('',(-6.2,-14.0000001490116,29.6));
#3042=CARTESIAN_POINT('',(-6.2,-14.0000001490116,29.35));
#3043=CARTESIAN_POINT('',(-5.7,-14.0000001490116,28.6));
#3044=CARTESIAN_POINT('',(-19.7,-14.0000001490116,28.6));
#3045=CARTESIAN_POINT('',(-5.7,-14.0000001490116,29.6));
#3046=CARTESIAN_POINT('',(-5.7,-14.0000001490116,26.6));
#3047=CARTESIAN_POINT('',(-19.7,-14.0000001490116,29.6));
#3048=CARTESIAN_POINT('Origin',(-19.7,-16.0000001490116,28.6));
#3049=CARTESIAN_POINT('',(-6.2,-16.0000001490116,28.6));
#3050=CARTESIAN_POINT('',(-6.2,-16.0000001490116,28.6));
#3051=CARTESIAN_POINT('',(-5.7,-16.0000001490116,28.6));
#3052=CARTESIAN_POINT('',(-19.7,-16.0000001490116,28.6));
#3053=CARTESIAN_POINT('',(-5.7,-16.0000001490116,28.6));
#3054=CARTESIAN_POINT('Origin',(-19.7,-16.0000001490116,28.6));
#3055=CARTESIAN_POINT('',(-19.2,-14.0000001490116,28.6));
#3056=CARTESIAN_POINT('',(-19.2,-16.0000001490116,28.6));
#3057=CARTESIAN_POINT('',(-19.2,-16.0000001490116,28.6));
#3058=CARTESIAN_POINT('',(-19.7,-14.0000001490116,28.6));
#3059=CARTESIAN_POINT('',(-19.7,-14.0000001490116,28.6));
#3060=CARTESIAN_POINT('',(-19.7,-16.0000001490116,28.6));
#3061=CARTESIAN_POINT('',(-19.7,-13.0000001490116,28.6));
#3062=CARTESIAN_POINT('',(-19.7,-16.0000001490116,28.6));
#3063=CARTESIAN_POINT('Origin',(-19.7,-14.0000001490116,29.6));
#3064=CARTESIAN_POINT('',(-6.2,-16.0000001490116,29.6));
#3065=CARTESIAN_POINT('',(-6.2,-15.0000001490116,29.6));
#3066=CARTESIAN_POINT('',(-5.7,-16.0000001490116,29.6));
#3067=CARTESIAN_POINT('',(-5.7,-15.0000001490116,29.6));
#3068=CARTESIAN_POINT('',(-19.7,-16.0000001490116,29.6));
#3069=CARTESIAN_POINT('Origin',(-19.7,-14.0000001490116,29.6));
#3070=CARTESIAN_POINT('',(-19.2,-16.0000001490116,29.6));
#3071=CARTESIAN_POINT('',(-19.2,-14.0000001490116,29.6));
#3072=CARTESIAN_POINT('',(-19.2,-15.0000001490116,29.6));
#3073=CARTESIAN_POINT('',(-19.7,-16.0000001490116,29.6));
#3074=CARTESIAN_POINT('',(-19.7,-16.0000001490116,29.6));
#3075=CARTESIAN_POINT('',(-19.7,-14.0000001490116,29.6));
#3076=CARTESIAN_POINT('',(-19.7,-12.0000001490116,29.6));
#3077=CARTESIAN_POINT('',(-19.7,-14.0000001490116,29.6));
#3078=CARTESIAN_POINT('Origin',(-19.7,-14.0000001490116,28.6));
#3079=CARTESIAN_POINT('',(-19.2,-14.0000001490116,26.85));
#3080=CARTESIAN_POINT('',(-19.7,-14.0000001490116,26.6));
#3081=CARTESIAN_POINT('Origin',(-19.7,-10.0000001490116,24.6));
#3082=CARTESIAN_POINT('',(-19.7,-16.0000001490116,30.6));
#3083=CARTESIAN_POINT('',(-19.7,-16.0000001490116,24.6));
#3084=CARTESIAN_POINT('',(-19.7,-10.0000001490116,30.6));
#3085=CARTESIAN_POINT('',(-19.7,-16.0000001490116,30.6));
#3086=CARTESIAN_POINT('',(-19.7,-10.0000001490116,24.6));
#3087=CARTESIAN_POINT('',(-19.7,-10.0000001490116,24.6));
#3088=CARTESIAN_POINT('',(-19.7,-13.2664991614216,24.6));
#3089=CARTESIAN_POINT('',(-19.7,-5.00000007450581,24.6));
#3090=CARTESIAN_POINT('',(-19.7,-16.0000001490116,24.6));
#3091=CARTESIAN_POINT('',(-19.7,-16.0000001490116,24.6));
#3092=CARTESIAN_POINT('',(-19.7,-16.0000001490116,24.6));
#3093=CARTESIAN_POINT('Origin',(-19.7,-16.0000001490116,24.6));
#3094=CARTESIAN_POINT('',(-5.7,-16.0000001490116,30.6));
#3095=CARTESIAN_POINT('',(-5.7,-16.0000001490116,24.6));
#3096=CARTESIAN_POINT('',(-8.7,-16.0000001490116,30.6));
#3097=CARTESIAN_POINT('',(-5.7,-16.0000001490116,30.6));
#3098=CARTESIAN_POINT('',(-8.7,-16.0000001490116,30.1));
#3099=CARTESIAN_POINT('',(-8.7,-16.0000001490116,27.6));
#3100=CARTESIAN_POINT('',(-6.2,-16.0000001490116,30.1));
#3101=CARTESIAN_POINT('',(-13.95,-16.0000001490116,30.1));
#3102=CARTESIAN_POINT('',(-6.2,-16.0000001490116,27.35));
#3103=CARTESIAN_POINT('Origin',(-19.7,-16.0000001490116,24.6));
#3104=CARTESIAN_POINT('',(-19.2,-16.0000001490116,30.1));
#3105=CARTESIAN_POINT('',(-19.2,-16.0000001490116,24.85));
#3106=CARTESIAN_POINT('',(-16.7,-16.0000001490116,30.1));
#3107=CARTESIAN_POINT('',(-18.45,-16.0000001490116,30.1));
#3108=CARTESIAN_POINT('',(-16.7,-16.0000001490116,30.6));
#3109=CARTESIAN_POINT('',(-16.7,-16.0000001490116,27.6));
#3110=CARTESIAN_POINT('',(-5.7,-16.0000001490116,30.6));
#3111=CARTESIAN_POINT('Origin',(-19.7,-16.0000001490116,24.6));
#3112=CARTESIAN_POINT('',(-5.7,-16.0000001490116,24.6));
#3113=CARTESIAN_POINT('',(-5.7,-16.0000001490116,24.6));
#3114=CARTESIAN_POINT('',(-5.7,-16.0000001490116,24.6));
#3115=CARTESIAN_POINT('',(-6.2,-16.0000001490116,25.1));
#3116=CARTESIAN_POINT('',(-6.2,-16.0000001490116,27.35));
#3117=CARTESIAN_POINT('',(-19.2,-16.0000001490116,25.1));
#3118=CARTESIAN_POINT('',(-12.95,-16.0000001490116,25.1));
#3119=CARTESIAN_POINT('',(-19.2,-16.0000001490116,24.85));
#3120=CARTESIAN_POINT('Origin',(-5.7,-16.0000001490116,24.6));
#3121=CARTESIAN_POINT('',(-5.7,-13.2664991614216,24.6));
#3122=CARTESIAN_POINT('',(-5.7,-10.0000001490116,24.6));
#3123=CARTESIAN_POINT('',(-5.7,-10.0000001490116,24.6));
#3124=CARTESIAN_POINT('',(-5.7,-8.00000007450581,24.6));
#3125=CARTESIAN_POINT('',(-5.7,-10.0000001490116,30.6));
#3126=CARTESIAN_POINT('',(-5.7,-10.0000001490116,24.6));
#3127=CARTESIAN_POINT('',(-5.7,-10.0000001490116,30.6));
#3128=CARTESIAN_POINT('Origin',(-19.7,-15.0000001490116,24.6));
#3129=CARTESIAN_POINT('',(-15.3,-15.0000001490116,28.1));
#3130=CARTESIAN_POINT('',(-15.3,-15.0000001490116,27.6));
#3131=CARTESIAN_POINT('',(-15.3,-15.0000001490116,26.1));
#3132=CARTESIAN_POINT('',(-15.8,-15.0000001490116,28.1));
#3133=CARTESIAN_POINT('',(-17.5,-15.0000001490116,28.1));
#3134=CARTESIAN_POINT('',(-15.8,-15.0000001490116,27.6));
#3135=CARTESIAN_POINT('',(-15.8,-15.0000001490116,26.35));
#3136=CARTESIAN_POINT('',(-17.75,-15.0000001490116,27.6));
#3137=CARTESIAN_POINT('Origin',(-19.7,-15.0000001490116,24.6));
#3138=CARTESIAN_POINT('',(-12.,-15.0000001490116,27.6));
#3139=CARTESIAN_POINT('',(-12.,-15.0000001490116,28.1));
#3140=CARTESIAN_POINT('',(-12.,-15.0000001490116,26.35));
#3141=CARTESIAN_POINT('',(-11.5,-15.0000001490116,27.6));
#3142=CARTESIAN_POINT('',(-15.85,-15.0000001490116,27.6));
#3143=CARTESIAN_POINT('',(-11.5,-15.0000001490116,28.1));
#3144=CARTESIAN_POINT('',(-11.5,-15.0000001490116,26.1));
#3145=CARTESIAN_POINT('',(-15.6,-15.0000001490116,28.1));
#3146=CARTESIAN_POINT('Origin',(-19.7,-15.0000001490116,24.6));
#3147=CARTESIAN_POINT('',(-7.7,-15.0000001490116,28.1));
#3148=CARTESIAN_POINT('',(-7.7,-15.0000001490116,27.6));
#3149=CARTESIAN_POINT('',(-7.7,-15.0000001490116,26.1));
#3150=CARTESIAN_POINT('',(-8.2,-15.0000001490116,28.1));
#3151=CARTESIAN_POINT('',(-13.7,-15.0000001490116,28.1));
#3152=CARTESIAN_POINT('',(-8.2,-15.0000001490116,27.6));
#3153=CARTESIAN_POINT('',(-8.2,-15.0000001490116,26.35));
#3154=CARTESIAN_POINT('',(-13.95,-15.0000001490116,27.6));
#3155=CARTESIAN_POINT('Origin',(-19.7,-15.0000001490116,24.6));
#3156=CARTESIAN_POINT('',(-9.6,-15.0000001490116,27.6));
#3157=CARTESIAN_POINT('',(-10.1,-15.0000001490116,27.6));
#3158=CARTESIAN_POINT('',(-14.9,-15.0000001490116,27.6));
#3159=CARTESIAN_POINT('',(-9.6,-15.0000001490116,28.1));
#3160=CARTESIAN_POINT('',(-9.6,-15.0000001490116,26.1));
#3161=CARTESIAN_POINT('',(-10.1,-15.0000001490116,28.1));
#3162=CARTESIAN_POINT('',(-14.65,-15.0000001490116,28.1));
#3163=CARTESIAN_POINT('',(-10.1,-15.0000001490116,26.35));
#3164=CARTESIAN_POINT('Origin',(-19.7,-15.0000001490116,24.6));
#3165=CARTESIAN_POINT('',(-13.4,-15.0000001490116,28.1));
#3166=CARTESIAN_POINT('',(-13.4,-15.0000001490116,27.6));
#3167=CARTESIAN_POINT('',(-13.4,-15.0000001490116,26.1));
#3168=CARTESIAN_POINT('',(-13.9,-15.0000001490116,28.1));
#3169=CARTESIAN_POINT('',(-16.55,-15.0000001490116,28.1));
#3170=CARTESIAN_POINT('',(-13.9,-15.0000001490116,27.6));
#3171=CARTESIAN_POINT('',(-13.9,-15.0000001490116,26.35));
#3172=CARTESIAN_POINT('',(-16.8,-15.0000001490116,27.6));
#3173=CARTESIAN_POINT('Origin',(-19.7,-15.0000001490116,24.6));
#3174=CARTESIAN_POINT('',(-17.2,-15.0000001490116,28.1));
#3175=CARTESIAN_POINT('',(-17.2,-15.0000001490116,27.6));
#3176=CARTESIAN_POINT('',(-17.2,-15.0000001490116,26.1));
#3177=CARTESIAN_POINT('',(-17.7,-15.0000001490116,28.1));
#3178=CARTESIAN_POINT('',(-18.45,-15.0000001490116,28.1));
#3179=CARTESIAN_POINT('',(-17.7,-15.0000001490116,27.6));
#3180=CARTESIAN_POINT('',(-17.7,-15.0000001490116,26.35));
#3181=CARTESIAN_POINT('',(-18.7,-15.0000001490116,27.6));
#3182=CARTESIAN_POINT('Origin',(-15.3,-16.0000001490116,28.1));
#3183=CARTESIAN_POINT('',(-15.3,-10.5000001490116,28.1));
#3184=CARTESIAN_POINT('',(-15.3,-16.0000001490116,28.1));
#3185=CARTESIAN_POINT('',(-15.8,-10.5000001490116,28.1));
#3186=CARTESIAN_POINT('',(-15.8,-10.5000001490116,28.1));
#3187=CARTESIAN_POINT('',(-15.8,-16.0000001490116,28.1));
#3188=CARTESIAN_POINT('Origin',(-15.3,-16.0000001490116,27.6));
#3189=CARTESIAN_POINT('',(-15.3,-10.5000001490116,27.6));
#3190=CARTESIAN_POINT('',(-15.3,-16.0000001490116,27.6));
#3191=CARTESIAN_POINT('',(-15.3,-10.5000001490116,28.1));
#3192=CARTESIAN_POINT('Origin',(-12.,-16.0000001490116,27.6));
#3193=CARTESIAN_POINT('',(-12.,-10.5000001490116,27.6));
#3194=CARTESIAN_POINT('',(-12.,-16.0000001490116,27.6));
#3195=CARTESIAN_POINT('',(-11.5,-10.5000001490116,27.6));
#3196=CARTESIAN_POINT('',(-12.,-10.5000001490116,27.6));
#3197=CARTESIAN_POINT('',(-11.5,-16.0000001490116,27.6));
#3198=CARTESIAN_POINT('Origin',(-12.,-16.0000001490116,28.1));
#3199=CARTESIAN_POINT('',(-12.,-10.5000001490116,28.1));
#3200=CARTESIAN_POINT('',(-12.,-16.0000001490116,28.1));
#3201=CARTESIAN_POINT('',(-12.,-10.5000001490116,28.1));
#3202=CARTESIAN_POINT('Origin',(-7.7,-16.0000001490116,28.1));
#3203=CARTESIAN_POINT('',(-7.7,-10.5000001490116,28.1));
#3204=CARTESIAN_POINT('',(-7.7,-16.0000001490116,28.1));
#3205=CARTESIAN_POINT('',(-8.2,-10.5000001490116,28.1));
#3206=CARTESIAN_POINT('',(-7.7,-10.5000001490116,28.1));
#3207=CARTESIAN_POINT('',(-8.2,-16.0000001490116,28.1));
#3208=CARTESIAN_POINT('Origin',(-7.7,-16.0000001490116,27.6));
#3209=CARTESIAN_POINT('',(-7.7,-10.5000001490116,27.6));
#3210=CARTESIAN_POINT('',(-7.7,-16.0000001490116,27.6));
#3211=CARTESIAN_POINT('',(-7.7,-10.5000001490116,27.6));
#3212=CARTESIAN_POINT('Origin',(-9.6,-16.0000001490116,27.6));
#3213=CARTESIAN_POINT('',(-9.6,-10.5000001490116,27.6));
#3214=CARTESIAN_POINT('',(-9.6,-16.0000001490116,27.6));
#3215=CARTESIAN_POINT('',(-9.6,-10.5000001490116,28.1));
#3216=CARTESIAN_POINT('',(-9.6,-10.5000001490116,27.6));
#3217=CARTESIAN_POINT('',(-9.6,-16.0000001490116,28.1));
#3218=CARTESIAN_POINT('Origin',(-10.1,-16.0000001490116,27.6));
#3219=CARTESIAN_POINT('',(-10.1,-10.5000001490116,27.6));
#3220=CARTESIAN_POINT('',(-10.1,-16.0000001490116,27.6));
#3221=CARTESIAN_POINT('',(-10.1,-10.5000001490116,27.6));
#3222=CARTESIAN_POINT('Origin',(-13.4,-16.0000001490116,28.1));
#3223=CARTESIAN_POINT('',(-13.4,-10.5000001490116,28.1));
#3224=CARTESIAN_POINT('',(-13.4,-16.0000001490116,28.1));
#3225=CARTESIAN_POINT('',(-13.9,-10.5000001490116,28.1));
#3226=CARTESIAN_POINT('',(-13.9,-10.5000001490116,28.1));
#3227=CARTESIAN_POINT('',(-13.9,-16.0000001490116,28.1));
#3228=CARTESIAN_POINT('Origin',(-13.4,-16.0000001490116,27.6));
#3229=CARTESIAN_POINT('',(-13.4,-10.5000001490116,27.6));
#3230=CARTESIAN_POINT('',(-13.4,-16.0000001490116,27.6));
#3231=CARTESIAN_POINT('',(-13.4,-10.5000001490116,28.1));
#3232=CARTESIAN_POINT('Origin',(-17.2,-16.0000001490116,28.1));
#3233=CARTESIAN_POINT('',(-17.2,-10.5000001490116,28.1));
#3234=CARTESIAN_POINT('',(-17.2,-16.0000001490116,28.1));
#3235=CARTESIAN_POINT('',(-17.7,-10.5000001490116,28.1));
#3236=CARTESIAN_POINT('',(-17.7,-10.5000001490116,28.1));
#3237=CARTESIAN_POINT('',(-17.7,-16.0000001490116,28.1));
#3238=CARTESIAN_POINT('Origin',(-17.2,-16.0000001490116,27.6));
#3239=CARTESIAN_POINT('',(-17.2,-10.5000001490116,27.6));
#3240=CARTESIAN_POINT('',(-17.2,-16.0000001490116,27.6));
#3241=CARTESIAN_POINT('',(-17.2,-10.5000001490116,28.1));
#3242=CARTESIAN_POINT('Origin',(-6.6,-12.2500001490116,30.1));
#3243=CARTESIAN_POINT('',(-7.,-10.5000001490116,30.1));
#3244=CARTESIAN_POINT('',(-6.2,-10.5000001490116,30.1));
#3245=CARTESIAN_POINT('',(-6.2,-10.5000001490116,30.1));
#3246=CARTESIAN_POINT('',(-6.2,-10.0000001490116,30.1));
#3247=CARTESIAN_POINT('',(-6.2,-10.0000001490116,30.1));
#3248=CARTESIAN_POINT('',(-7.,-10.0000001490116,30.1));
#3249=CARTESIAN_POINT('',(-6.15,-10.0000001490116,30.1));
#3250=CARTESIAN_POINT('',(-7.,-14.5000001490116,30.1));
#3251=CARTESIAN_POINT('Origin',(-7.,-14.5000001490116,30.6));
#3252=CARTESIAN_POINT('',(-7.,-14.5000001490116,30.6));
#3253=CARTESIAN_POINT('',(-7.,-10.0000001490116,30.6));
#3254=CARTESIAN_POINT('',(-7.,-13.7500001490116,30.6));
#3255=CARTESIAN_POINT('',(-7.,-14.5000001490116,30.1));
#3256=CARTESIAN_POINT('',(-7.,-14.5000001490116,30.6));
#3257=CARTESIAN_POINT('',(-7.,-15.2500001490116,30.1));
#3258=CARTESIAN_POINT('',(-7.,-10.0000001490116,27.6));
#3259=CARTESIAN_POINT('Origin',(-6.2,-14.5000001490116,30.6));
#3260=CARTESIAN_POINT('',(-6.2,-14.5000001490116,30.6));
#3261=CARTESIAN_POINT('',(-9.45,-14.5000001490116,30.6));
#3262=CARTESIAN_POINT('',(-6.2,-14.5000001490116,30.1));
#3263=CARTESIAN_POINT('',(-6.2,-14.5000001490116,30.6));
#3264=CARTESIAN_POINT('',(-7.2,-14.5000001490116,30.1));
#3265=CARTESIAN_POINT('Origin',(-18.8,-12.2500001490116,30.1));
#3266=CARTESIAN_POINT('',(-19.2,-10.5000001490116,30.1));
#3267=CARTESIAN_POINT('',(-18.4,-10.5000001490116,30.1));
#3268=CARTESIAN_POINT('',(-6.2,-10.5000001490116,30.1));
#3269=CARTESIAN_POINT('',(-18.4,-10.0000001490116,30.1));
#3270=CARTESIAN_POINT('',(-18.4,-14.5000001490116,30.1));
#3271=CARTESIAN_POINT('',(-19.2,-10.0000001490116,30.1));
#3272=CARTESIAN_POINT('',(-12.25,-10.0000001490116,30.1));
#3273=CARTESIAN_POINT('',(-19.2,-10.0000001490116,30.1));
#3274=CARTESIAN_POINT('Origin',(-18.4,-14.5000001490116,30.6));
#3275=CARTESIAN_POINT('',(-18.4,-14.5000001490116,30.6));
#3276=CARTESIAN_POINT('',(-19.2,-14.5000001490116,30.6));
#3277=CARTESIAN_POINT('',(-15.55,-14.5000001490116,30.6));
#3278=CARTESIAN_POINT('',(-18.4,-14.5000001490116,30.1));
#3279=CARTESIAN_POINT('',(-18.4,-14.5000001490116,30.6));
#3280=CARTESIAN_POINT('',(-19.2,-14.5000001490116,30.1));
#3281=CARTESIAN_POINT('',(-13.3,-14.5000001490116,30.1));
#3282=CARTESIAN_POINT('',(-19.2,-14.5000001490116,30.6));
#3283=CARTESIAN_POINT('Origin',(-18.4,-10.0000001490116,30.6));
#3284=CARTESIAN_POINT('',(-18.4,-10.0000001490116,30.6));
#3285=CARTESIAN_POINT('',(-18.4,-11.5000001490116,30.6));
#3286=CARTESIAN_POINT('',(-18.4,-10.0000001490116,27.6));
#3287=CARTESIAN_POINT('',(-18.4,-13.0000001490116,30.1));
#3288=CARTESIAN_POINT('Origin',(-5.7,-10.0000001490116,24.6));
#3289=CARTESIAN_POINT('',(-6.2,-10.0000001490116,30.6));
#3290=CARTESIAN_POINT('',(-6.2,-10.0000001490116,27.6));
#3291=CARTESIAN_POINT('',(-19.7,-10.0000001490116,30.6));
#3292=CARTESIAN_POINT('',(-9.2,-10.0000001490116,24.6));
#3293=CARTESIAN_POINT('',(-19.2,-10.0000001490116,30.6));
#3294=CARTESIAN_POINT('',(-19.7,-10.0000001490116,30.6));
#3295=CARTESIAN_POINT('',(-19.2,-10.0000001490116,27.6));
#3296=CARTESIAN_POINT('',(-19.7,-10.0000001490116,30.6));
#3297=CARTESIAN_POINT('Origin',(-8.2,-16.0000001490116,30.1));
#3298=CARTESIAN_POINT('',(-6.2,-16.0000001490116,30.1));
#3299=CARTESIAN_POINT('',(-8.7,-11.7000001490116,30.1));
#3300=CARTESIAN_POINT('',(-8.7,-11.1000001490116,30.1));
#3301=CARTESIAN_POINT('',(-16.7,-11.7000001490116,30.1));
#3302=CARTESIAN_POINT('',(-16.95,-11.7000001490116,30.1));
#3303=CARTESIAN_POINT('',(-16.7,-13.2500001490116,30.1));
#3304=CARTESIAN_POINT('',(-19.2,-16.0000001490116,30.1));
#3305=CARTESIAN_POINT('',(-6.2,-10.5000001490116,30.1));
#3306=CARTESIAN_POINT('Origin',(-12.7,-10.5000001490116,27.6));
#3307=CARTESIAN_POINT('',(-19.2,-10.5000001490116,25.1));
#3308=CARTESIAN_POINT('',(-19.2,-10.5000001490116,30.1));
#3309=CARTESIAN_POINT('',(-6.2,-10.5000001490116,25.1));
#3310=CARTESIAN_POINT('',(-19.2,-10.5000001490116,25.1));
#3311=CARTESIAN_POINT('',(-6.2,-10.5000001490116,25.1));
#3312=CARTESIAN_POINT('',(-13.9,-10.5000001490116,27.6));
#3313=CARTESIAN_POINT('',(-13.4,-10.5000001490116,27.6));
#3314=CARTESIAN_POINT('',(-13.9,-10.5000001490116,27.6));
#3315=CARTESIAN_POINT('',(-11.5,-10.5000001490116,28.1));
#3316=CARTESIAN_POINT('',(-11.5,-10.5000001490116,28.1));
#3317=CARTESIAN_POINT('',(-11.5,-10.5000001490116,27.6));
#3318=CARTESIAN_POINT('',(-10.1,-10.5000001490116,28.1));
#3319=CARTESIAN_POINT('',(-10.1,-10.5000001490116,28.1));
#3320=CARTESIAN_POINT('',(-9.6,-10.5000001490116,28.1));
#3321=CARTESIAN_POINT('',(-8.2,-10.5000001490116,27.6));
#3322=CARTESIAN_POINT('',(-8.2,-10.5000001490116,27.6));
#3323=CARTESIAN_POINT('',(-8.2,-10.5000001490116,28.1));
#3324=CARTESIAN_POINT('',(-17.7,-10.5000001490116,27.6));
#3325=CARTESIAN_POINT('',(-17.2,-10.5000001490116,27.6));
#3326=CARTESIAN_POINT('',(-17.7,-10.5000001490116,27.6));
#3327=CARTESIAN_POINT('',(-15.8,-10.5000001490116,27.6));
#3328=CARTESIAN_POINT('',(-15.3,-10.5000001490116,27.6));
#3329=CARTESIAN_POINT('',(-15.8,-10.5000001490116,27.6));
#3330=CARTESIAN_POINT('Origin',(-13.9,-16.0000001490116,27.6));
#3331=CARTESIAN_POINT('',(-13.9,-16.0000001490116,27.6));
#3332=CARTESIAN_POINT('Origin',(-13.9,-16.0000001490116,28.1));
#3333=CARTESIAN_POINT('Origin',(-11.5,-16.0000001490116,28.1));
#3334=CARTESIAN_POINT('',(-11.5,-16.0000001490116,28.1));
#3335=CARTESIAN_POINT('Origin',(-11.5,-16.0000001490116,27.6));
#3336=CARTESIAN_POINT('Origin',(-10.1,-16.0000001490116,28.1));
#3337=CARTESIAN_POINT('',(-10.1,-16.0000001490116,28.1));
#3338=CARTESIAN_POINT('Origin',(-9.6,-16.0000001490116,28.1));
#3339=CARTESIAN_POINT('Origin',(-8.2,-16.0000001490116,27.6));
#3340=CARTESIAN_POINT('',(-8.2,-16.0000001490116,27.6));
#3341=CARTESIAN_POINT('Origin',(-8.2,-16.0000001490116,28.1));
#3342=CARTESIAN_POINT('Origin',(-17.7,-16.0000001490116,27.6));
#3343=CARTESIAN_POINT('',(-17.7,-16.0000001490116,27.6));
#3344=CARTESIAN_POINT('Origin',(-17.7,-16.0000001490116,28.1));
#3345=CARTESIAN_POINT('Origin',(-15.8,-16.0000001490116,27.6));
#3346=CARTESIAN_POINT('',(-15.8,-16.0000001490116,27.6));
#3347=CARTESIAN_POINT('Origin',(-15.8,-16.0000001490116,28.1));
#3348=CARTESIAN_POINT('Origin',(-19.2,-16.0000001490116,25.1));
#3349=CARTESIAN_POINT('',(-19.2,-16.0000001490116,25.1));
#3350=CARTESIAN_POINT('',(-19.2,-13.7500001490116,30.6));
#3351=CARTESIAN_POINT('Origin',(-6.2,-16.0000001490116,25.1));
#3352=CARTESIAN_POINT('',(-6.2,-16.0000001490116,25.1));
#3353=CARTESIAN_POINT('Origin',(-6.2,-16.0000001490116,30.1));
#3354=CARTESIAN_POINT('',(-6.2,-11.5000001490116,30.6));
#3355=CARTESIAN_POINT('Origin',(-8.7,-11.7000001490116,30.6));
#3356=CARTESIAN_POINT('',(-8.7,-11.7000001490116,30.6));
#3357=CARTESIAN_POINT('',(-8.7,-12.3500001490116,30.6));
#3358=CARTESIAN_POINT('',(-8.7,-11.7000001490116,30.6));
#3359=CARTESIAN_POINT('Origin',(-16.7,-11.7000001490116,30.6));
#3360=CARTESIAN_POINT('',(-16.7,-11.7000001490116,30.6));
#3361=CARTESIAN_POINT('',(-14.7,-11.7000001490116,30.6));
#3362=CARTESIAN_POINT('',(-16.7,-11.7000001490116,30.6));
#3363=CARTESIAN_POINT('Origin',(-16.7,-16.0000001490116,30.6));
#3364=CARTESIAN_POINT('',(-16.7,-14.5000001490116,30.6));
#3365=CARTESIAN_POINT('Origin',(-12.7,0.,30.6));
#3366=CARTESIAN_POINT('',(-11.7,1.22464679914735E-16,32.6));
#3367=CARTESIAN_POINT('Origin',(-12.7,0.,32.6));
#3368=CARTESIAN_POINT('',(-11.7,1.22464679914735E-16,30.6));
#3369=CARTESIAN_POINT('',(-11.7,1.22464679914735E-16,30.6));
#3370=CARTESIAN_POINT('Origin',(-12.7,0.,30.6));
#3371=CARTESIAN_POINT('Origin',(-12.7,0.,32.6));
#3372=CARTESIAN_POINT('Origin',(-0.39999961256981,-2.,24.6));
#3373=CARTESIAN_POINT('',(0.600000387430191,-2.,24.6));
#3374=CARTESIAN_POINT('',(-0.39999961256981,-2.,24.6));
#3375=CARTESIAN_POINT('',(-6.54999980628491,-2.,24.6));
#3376=CARTESIAN_POINT('',(0.600000387430191,-2.,30.6));
#3377=CARTESIAN_POINT('',(0.600000387430191,-2.,24.6));
#3378=CARTESIAN_POINT('',(-0.39999961256981,-2.,30.6));
#3379=CARTESIAN_POINT('',(0.600000387430191,-2.,30.6));
#3380=CARTESIAN_POINT('',(-0.39999961256981,-2.,24.6));
#3381=CARTESIAN_POINT('Origin',(-0.39999961256981,2.,24.6));
#3382=CARTESIAN_POINT('',(-0.39999961256981,2.,24.6));
#3383=CARTESIAN_POINT('',(-0.39999961256981,1.,24.6));
#3384=CARTESIAN_POINT('',(-0.39999961256981,2.,30.6));
#3385=CARTESIAN_POINT('',(-0.39999961256981,-2.,30.6));
#3386=CARTESIAN_POINT('',(-0.39999961256981,2.,24.6));
#3387=CARTESIAN_POINT('Origin',(0.600000387430191,2.,24.6));
#3388=CARTESIAN_POINT('',(0.600000387430191,2.,24.6));
#3389=CARTESIAN_POINT('',(-6.04999980628491,2.,24.6));
#3390=CARTESIAN_POINT('',(0.600000387430191,2.,30.6));
#3391=CARTESIAN_POINT('',(0.600000387430191,2.,30.6));
#3392=CARTESIAN_POINT('',(0.600000387430191,2.,24.6));
#3393=CARTESIAN_POINT('Origin',(0.600000387430191,-2.,24.6));
#3394=CARTESIAN_POINT('',(0.600000387430191,-1.,24.6));
#3395=CARTESIAN_POINT('',(0.600000387430191,0.,30.6));
#3396=CARTESIAN_POINT('Origin',(0.10000038743019,0.,30.6));
#3397=CARTESIAN_POINT('Origin',(-12.7,0.,24.6));
#3398=CARTESIAN_POINT('',(-5.95,8.26636589424463E-16,30.6));
#3399=CARTESIAN_POINT('Origin',(-12.7,0.,30.6));
#3400=CARTESIAN_POINT('',(-5.95,8.26636589424463E-16,24.6));
#3401=CARTESIAN_POINT('',(-5.95,8.26636589424463E-16,24.6));
#3402=CARTESIAN_POINT('Origin',(-12.7,0.,24.6));
#3403=CARTESIAN_POINT('Origin',(-12.7,0.,30.6));
#3404=CARTESIAN_POINT('Origin',(-19.7710678118655,4.24264068711929,24.6));
#3405=CARTESIAN_POINT('',(-19.0639610306789,3.53553390593274,24.6));
#3406=CARTESIAN_POINT('',(-19.7710678118655,4.24264068711929,24.6));
#3407=CARTESIAN_POINT('',(-16.9426406871193,1.4142135623731,24.6));
#3408=CARTESIAN_POINT('',(-19.0639610306789,3.53553390593274,30.6));
#3409=CARTESIAN_POINT('',(-19.0639610306789,3.53553390593274,24.6));
#3410=CARTESIAN_POINT('',(-19.7710678118655,4.24264068711929,30.6));
#3411=CARTESIAN_POINT('',(-19.0639610306789,3.53553390593274,30.6));
#3412=CARTESIAN_POINT('',(-19.7710678118655,4.24264068711929,24.6));
#3413=CARTESIAN_POINT('Origin',(-16.9426406871193,7.07106781186548,24.6));
#3414=CARTESIAN_POINT('',(-16.9426406871193,7.07106781186548,24.6));
#3415=CARTESIAN_POINT('',(-17.6497474683058,6.36396103067893,24.6));
#3416=CARTESIAN_POINT('',(-16.9426406871193,7.07106781186548,30.6));
#3417=CARTESIAN_POINT('',(-19.7710678118655,4.24264068711929,30.6));
#3418=CARTESIAN_POINT('',(-16.9426406871193,7.07106781186548,24.6));
#3419=CARTESIAN_POINT('Origin',(-16.2355339059327,6.36396103067893,24.6));
#3420=CARTESIAN_POINT('',(-16.2355339059327,6.36396103067893,24.6));
#3421=CARTESIAN_POINT('',(-13.7606601717798,3.88908729652601,24.6));
#3422=CARTESIAN_POINT('',(-16.2355339059327,6.36396103067893,30.6));
#3423=CARTESIAN_POINT('',(-16.9426406871193,7.07106781186548,30.6));
#3424=CARTESIAN_POINT('',(-16.2355339059327,6.36396103067893,24.6));
#3425=CARTESIAN_POINT('Origin',(-19.0639610306789,3.53553390593274,24.6));
#3426=CARTESIAN_POINT('',(-18.3568542494924,4.24264068711929,24.6));
#3427=CARTESIAN_POINT('',(-17.6497474683058,4.94974746830584,30.6));
#3428=CARTESIAN_POINT('Origin',(-18.0033008588991,5.30330085889911,30.6));
#3429=CARTESIAN_POINT('Origin',(-8.45735931288072,7.07106781186548,24.6));
#3430=CARTESIAN_POINT('',(-9.16446609406727,6.36396103067893,24.6));
#3431=CARTESIAN_POINT('',(-8.45735931288072,7.07106781186548,24.6));
#3432=CARTESIAN_POINT('',(-11.2857864376269,4.24264068711928,24.6));
#3433=CARTESIAN_POINT('',(-9.16446609406727,6.36396103067893,30.6));
#3434=CARTESIAN_POINT('',(-9.16446609406727,6.36396103067893,24.6));
#3435=CARTESIAN_POINT('',(-8.45735931288072,7.07106781186548,30.6));
#3436=CARTESIAN_POINT('',(-8.45735931288072,7.07106781186548,30.6));
#3437=CARTESIAN_POINT('',(-8.45735931288072,7.07106781186548,24.6));
#3438=CARTESIAN_POINT('Origin',(-5.62893218813453,4.24264068711929,24.6));
#3439=CARTESIAN_POINT('',(-5.62893218813453,4.24264068711929,24.6));
#3440=CARTESIAN_POINT('',(-6.33603896932107,4.94974746830584,24.6));
#3441=CARTESIAN_POINT('',(-5.62893218813453,4.24264068711929,30.6));
#3442=CARTESIAN_POINT('',(-5.62893218813453,4.24264068711929,30.6));
#3443=CARTESIAN_POINT('',(-5.62893218813453,4.24264068711929,24.6));
#3444=CARTESIAN_POINT('Origin',(-6.33603896932108,3.53553390593274,24.6));
#3445=CARTESIAN_POINT('',(-6.33603896932108,3.53553390593274,24.6));
#3446=CARTESIAN_POINT('',(-8.81091270347399,1.06066017177983,24.6));
#3447=CARTESIAN_POINT('',(-6.33603896932108,3.53553390593274,30.6));
#3448=CARTESIAN_POINT('',(-6.33603896932108,3.53553390593274,30.6));
#3449=CARTESIAN_POINT('',(-6.33603896932108,3.53553390593274,24.6));
#3450=CARTESIAN_POINT('Origin',(-9.16446609406727,6.36396103067893,24.6));
#3451=CARTESIAN_POINT('',(-8.45735931288072,5.65685424949238,24.6));
#3452=CARTESIAN_POINT('',(-7.75025253169417,4.94974746830584,30.6));
#3453=CARTESIAN_POINT('Origin',(-7.3966991411009,5.30330085889911,30.6));
#3454=CARTESIAN_POINT('Origin',(-12.7,-13.0000001490116,30.6));
#3455=CARTESIAN_POINT('Origin',(-12.7,-13.0000001490116,24.6));
#3456=CARTESIAN_POINT('Origin',(-12.7,0.,24.6));
#3457=CARTESIAN_POINT('Origin',(-25.0000003874302,2.,24.6));
#3458=CARTESIAN_POINT('',(-26.0000003874302,2.,24.6));
#3459=CARTESIAN_POINT('',(-25.0000003874302,2.,24.6));
#3460=CARTESIAN_POINT('',(-18.8500001937151,2.,24.6));
#3461=CARTESIAN_POINT('',(-26.0000003874302,2.,30.6));
#3462=CARTESIAN_POINT('',(-26.0000003874302,2.,24.6));
#3463=CARTESIAN_POINT('',(-25.0000003874302,2.,30.6));
#3464=CARTESIAN_POINT('',(-26.0000003874302,2.,30.6));
#3465=CARTESIAN_POINT('',(-25.0000003874302,2.,24.6));
#3466=CARTESIAN_POINT('Origin',(-25.0000003874302,-2.,24.6));
#3467=CARTESIAN_POINT('',(-25.0000003874302,-2.,24.6));
#3468=CARTESIAN_POINT('',(-25.0000003874302,-1.,24.6));
#3469=CARTESIAN_POINT('',(-25.0000003874302,-2.,30.6));
#3470=CARTESIAN_POINT('',(-25.0000003874302,-2.,30.6));
#3471=CARTESIAN_POINT('',(-25.0000003874302,-2.,24.6));
#3472=CARTESIAN_POINT('Origin',(-26.0000003874302,-2.,24.6));
#3473=CARTESIAN_POINT('',(-26.0000003874302,-2.,24.6));
#3474=CARTESIAN_POINT('',(-19.3500001937151,-2.,24.6));
#3475=CARTESIAN_POINT('',(-26.0000003874302,-2.,30.6));
#3476=CARTESIAN_POINT('',(-26.0000003874302,-2.,30.6));
#3477=CARTESIAN_POINT('',(-26.0000003874302,-2.,24.6));
#3478=CARTESIAN_POINT('Origin',(-26.0000003874302,2.,24.6));
#3479=CARTESIAN_POINT('',(-26.0000003874302,1.,24.6));
#3480=CARTESIAN_POINT('',(-26.0000003874302,0.,30.6));
#3481=CARTESIAN_POINT('Origin',(-25.5000003874302,0.,30.6));
#3482=CARTESIAN_POINT('Origin',(-12.7,0.,23.));
#3483=CARTESIAN_POINT('',(2.3,1.83697019872103E-15,24.6));
#3484=CARTESIAN_POINT('Origin',(-12.7,0.,24.6));
#3485=CARTESIAN_POINT('Origin',(-12.7,0.,24.6));
#3486=CARTESIAN_POINT('',(2.3,1.83697019872103E-15,23.));
#3487=CARTESIAN_POINT('',(2.3,1.83697019872103E-15,23.));
#3488=CARTESIAN_POINT('Origin',(-12.7,0.,23.));
#3489=CARTESIAN_POINT('Origin',(-12.7,0.,24.6));
#3490=CARTESIAN_POINT('Origin',(-12.7,0.,23.));
#3491=CARTESIAN_POINT('Origin',(19.3,0.,-33.85));
#3492=CARTESIAN_POINT('',(21.0313289693181,-2.45,-33.7));
#3493=CARTESIAN_POINT('',(20.434680571791,-2.45,-34.));
#3494=CARTESIAN_POINT('Ctrl Pts',(21.0313289693181,-2.45,-33.7));
#3495=CARTESIAN_POINT('Ctrl Pts',(20.7173034969354,-2.45,-33.88122713248));
#3496=CARTESIAN_POINT('Ctrl Pts',(20.434680571791,-2.45,-34.));
#3497=CARTESIAN_POINT('',(18.165319428209,-2.45,-34.));
#3498=CARTESIAN_POINT('Origin',(19.3,0.,-34.));
#3499=CARTESIAN_POINT('',(17.5686710306819,-2.45,-33.7));
#3500=CARTESIAN_POINT('Ctrl Pts',(18.165319428209,-2.45,-34.));
#3501=CARTESIAN_POINT('Ctrl Pts',(17.8826965030646,-2.45,-33.88122713248));
#3502=CARTESIAN_POINT('Ctrl Pts',(17.5686710306819,-2.45,-33.7));
#3503=CARTESIAN_POINT('',(22.3,-3.67394039744206E-16,-33.7));
#3504=CARTESIAN_POINT('Origin',(19.3,0.,-33.7));
#3505=CARTESIAN_POINT('Origin',(19.3,0.,-33.7));
#3506=CARTESIAN_POINT('Origin',(0.,2.22044604925031E-15,-34.));
#3507=CARTESIAN_POINT('',(10.515664484659,-2.45,-34.));
#3508=CARTESIAN_POINT('Origin',(21.0313289693181,-2.45,-34.));
#3509=CARTESIAN_POINT('',(21.0313289693181,-2.45,-22.));
#3510=CARTESIAN_POINT('',(21.0313289693181,-2.45,3.));
#3511=CARTESIAN_POINT('',(17.5686710306819,-2.45,-22.));
#3512=CARTESIAN_POINT('',(15.6529315292263,-2.45,-22.));
#3513=CARTESIAN_POINT('',(17.5686710306819,-2.45,3.));
#3514=CARTESIAN_POINT('Origin',(19.3,-2.725,-22.));
#3515=CARTESIAN_POINT('Origin',(19.3,0.,-22.));
#3516=CARTESIAN_POINT('Origin',(19.3,0.,3.));
#3517=CARTESIAN_POINT('',(22.3,3.67394039744206E-16,3.));
#3518=CARTESIAN_POINT('Origin',(19.3,0.,3.));
#3519=CARTESIAN_POINT('',(22.3,-3.67394039744206E-16,3.));
#3520=CARTESIAN_POINT('Origin',(19.3,0.,3.));
#3521=CARTESIAN_POINT('Origin',(-25.,13.25,-10.75));
#3522=CARTESIAN_POINT('',(-29.,13.25,-12.));
#3523=CARTESIAN_POINT('Origin',(-25.,13.25,-12.));
#3524=CARTESIAN_POINT('',(-26.5,13.25,-9.5));
#3525=CARTESIAN_POINT('',(-27.75,13.25,-10.75));
#3526=CARTESIAN_POINT('Origin',(-25.,13.25,-9.5));
#3527=CARTESIAN_POINT('Origin',(0.,2.22044604925031E-15,-12.));
#3528=CARTESIAN_POINT('',(32.5,-6.5,-12.));
#3529=CARTESIAN_POINT('',(20.,-19.,-12.));
#3530=CARTESIAN_POINT('Origin',(20.,-6.50000000000001,-12.));
#3531=CARTESIAN_POINT('',(-20.,-19.,-12.));
#3532=CARTESIAN_POINT('',(-20.,-19.,-12.));
#3533=CARTESIAN_POINT('',(-32.5,-6.5,-12.));
#3534=CARTESIAN_POINT('Origin',(-20.,-6.50000000000001,-12.));
#3535=CARTESIAN_POINT('',(-32.5,6.5,-12.));
#3536=CARTESIAN_POINT('',(-32.5,6.5,-12.));
#3537=CARTESIAN_POINT('',(-20.,19.,-12.));
#3538=CARTESIAN_POINT('Origin',(-20.,6.50000000000001,-12.));
#3539=CARTESIAN_POINT('',(20.,19.,-12.));
#3540=CARTESIAN_POINT('',(20.,19.,-12.));
#3541=CARTESIAN_POINT('',(32.5,6.50000000000001,-12.));
#3542=CARTESIAN_POINT('Origin',(20.,6.50000000000001,-12.));
#3543=CARTESIAN_POINT('',(32.5,-6.5,-12.));
#3544=CARTESIAN_POINT('',(-29.,-13.25,-12.));
#3545=CARTESIAN_POINT('Origin',(-25.,-13.25,-12.));
#3546=CARTESIAN_POINT('',(21.,-13.25,-12.));
#3547=CARTESIAN_POINT('Origin',(25.,-13.25,-12.));
#3548=CARTESIAN_POINT('',(13.3,7.34788079488412E-16,-12.));
#3549=CARTESIAN_POINT('Origin',(19.3,0.,-12.));
#3550=CARTESIAN_POINT('',(21.,13.25,-12.));
#3551=CARTESIAN_POINT('Origin',(25.,13.25,-12.));
#3552=CARTESIAN_POINT('Origin',(-25.,13.25,0.));
#3553=CARTESIAN_POINT('',(-26.5,13.25,0.));
#3554=CARTESIAN_POINT('',(-26.5,13.25,0.));
#3555=CARTESIAN_POINT('Origin',(-25.,13.25,0.));
#3556=CARTESIAN_POINT('Origin',(-25.,-13.25,-10.75));
#3557=CARTESIAN_POINT('',(-26.5,-13.25,-9.5));
#3558=CARTESIAN_POINT('',(-27.75,-13.25,-10.75));
#3559=CARTESIAN_POINT('Origin',(-25.,-13.25,-9.5));
#3560=CARTESIAN_POINT('Origin',(-25.,-13.25,0.));
#3561=CARTESIAN_POINT('',(-26.5,-13.25,0.));
#3562=CARTESIAN_POINT('',(-26.5,-13.25,0.));
#3563=CARTESIAN_POINT('Origin',(-25.,-13.25,0.));
#3564=CARTESIAN_POINT('Origin',(25.,13.25,-10.75));
#3565=CARTESIAN_POINT('',(23.5,13.25,-9.5));
#3566=CARTESIAN_POINT('',(22.25,13.25,-10.75));
#3567=CARTESIAN_POINT('Origin',(25.,13.25,-9.5));
#3568=CARTESIAN_POINT('Origin',(25.,13.25,0.));
#3569=CARTESIAN_POINT('',(23.5,13.25,0.));
#3570=CARTESIAN_POINT('',(23.5,13.25,0.));
#3571=CARTESIAN_POINT('Origin',(25.,13.25,0.));
#3572=CARTESIAN_POINT('Origin',(25.,-13.25,-10.75));
#3573=CARTESIAN_POINT('',(23.5,-13.25,-9.5));
#3574=CARTESIAN_POINT('',(22.25,-13.25,-10.75));
#3575=CARTESIAN_POINT('Origin',(25.,-13.25,-9.5));
#3576=CARTESIAN_POINT('Origin',(25.,-13.25,0.));
#3577=CARTESIAN_POINT('',(23.5,-13.25,0.));
#3578=CARTESIAN_POINT('',(23.5,-13.25,0.));
#3579=CARTESIAN_POINT('Origin',(25.,-13.25,0.));
#3580=CARTESIAN_POINT('Origin',(19.3,0.,2.75));
#3581=CARTESIAN_POINT('',(13.8,6.73555739531045E-16,3.));
#3582=CARTESIAN_POINT('Origin',(19.3,0.,3.));
#3583=CARTESIAN_POINT('',(13.3,-7.34788079488412E-16,2.5));
#3584=CARTESIAN_POINT('',(13.55,-7.04171909509728E-16,2.75));
#3585=CARTESIAN_POINT('Origin',(19.3,0.,2.5));
#3586=CARTESIAN_POINT('Origin',(19.3,0.,0.));
#3587=CARTESIAN_POINT('',(13.3,-7.34788079488412E-16,0.));
#3588=CARTESIAN_POINT('',(13.3,-7.34788079488412E-16,0.));
#3589=CARTESIAN_POINT('Origin',(19.3,0.,0.));
#3590=CARTESIAN_POINT('Origin',(19.3,0.,3.));
#3591=CARTESIAN_POINT('',(22.4,3.7964050773568E-16,3.));
#3592=CARTESIAN_POINT('Origin',(19.3,0.,3.));
#3593=CARTESIAN_POINT('Origin',(19.3,0.,-13.25));
#3594=CARTESIAN_POINT('',(13.8,-6.73555739531045E-16,-13.5));
#3595=CARTESIAN_POINT('Origin',(19.3,0.,-13.5));
#3596=CARTESIAN_POINT('',(13.3,7.34788079488412E-16,-13.));
#3597=CARTESIAN_POINT('',(13.55,7.04171909509728E-16,-13.25));
#3598=CARTESIAN_POINT('Origin',(19.3,0.,-13.));
#3599=CARTESIAN_POINT('Origin',(19.3,0.,-12.));
#3600=CARTESIAN_POINT('',(13.3,7.34788079488412E-16,-12.));
#3601=CARTESIAN_POINT('Origin',(19.3,0.,-13.5));
#3602=CARTESIAN_POINT('',(22.4,-3.7964050773568E-16,-13.5));
#3603=CARTESIAN_POINT('Origin',(19.3,0.,-13.5));
#3604=CARTESIAN_POINT('Origin',(0.,2.22044604925031E-15,0.));
#3605=CARTESIAN_POINT('',(20.,-19.,0.));
#3606=CARTESIAN_POINT('',(32.5,-6.5,0.));
#3607=CARTESIAN_POINT('Origin',(20.,-6.50000000000001,0.));
#3608=CARTESIAN_POINT('',(32.5,6.50000000000001,0.));
#3609=CARTESIAN_POINT('',(32.5,-6.5,0.));
#3610=CARTESIAN_POINT('',(20.,19.,0.));
#3611=CARTESIAN_POINT('Origin',(20.,6.50000000000001,0.));
#3612=CARTESIAN_POINT('',(-20.,19.,0.));
#3613=CARTESIAN_POINT('',(20.,19.,0.));
#3614=CARTESIAN_POINT('',(-32.5,6.5,0.));
#3615=CARTESIAN_POINT('Origin',(-20.,6.50000000000001,0.));
#3616=CARTESIAN_POINT('',(-32.5,-6.5,0.));
#3617=CARTESIAN_POINT('',(-32.5,6.5,0.));
#3618=CARTESIAN_POINT('',(-20.,-19.,0.));
#3619=CARTESIAN_POINT('Origin',(-20.,-6.50000000000001,0.));
#3620=CARTESIAN_POINT('',(-20.,-19.,0.));
#3621=CARTESIAN_POINT('',(-29.2,-2.02066721859313E-15,0.));
#3622=CARTESIAN_POINT('Origin',(-12.7,0.,0.));
#3623=CARTESIAN_POINT('Origin',(20.,-6.50000000000001,0.));
#3624=CARTESIAN_POINT('',(20.,-19.,0.));
#3625=CARTESIAN_POINT('',(32.5,-6.5,0.));
#3626=CARTESIAN_POINT('Origin',(20.,-19.,0.));
#3627=CARTESIAN_POINT('',(-20.,-19.,0.));
#3628=CARTESIAN_POINT('Origin',(-20.,-6.50000000000001,0.));
#3629=CARTESIAN_POINT('',(-32.5,-6.5,0.));
#3630=CARTESIAN_POINT('Origin',(-32.5,-6.5,0.));
#3631=CARTESIAN_POINT('',(-32.5,6.5,0.));
#3632=CARTESIAN_POINT('Origin',(-20.,6.50000000000001,0.));
#3633=CARTESIAN_POINT('',(-20.,19.,0.));
#3634=CARTESIAN_POINT('Origin',(-20.,19.,0.));
#3635=CARTESIAN_POINT('',(20.,19.,0.));
#3636=CARTESIAN_POINT('Origin',(20.,6.50000000000001,0.));
#3637=CARTESIAN_POINT('',(32.5,6.50000000000001,0.));
#3638=CARTESIAN_POINT('Origin',(32.5,6.50000000000001,0.));
#3639=CARTESIAN_POINT('Origin',(-12.7,0.,19.5));
#3640=CARTESIAN_POINT('',(-29.2,-2.02066721859313E-15,19.5));
#3641=CARTESIAN_POINT('Origin',(-12.7,0.,19.5));
#3642=CARTESIAN_POINT('Origin',(-12.7,0.,0.));
#3643=CARTESIAN_POINT('',(-29.2,-2.02066721859313E-15,0.));
#3644=CARTESIAN_POINT('Origin',(19.3,0.,3.));
#3645=CARTESIAN_POINT('',(22.4,-3.7964050773568E-16,3.));
#3646=CARTESIAN_POINT('',(0.,0.,0.));
#3647=CARTESIAN_POINT('',(0.,0.,0.));
#3648=UNCERTAINTY_MEASURE_WITH_UNIT(LENGTH_MEASURE(0.01),#3656,
'DISTANCE_ACCURACY_VALUE',
'Maximum model space distance between geometric entities at asserted c
onnectivities');
#3649=UNCERTAINTY_MEASURE_WITH_UNIT(LENGTH_MEASURE(0.01),#3656,
'DISTANCE_ACCURACY_VALUE',
'Maximum model space distance between geometric entities at asserted c
onnectivities');
#3650=UNCERTAINTY_MEASURE_WITH_UNIT(LENGTH_MEASURE(0.01),#3656,
'DISTANCE_ACCURACY_VALUE',
'Maximum model space distance between geometric entities at asserted c
onnectivities');
#3651=UNCERTAINTY_MEASURE_WITH_UNIT(LENGTH_MEASURE(0.01),#3656,
'DISTANCE_ACCURACY_VALUE',
'Maximum model space distance between geometric entities at asserted c
onnectivities');
#3652=(
GEOMETRIC_REPRESENTATION_CONTEXT(3)
GLOBAL_UNCERTAINTY_ASSIGNED_CONTEXT((#3648))
GLOBAL_UNIT_ASSIGNED_CONTEXT((#3656,#3658,#3659))
REPRESENTATION_CONTEXT('','3D')
);
#3653=(
GEOMETRIC_REPRESENTATION_CONTEXT(3)
GLOBAL_UNCERTAINTY_ASSIGNED_CONTEXT((#3649))
GLOBAL_UNIT_ASSIGNED_CONTEXT((#3656,#3658,#3659))
REPRESENTATION_CONTEXT('','3D')
);
#3654=(
GEOMETRIC_REPRESENTATION_CONTEXT(3)
GLOBAL_UNCERTAINTY_ASSIGNED_CONTEXT((#3650))
GLOBAL_UNIT_ASSIGNED_CONTEXT((#3656,#3658,#3659))
REPRESENTATION_CONTEXT('','3D')
);
#3655=(
GEOMETRIC_REPRESENTATION_CONTEXT(3)
GLOBAL_UNCERTAINTY_ASSIGNED_CONTEXT((#3651))
GLOBAL_UNIT_ASSIGNED_CONTEXT((#3656,#3658,#3659))
REPRESENTATION_CONTEXT('','3D')
);
#3656=(
LENGTH_UNIT()
NAMED_UNIT(*)
SI_UNIT(.MILLI.,.METRE.)
);
#3657=(
LENGTH_UNIT()
NAMED_UNIT(*)
SI_UNIT($,.METRE.)
);
#3658=(
NAMED_UNIT(*)
PLANE_ANGLE_UNIT()
SI_UNIT($,.RADIAN.)
);
#3659=(
NAMED_UNIT(*)
SI_UNIT($,.STERADIAN.)
SOLID_ANGLE_UNIT()
);
#3660=SHAPE_DEFINITION_REPRESENTATION(#3663,#3668);
#3661=SHAPE_DEFINITION_REPRESENTATION(#3664,#3669);
#3662=SHAPE_DEFINITION_REPRESENTATION(#3665,#3670);
#3663=PRODUCT_DEFINITION_SHAPE('',$,#3672);
#3664=PRODUCT_DEFINITION_SHAPE('',$,#3673);
#3665=PRODUCT_DEFINITION_SHAPE('',$,#3674);
#3666=PRODUCT_DEFINITION_SHAPE($,$,#17);
#3667=PRODUCT_DEFINITION_SHAPE($,$,#18);
#3668=SHAPE_REPRESENTATION('',(#2246,#2419,#2420),#3652);
#3669=SHAPE_REPRESENTATION('',(#2247),#3653);
#3670=SHAPE_REPRESENTATION('',(#2257),#3654);
#3671=PRODUCT_DEFINITION_CONTEXT('part definition',#3682,'design');
#3672=PRODUCT_DEFINITION('GM3865','GM3865 v3',#3675,#3671);
#3673=PRODUCT_DEFINITION('PLA','PLA',#3676,#3671);
#3674=PRODUCT_DEFINITION('PCB','PCB',#3677,#3671);
#3675=PRODUCT_DEFINITION_FORMATION('',$,#3684);
#3676=PRODUCT_DEFINITION_FORMATION('',$,#3685);
#3677=PRODUCT_DEFINITION_FORMATION('',$,#3686);
#3678=PRODUCT_RELATED_PRODUCT_CATEGORY('GM3865 v3','GM3865 v3',(#3684));
#3679=PRODUCT_RELATED_PRODUCT_CATEGORY('PLA','PLA',(#3685));
#3680=PRODUCT_RELATED_PRODUCT_CATEGORY('PCB','PCB',(#3686));
#3681=APPLICATION_PROTOCOL_DEFINITION('international standard',
'automotive_design',2009,#3682);
#3682=APPLICATION_CONTEXT(
'Core Data for Automotive Mechanical Design Process');
#3683=PRODUCT_CONTEXT('part definition',#3682,'mechanical');
#3684=PRODUCT('GM3865','GM3865 v3',$,(#3683));
#3685=PRODUCT('PLA','PLA',$,(#3683));
#3686=PRODUCT('PCB','PCB',$,(#3683));
#3687=PRESENTATION_STYLE_ASSIGNMENT((#3688));
#3688=SURFACE_STYLE_USAGE(.BOTH.,#3689);
#3689=SURFACE_SIDE_STYLE('',(#3690));
#3690=SURFACE_STYLE_FILL_AREA(#3691);
#3691=FILL_AREA_STYLE('\X2\94A2\X0\ - \X2\7F0E5149\X0\',(#3692));
#3692=FILL_AREA_STYLE_COLOUR('\X2\94A2\X0\ - \X2\7F0E5149\X0\',#3693);
#3693=COLOUR_RGB('\X2\94A2\X0\ - \X2\7F0E5149\X0\',0.627450980392157,0.627450980392157,
0.627450980392157);
ENDSEC;
END-ISO-10303-21;
