ISO-10303-21;
HEADER;
FILE_DESCRIPTION(('Open CASCADE Model'),'2;1');
FILE_NAME('Open CASCADE Shape Model','2026-09-06T14:05:24',('Author'),(
    'Open CASCADE'),'Open CASCADE STEP processor 7.8','Open CASCADE 7.8'
  ,'Unknown');
FILE_SCHEMA(('AUTOMOTIVE_DESIGN { 1 0 10303 214 1 1 1 1 }'));
ENDSEC;
DATA;
#1 = APPLICATION_PROTOCOL_DEFINITION('international standard',
  'automotive_design',2000,#2);
#2 = APPLICATION_CONTEXT(
  'core data for automotive mechanical design processes');
#3 = SHAPE_DEFINITION_REPRESENTATION(#4,#10);
#4 = PRODUCT_DEFINITION_SHAPE('','',#5);
#5 = PRODUCT_DEFINITION('design','',#6,#9);
#6 = PRODUCT_DEFINITION_FORMATION('','',#7);
#7 = PRODUCT('Open CASCADE STEP translator 7.8 7',
  'Open CASCADE STEP translator 7.8 7','',(#8));
#8 = PRODUCT_CONTEXT('',#2,'mechanical');
#9 = PRODUCT_DEFINITION_CONTEXT('part definition',#2,'design');
#10 = ADVANCED_BREP_SHAPE_REPRESENTATION('',(#11,#15),#16939);
#11 = AXIS2_PLACEMENT_3D('',#12,#13,#14);
#12 = CARTESIAN_POINT('',(0.,0.,0.));
#13 = DIRECTION('',(0.,0.,1.));
#14 = DIRECTION('',(1.,0.,-0.));
#15 = MANIFOLD_SOLID_BREP('',#16);
#16 = CLOSED_SHELL('',(#17,#463,#539,#869,#991,#1152,#1201,#1320,#1532,
    #1970,#2367,#2416,#2645,#2974,#3023,#3392,#3769,#3951,#4095,#4144,
    #4193,#4220,#4269,#4296,#4346,#4396,#4423,#4450,#4584,#4772,#4779,
    #4972,#5021,#5167,#5385,#5594,#5779,#5806,#5833,#5999,#6026,#6053,
    #6080,#6107,#6114,#6141,#6168,#6241,#6290,#6339,#6524,#6645,#6745,
    #6817,#6824,#6873,#6922,#6949,#7078,#7125,#7152,#7215,#7318,#7371,
    #7398,#10046,#10096,#12295,#12302,#12436,#12485,#12582,#12609,#12636
    ,#12848,#12925,#12952,#12963,#12973,#13003,#13035,#13040,#13050,
    #13099,#13221,#13248,#13275,#13302,#13309,#13336,#13363,#13390,
    #13417,#13424,#13451,#13498,#13525,#13552,#13559,#13586,#13593,
    #13620,#13669,#13744,#13771,#13778,#13785,#13817,#13822,#13849,
    #13876,#13903,#13930,#13957,#13984,#14011,#14038,#14065,#14072,
    #14099,#14146,#14173,#14200,#14227,#14254,#14281,#14308,#14335,
    #14362,#14389,#14416,#14443,#14470,#14497,#14524,#14551,#14578,
    #14605,#14632,#14659,#14686,#14713,#14740,#14767,#14794,#14821,
    #14848,#14875,#14902,#14929,#14956,#14983,#15010,#15037,#15064,
    #15091,#15118,#15145,#15172,#15199,#15226,#15253,#15280,#15307,
    #15334,#15361,#15388,#15415,#15442,#15469,#15496,#15523,#15550,
    #15577,#15604,#15631,#15658,#15685,#15712,#15739,#15766,#15793,
    #15820,#15847,#15874,#15901,#15928,#15955,#15982,#16009,#16036,
    #16063,#16090,#16117,#16144,#16171,#16198,#16225,#16252,#16259,
    #16286,#16420,#16500,#16507,#16534,#16561,#16610,#16659,#16686,
    #16807,#16856,#16906,#16933));
#17 = ADVANCED_FACE('',(#18),#32,.F.);
#18 = FACE_BOUND('',#19,.F.);
#19 = EDGE_LOOP('',(#20,#55,#83,#111,#139,#167,#190,#218,#246,#274,#302,
    #330,#358,#386,#414,#437));
#20 = ORIENTED_EDGE('',*,*,#21,.F.);
#21 = EDGE_CURVE('',#22,#24,#26,.T.);
#22 = VERTEX_POINT('',#23);
#23 = CARTESIAN_POINT('',(10.5,69.,56.4));
#24 = VERTEX_POINT('',#25);
#25 = CARTESIAN_POINT('',(10.5,69.,1.043609643148E-14));
#26 = SURFACE_CURVE('',#27,(#31,#43),.PCURVE_S1.);
#27 = LINE('',#28,#29);
#28 = CARTESIAN_POINT('',(10.5,69.,56.4));
#29 = VECTOR('',#30,1.);
#30 = DIRECTION('',(0.,1.110223024625E-16,-1.));
#31 = PCURVE('',#32,#37);
#32 = PLANE('',#33);
#33 = AXIS2_PLACEMENT_3D('',#34,#35,#36);
#34 = CARTESIAN_POINT('',(10.5,69.,-55.1));
#35 = DIRECTION('',(0.,1.,1.110223024625E-16));
#36 = DIRECTION('',(1.,0.,0.));
#37 = DEFINITIONAL_REPRESENTATION('',(#38),#42);
#38 = LINE('',#39,#40);
#39 = CARTESIAN_POINT('',(0.,-111.5));
#40 = VECTOR('',#41,1.);
#41 = DIRECTION('',(0.,1.));
#42 = ( GEOMETRIC_REPRESENTATION_CONTEXT(2) 
PARAMETRIC_REPRESENTATION_CONTEXT() REPRESENTATION_CONTEXT('2D SPACE',''
  ) );
#43 = PCURVE('',#44,#49);
#44 = PLANE('',#45);
#45 = AXIS2_PLACEMENT_3D('',#46,#47,#48);
#46 = CARTESIAN_POINT('',(10.5,140.,-55.1));
#47 = DIRECTION('',(1.,0.,0.));
#48 = DIRECTION('',(0.,-1.,-1.110223024625E-16));
#49 = DEFINITIONAL_REPRESENTATION('',(#50),#54);
#50 = LINE('',#51,#52);
#51 = CARTESIAN_POINT('',(71.,-111.5));
#52 = VECTOR('',#53,1.);
#53 = DIRECTION('',(0.,1.));
#54 = ( GEOMETRIC_REPRESENTATION_CONTEXT(2) 
PARAMETRIC_REPRESENTATION_CONTEXT() REPRESENTATION_CONTEXT('2D SPACE',''
  ) );
#55 = ORIENTED_EDGE('',*,*,#56,.T.);
#56 = EDGE_CURVE('',#22,#57,#59,.T.);
#57 = VERTEX_POINT('',#58);
#58 = CARTESIAN_POINT('',(14.5,69.,56.4));
#59 = SURFACE_CURVE('',#60,(#64,#71),.PCURVE_S1.);
#60 = LINE('',#61,#62);
#61 = CARTESIAN_POINT('',(10.5,69.,56.4));
#62 = VECTOR('',#63,1.);
#63 = DIRECTION('',(1.,0.,0.));
#64 = PCURVE('',#32,#65);
#65 = DEFINITIONAL_REPRESENTATION('',(#66),#70);
#66 = LINE('',#67,#68);
#67 = CARTESIAN_POINT('',(0.,-111.5));
#68 = VECTOR('',#69,1.);
#69 = DIRECTION('',(1.,0.));
#70 = ( GEOMETRIC_REPRESENTATION_CONTEXT(2) 
PARAMETRIC_REPRESENTATION_CONTEXT() REPRESENTATION_CONTEXT('2D SPACE',''
  ) );
#71 = PCURVE('',#72,#77);
#72 = PLANE('',#73);
#73 = AXIS2_PLACEMENT_3D('',#74,#75,#76);
#74 = CARTESIAN_POINT('',(81.056485355649,99.140167364017,56.4));
#75 = DIRECTION('',(-0.,-1.110223024625E-16,1.));
#76 = DIRECTION('',(0.,-1.,-1.110223024625E-16));
#77 = DEFINITIONAL_REPRESENTATION('',(#78),#82);
#78 = LINE('',#79,#80);
#79 = CARTESIAN_POINT('',(30.140167364017,-70.55648535564));
#80 = VECTOR('',#81,1.);
#81 = DIRECTION('',(0.,1.));
#82 = ( GEOMETRIC_REPRESENTATION_CONTEXT(2) 
PARAMETRIC_REPRESENTATION_CONTEXT() REPRESENTATION_CONTEXT('2D SPACE',''
  ) );
#83 = ORIENTED_EDGE('',*,*,#84,.F.);
#84 = EDGE_CURVE('',#85,#57,#87,.T.);
#85 = VERTEX_POINT('',#86);
#86 = CARTESIAN_POINT('',(14.5,69.,39.9));
#87 = SURFACE_CURVE('',#88,(#92,#99),.PCURVE_S1.);
#88 = LINE('',#89,#90);
#89 = CARTESIAN_POINT('',(14.5,69.,39.9));
#90 = VECTOR('',#91,1.);
#91 = DIRECTION('',(0.,-1.110223024625E-16,1.));
#92 = PCURVE('',#32,#93);
#93 = DEFINITIONAL_REPRESENTATION('',(#94),#98);
#94 = LINE('',#95,#96);
#95 = CARTESIAN_POINT('',(4.,-95.));
#96 = VECTOR('',#97,1.);
#97 = DIRECTION('',(0.,-1.));
#98 = ( GEOMETRIC_REPRESENTATION_CONTEXT(2) 
PARAMETRIC_REPRESENTATION_CONTEXT() REPRESENTATION_CONTEXT('2D SPACE',''
  ) );
#99 = PCURVE('',#100,#105);
#100 = PLANE('',#101);
#101 = AXIS2_PLACEMENT_3D('',#102,#103,#104);
#102 = CARTESIAN_POINT('',(14.5,65.,-40.1));
#103 = DIRECTION('',(1.,0.,0.));
#104 = DIRECTION('',(0.,1.,1.110223024625E-16));
#105 = DEFINITIONAL_REPRESENTATION('',(#106),#110);
#106 = LINE('',#107,#108);
#107 = CARTESIAN_POINT('',(4.,80.));
#108 = VECTOR('',#109,1.);
#109 = DIRECTION('',(0.,1.));
#110 = ( GEOMETRIC_REPRESENTATION_CONTEXT(2) 
PARAMETRIC_REPRESENTATION_CONTEXT() REPRESENTATION_CONTEXT('2D SPACE',''
  ) );
#111 = ORIENTED_EDGE('',*,*,#112,.T.);
#112 = EDGE_CURVE('',#85,#113,#115,.T.);
#113 = VERTEX_POINT('',#114);
#114 = CARTESIAN_POINT('',(30.5,69.,39.9));
#115 = SURFACE_CURVE('',#116,(#120,#127),.PCURVE_S1.);
#116 = LINE('',#117,#118);
#117 = CARTESIAN_POINT('',(12.5,69.,39.9));
#118 = VECTOR('',#119,1.);
#119 = DIRECTION('',(1.,0.,0.));
#120 = PCURVE('',#32,#121);
#121 = DEFINITIONAL_REPRESENTATION('',(#122),#126);
#122 = LINE('',#123,#124);
#123 = CARTESIAN_POINT('',(2.,-95.));
#124 = VECTOR('',#125,1.);
#125 = DIRECTION('',(1.,0.));
#126 = ( GEOMETRIC_REPRESENTATION_CONTEXT(2) 
PARAMETRIC_REPRESENTATION_CONTEXT() REPRESENTATION_CONTEXT('2D SPACE',''
  ) );
#127 = PCURVE('',#128,#133);
#128 = PLANE('',#129);
#129 = AXIS2_PLACEMENT_3D('',#130,#131,#132);
#130 = CARTESIAN_POINT('',(22.5,42.,39.9));
#131 = DIRECTION('',(0.,1.110223024625E-16,-1.));
#132 = DIRECTION('',(0.,1.,1.110223024625E-16));
#133 = DEFINITIONAL_REPRESENTATION('',(#134),#138);
#134 = LINE('',#135,#136);
#135 = CARTESIAN_POINT('',(27.,-10.));
#136 = VECTOR('',#137,1.);
#137 = DIRECTION('',(0.,1.));
#138 = ( GEOMETRIC_REPRESENTATION_CONTEXT(2) 
PARAMETRIC_REPRESENTATION_CONTEXT() REPRESENTATION_CONTEXT('2D SPACE',''
  ) );
#139 = ORIENTED_EDGE('',*,*,#140,.F.);
#140 = EDGE_CURVE('',#141,#113,#143,.T.);
#141 = VERTEX_POINT('',#142);
#142 = CARTESIAN_POINT('',(30.5,69.,56.4));
#143 = SURFACE_CURVE('',#144,(#148,#155),.PCURVE_S1.);
#144 = LINE('',#145,#146);
#145 = CARTESIAN_POINT('',(30.5,69.,56.4));
#146 = VECTOR('',#147,1.);
#147 = DIRECTION('',(0.,1.110223024625E-16,-1.));
#148 = PCURVE('',#32,#149);
#149 = DEFINITIONAL_REPRESENTATION('',(#150),#154);
#150 = LINE('',#151,#152);
#151 = CARTESIAN_POINT('',(20.,-111.5));
#152 = VECTOR('',#153,1.);
#153 = DIRECTION('',(0.,1.));
#154 = ( GEOMETRIC_REPRESENTATION_CONTEXT(2) 
PARAMETRIC_REPRESENTATION_CONTEXT() REPRESENTATION_CONTEXT('2D SPACE',''
  ) );
#155 = PCURVE('',#156,#161);
#156 = PLANE('',#157);
#157 = AXIS2_PLACEMENT_3D('',#158,#159,#160);
#158 = CARTESIAN_POINT('',(30.5,65.,-40.1));
#159 = DIRECTION('',(1.,0.,0.));
#160 = DIRECTION('',(0.,1.,1.110223024625E-16));
#161 = DEFINITIONAL_REPRESENTATION('',(#162),#166);
#162 = LINE('',#163,#164);
#163 = CARTESIAN_POINT('',(4.,96.5));
#164 = VECTOR('',#165,1.);
#165 = DIRECTION('',(0.,-1.));
#166 = ( GEOMETRIC_REPRESENTATION_CONTEXT(2) 
PARAMETRIC_REPRESENTATION_CONTEXT() REPRESENTATION_CONTEXT('2D SPACE',''
  ) );
#167 = ORIENTED_EDGE('',*,*,#168,.T.);
#168 = EDGE_CURVE('',#141,#169,#171,.T.);
#169 = VERTEX_POINT('',#170);
#170 = CARTESIAN_POINT('',(35.5,69.,56.4));
#171 = SURFACE_CURVE('',#172,(#176,#183),.PCURVE_S1.);
#172 = LINE('',#173,#174);
#173 = CARTESIAN_POINT('',(10.5,69.,56.4));
#174 = VECTOR('',#175,1.);
#175 = DIRECTION('',(1.,0.,0.));
#176 = PCURVE('',#32,#177);
#177 = DEFINITIONAL_REPRESENTATION('',(#178),#182);
#178 = LINE('',#179,#180);
#179 = CARTESIAN_POINT('',(0.,-111.5));
#180 = VECTOR('',#181,1.);
#181 = DIRECTION('',(1.,0.));
#182 = ( GEOMETRIC_REPRESENTATION_CONTEXT(2) 
PARAMETRIC_REPRESENTATION_CONTEXT() REPRESENTATION_CONTEXT('2D SPACE',''
  ) );
#183 = PCURVE('',#72,#184);
#184 = DEFINITIONAL_REPRESENTATION('',(#185),#189);
#185 = LINE('',#186,#187);
#186 = CARTESIAN_POINT('',(30.140167364017,-70.55648535564));
#187 = VECTOR('',#188,1.);
#188 = DIRECTION('',(0.,1.));
#189 = ( GEOMETRIC_REPRESENTATION_CONTEXT(2) 
PARAMETRIC_REPRESENTATION_CONTEXT() REPRESENTATION_CONTEXT('2D SPACE',''
  ) );
#190 = ORIENTED_EDGE('',*,*,#191,.F.);
#191 = EDGE_CURVE('',#192,#169,#194,.T.);
#192 = VERTEX_POINT('',#193);
#193 = CARTESIAN_POINT('',(35.5,69.,53.4));
#194 = SURFACE_CURVE('',#195,(#199,#206),.PCURVE_S1.);
#195 = LINE('',#196,#197);
#196 = CARTESIAN_POINT('',(35.5,69.,53.4));
#197 = VECTOR('',#198,1.);
#198 = DIRECTION('',(0.,-1.110223024625E-16,1.));
#199 = PCURVE('',#32,#200);
#200 = DEFINITIONAL_REPRESENTATION('',(#201),#205);
#201 = LINE('',#202,#203);
#202 = CARTESIAN_POINT('',(25.,-108.5));
#203 = VECTOR('',#204,1.);
#204 = DIRECTION('',(0.,-1.));
#205 = ( GEOMETRIC_REPRESENTATION_CONTEXT(2) 
PARAMETRIC_REPRESENTATION_CONTEXT() REPRESENTATION_CONTEXT('2D SPACE',''
  ) );
#206 = PCURVE('',#207,#212);
#207 = PLANE('',#208);
#208 = AXIS2_PLACEMENT_3D('',#209,#210,#211);
#209 = CARTESIAN_POINT('',(35.5,69.,54.9));
#210 = DIRECTION('',(1.,0.,0.));
#211 = DIRECTION('',(0.,-1.,-1.110223024625E-16));
#212 = DEFINITIONAL_REPRESENTATION('',(#213),#217);
#213 = LINE('',#214,#215);
#214 = CARTESIAN_POINT('',(1.665334536938E-16,1.5));
#215 = VECTOR('',#216,1.);
#216 = DIRECTION('',(0.,-1.));
#217 = ( GEOMETRIC_REPRESENTATION_CONTEXT(2) 
PARAMETRIC_REPRESENTATION_CONTEXT() REPRESENTATION_CONTEXT('2D SPACE',''
  ) );
#218 = ORIENTED_EDGE('',*,*,#219,.F.);
#219 = EDGE_CURVE('',#220,#192,#222,.T.);
#220 = VERTEX_POINT('',#221);
#221 = CARTESIAN_POINT('',(43.5,69.,53.4));
#222 = SURFACE_CURVE('',#223,(#227,#234),.PCURVE_S1.);
#223 = LINE('',#224,#225);
#224 = CARTESIAN_POINT('',(43.5,69.,53.4));
#225 = VECTOR('',#226,1.);
#226 = DIRECTION('',(-1.,0.,0.));
#227 = PCURVE('',#32,#228);
#228 = DEFINITIONAL_REPRESENTATION('',(#229),#233);
#229 = LINE('',#230,#231);
#230 = CARTESIAN_POINT('',(33.,-108.5));
#231 = VECTOR('',#232,1.);
#232 = DIRECTION('',(-1.,0.));
#233 = ( GEOMETRIC_REPRESENTATION_CONTEXT(2) 
PARAMETRIC_REPRESENTATION_CONTEXT() REPRESENTATION_CONTEXT('2D SPACE',''
  ) );
#234 = PCURVE('',#235,#240);
#235 = PLANE('',#236);
#236 = AXIS2_PLACEMENT_3D('',#237,#238,#239);
#237 = CARTESIAN_POINT('',(81.056485355649,99.140167364017,53.4));
#238 = DIRECTION('',(-0.,-1.110223024625E-16,1.));
#239 = DIRECTION('',(0.,-1.,-1.110223024625E-16));
#240 = DEFINITIONAL_REPRESENTATION('',(#241),#245);
#241 = LINE('',#242,#243);
#242 = CARTESIAN_POINT('',(30.140167364017,-37.55648535564));
#243 = VECTOR('',#244,1.);
#244 = DIRECTION('',(-0.,-1.));
#245 = ( GEOMETRIC_REPRESENTATION_CONTEXT(2) 
PARAMETRIC_REPRESENTATION_CONTEXT() REPRESENTATION_CONTEXT('2D SPACE',''
  ) );
#246 = ORIENTED_EDGE('',*,*,#247,.T.);
#247 = EDGE_CURVE('',#220,#248,#250,.T.);
#248 = VERTEX_POINT('',#249);
#249 = CARTESIAN_POINT('',(43.5,69.,52.9));
#250 = SURFACE_CURVE('',#251,(#255,#262),.PCURVE_S1.);
#251 = LINE('',#252,#253);
#252 = CARTESIAN_POINT('',(43.5,69.,56.9));
#253 = VECTOR('',#254,1.);
#254 = DIRECTION('',(0.,1.110223024625E-16,-1.));
#255 = PCURVE('',#32,#256);
#256 = DEFINITIONAL_REPRESENTATION('',(#257),#261);
#257 = LINE('',#258,#259);
#258 = CARTESIAN_POINT('',(33.,-112.));
#259 = VECTOR('',#260,1.);
#260 = DIRECTION('',(0.,1.));
#261 = ( GEOMETRIC_REPRESENTATION_CONTEXT(2) 
PARAMETRIC_REPRESENTATION_CONTEXT() REPRESENTATION_CONTEXT('2D SPACE',''
  ) );
#262 = PCURVE('',#263,#268);
#263 = PLANE('',#264);
#264 = AXIS2_PLACEMENT_3D('',#265,#266,#267);
#265 = CARTESIAN_POINT('',(43.5,69.,56.9));
#266 = DIRECTION('',(1.,0.,0.));
#267 = DIRECTION('',(0.,1.,1.110223024625E-16));
#268 = DEFINITIONAL_REPRESENTATION('',(#269),#273);
#269 = LINE('',#270,#271);
#270 = CARTESIAN_POINT('',(0.,0.));
#271 = VECTOR('',#272,1.);
#272 = DIRECTION('',(0.,-1.));
#273 = ( GEOMETRIC_REPRESENTATION_CONTEXT(2) 
PARAMETRIC_REPRESENTATION_CONTEXT() REPRESENTATION_CONTEXT('2D SPACE',''
  ) );
#274 = ORIENTED_EDGE('',*,*,#275,.F.);
#275 = EDGE_CURVE('',#276,#248,#278,.T.);
#276 = VERTEX_POINT('',#277);
#277 = CARTESIAN_POINT('',(38.5,69.,52.9));
#278 = SURFACE_CURVE('',#279,(#283,#290),.PCURVE_S1.);
#279 = LINE('',#280,#281);
#280 = CARTESIAN_POINT('',(35.5,69.,52.9));
#281 = VECTOR('',#282,1.);
#282 = DIRECTION('',(1.,0.,0.));
#283 = PCURVE('',#32,#284);
#284 = DEFINITIONAL_REPRESENTATION('',(#285),#289);
#285 = LINE('',#286,#287);
#286 = CARTESIAN_POINT('',(25.,-108.));
#287 = VECTOR('',#288,1.);
#288 = DIRECTION('',(1.,0.));
#289 = ( GEOMETRIC_REPRESENTATION_CONTEXT(2) 
PARAMETRIC_REPRESENTATION_CONTEXT() REPRESENTATION_CONTEXT('2D SPACE',''
  ) );
#290 = PCURVE('',#291,#296);
#291 = PLANE('',#292);
#292 = AXIS2_PLACEMENT_3D('',#293,#294,#295);
#293 = CARTESIAN_POINT('',(35.5,69.,52.9));
#294 = DIRECTION('',(0.,1.110223024625E-16,-1.));
#295 = DIRECTION('',(0.,1.,1.110223024625E-16));
#296 = DEFINITIONAL_REPRESENTATION('',(#297),#301);
#297 = LINE('',#298,#299);
#298 = CARTESIAN_POINT('',(0.,0.));
#299 = VECTOR('',#300,1.);
#300 = DIRECTION('',(0.,1.));
#301 = ( GEOMETRIC_REPRESENTATION_CONTEXT(2) 
PARAMETRIC_REPRESENTATION_CONTEXT() REPRESENTATION_CONTEXT('2D SPACE',''
  ) );
#302 = ORIENTED_EDGE('',*,*,#303,.T.);
#303 = EDGE_CURVE('',#276,#304,#306,.T.);
#304 = VERTEX_POINT('',#305);
#305 = CARTESIAN_POINT('',(38.5,69.,31.9));
#306 = SURFACE_CURVE('',#307,(#311,#318),.PCURVE_S1.);
#307 = LINE('',#308,#309);
#308 = CARTESIAN_POINT('',(38.5,69.,53.4));
#309 = VECTOR('',#310,1.);
#310 = DIRECTION('',(0.,1.110223024625E-16,-1.));
#311 = PCURVE('',#32,#312);
#312 = DEFINITIONAL_REPRESENTATION('',(#313),#317);
#313 = LINE('',#314,#315);
#314 = CARTESIAN_POINT('',(28.,-108.5));
#315 = VECTOR('',#316,1.);
#316 = DIRECTION('',(0.,1.));
#317 = ( GEOMETRIC_REPRESENTATION_CONTEXT(2) 
PARAMETRIC_REPRESENTATION_CONTEXT() REPRESENTATION_CONTEXT('2D SPACE',''
  ) );
#318 = PCURVE('',#319,#324);
#319 = PLANE('',#320);
#320 = AXIS2_PLACEMENT_3D('',#321,#322,#323);
#321 = CARTESIAN_POINT('',(38.5,69.,53.4));
#322 = DIRECTION('',(1.,0.,0.));
#323 = DIRECTION('',(0.,1.,1.110223024625E-16));
#324 = DEFINITIONAL_REPRESENTATION('',(#325),#329);
#325 = LINE('',#326,#327);
#326 = CARTESIAN_POINT('',(0.,0.));
#327 = VECTOR('',#328,1.);
#328 = DIRECTION('',(0.,-1.));
#329 = ( GEOMETRIC_REPRESENTATION_CONTEXT(2) 
PARAMETRIC_REPRESENTATION_CONTEXT() REPRESENTATION_CONTEXT('2D SPACE',''
  ) );
#330 = ORIENTED_EDGE('',*,*,#331,.T.);
#331 = EDGE_CURVE('',#304,#332,#334,.T.);
#332 = VERTEX_POINT('',#333);
#333 = CARTESIAN_POINT('',(34.5,69.,31.9));
#334 = SURFACE_CURVE('',#335,(#339,#346),.PCURVE_S1.);
#335 = LINE('',#336,#337);
#336 = CARTESIAN_POINT('',(22.5,69.,31.9));
#337 = VECTOR('',#338,1.);
#338 = DIRECTION('',(-1.,0.,0.));
#339 = PCURVE('',#32,#340);
#340 = DEFINITIONAL_REPRESENTATION('',(#341),#345);
#341 = LINE('',#342,#343);
#342 = CARTESIAN_POINT('',(12.,-87.));
#343 = VECTOR('',#344,1.);
#344 = DIRECTION('',(-1.,0.));
#345 = ( GEOMETRIC_REPRESENTATION_CONTEXT(2) 
PARAMETRIC_REPRESENTATION_CONTEXT() REPRESENTATION_CONTEXT('2D SPACE',''
  ) );
#346 = PCURVE('',#347,#352);
#347 = PLANE('',#348);
#348 = AXIS2_PLACEMENT_3D('',#349,#350,#351);
#349 = CARTESIAN_POINT('',(34.5,55.,31.9));
#350 = DIRECTION('',(0.,1.110223024625E-16,-1.));
#351 = DIRECTION('',(0.,1.,1.110223024625E-16));
#352 = DEFINITIONAL_REPRESENTATION('',(#353),#357);
#353 = LINE('',#354,#355);
#354 = CARTESIAN_POINT('',(14.,-12.));
#355 = VECTOR('',#356,1.);
#356 = DIRECTION('',(0.,-1.));
#357 = ( GEOMETRIC_REPRESENTATION_CONTEXT(2) 
PARAMETRIC_REPRESENTATION_CONTEXT() REPRESENTATION_CONTEXT('2D SPACE',''
  ) );
#358 = ORIENTED_EDGE('',*,*,#359,.T.);
#359 = EDGE_CURVE('',#332,#360,#362,.T.);
#360 = VERTEX_POINT('',#361);
#361 = CARTESIAN_POINT('',(34.5,69.,21.9));
#362 = SURFACE_CURVE('',#363,(#367,#374),.PCURVE_S1.);
#363 = LINE('',#364,#365);
#364 = CARTESIAN_POINT('',(34.5,69.,42.65));
#365 = VECTOR('',#366,1.);
#366 = DIRECTION('',(0.,1.110223024625E-16,-1.));
#367 = PCURVE('',#32,#368);
#368 = DEFINITIONAL_REPRESENTATION('',(#369),#373);
#369 = LINE('',#370,#371);
#370 = CARTESIAN_POINT('',(24.,-97.75));
#371 = VECTOR('',#372,1.);
#372 = DIRECTION('',(0.,1.));
#373 = ( GEOMETRIC_REPRESENTATION_CONTEXT(2) 
PARAMETRIC_REPRESENTATION_CONTEXT() REPRESENTATION_CONTEXT('2D SPACE',''
  ) );
#374 = PCURVE('',#375,#380);
#375 = PLANE('',#376);
#376 = AXIS2_PLACEMENT_3D('',#377,#378,#379);
#377 = CARTESIAN_POINT('',(34.5,55.,31.9));
#378 = DIRECTION('',(1.,0.,0.));
#379 = DIRECTION('',(0.,1.,1.110223024625E-16));
#380 = DEFINITIONAL_REPRESENTATION('',(#381),#385);
#381 = LINE('',#382,#383);
#382 = CARTESIAN_POINT('',(14.,10.75));
#383 = VECTOR('',#384,1.);
#384 = DIRECTION('',(0.,-1.));
#385 = ( GEOMETRIC_REPRESENTATION_CONTEXT(2) 
PARAMETRIC_REPRESENTATION_CONTEXT() REPRESENTATION_CONTEXT('2D SPACE',''
  ) );
#386 = ORIENTED_EDGE('',*,*,#387,.F.);
#387 = EDGE_CURVE('',#388,#360,#390,.T.);
#388 = VERTEX_POINT('',#389);
#389 = CARTESIAN_POINT('',(38.5,69.,21.9));
#390 = SURFACE_CURVE('',#391,(#395,#402),.PCURVE_S1.);
#391 = LINE('',#392,#393);
#392 = CARTESIAN_POINT('',(22.5,69.,21.9));
#393 = VECTOR('',#394,1.);
#394 = DIRECTION('',(-1.,0.,0.));
#395 = PCURVE('',#32,#396);
#396 = DEFINITIONAL_REPRESENTATION('',(#397),#401);
#397 = LINE('',#398,#399);
#398 = CARTESIAN_POINT('',(12.,-77.));
#399 = VECTOR('',#400,1.);
#400 = DIRECTION('',(-1.,0.));
#401 = ( GEOMETRIC_REPRESENTATION_CONTEXT(2) 
PARAMETRIC_REPRESENTATION_CONTEXT() REPRESENTATION_CONTEXT('2D SPACE',''
  ) );
#402 = PCURVE('',#403,#408);
#403 = PLANE('',#404);
#404 = AXIS2_PLACEMENT_3D('',#405,#406,#407);
#405 = CARTESIAN_POINT('',(34.5,55.,21.9));
#406 = DIRECTION('',(0.,1.110223024625E-16,-1.));
#407 = DIRECTION('',(0.,1.,1.110223024625E-16));
#408 = DEFINITIONAL_REPRESENTATION('',(#409),#413);
#409 = LINE('',#410,#411);
#410 = CARTESIAN_POINT('',(14.,-12.));
#411 = VECTOR('',#412,1.);
#412 = DIRECTION('',(0.,-1.));
#413 = ( GEOMETRIC_REPRESENTATION_CONTEXT(2) 
PARAMETRIC_REPRESENTATION_CONTEXT() REPRESENTATION_CONTEXT('2D SPACE',''
  ) );
#414 = ORIENTED_EDGE('',*,*,#415,.T.);
#415 = EDGE_CURVE('',#388,#416,#418,.T.);
#416 = VERTEX_POINT('',#417);
#417 = CARTESIAN_POINT('',(38.5,69.,1.043609643148E-14));
#418 = SURFACE_CURVE('',#419,(#423,#430),.PCURVE_S1.);
#419 = LINE('',#420,#421);
#420 = CARTESIAN_POINT('',(38.5,69.,53.4));
#421 = VECTOR('',#422,1.);
#422 = DIRECTION('',(0.,1.110223024625E-16,-1.));
#423 = PCURVE('',#32,#424);
#424 = DEFINITIONAL_REPRESENTATION('',(#425),#429);
#425 = LINE('',#426,#427);
#426 = CARTESIAN_POINT('',(28.,-108.5));
#427 = VECTOR('',#428,1.);
#428 = DIRECTION('',(0.,1.));
#429 = ( GEOMETRIC_REPRESENTATION_CONTEXT(2) 
PARAMETRIC_REPRESENTATION_CONTEXT() REPRESENTATION_CONTEXT('2D SPACE',''
  ) );
#430 = PCURVE('',#319,#431);
#431 = DEFINITIONAL_REPRESENTATION('',(#432),#436);
#432 = LINE('',#433,#434);
#433 = CARTESIAN_POINT('',(0.,0.));
#434 = VECTOR('',#435,1.);
#435 = DIRECTION('',(0.,-1.));
#436 = ( GEOMETRIC_REPRESENTATION_CONTEXT(2) 
PARAMETRIC_REPRESENTATION_CONTEXT() REPRESENTATION_CONTEXT('2D SPACE',''
  ) );
#437 = ORIENTED_EDGE('',*,*,#438,.T.);
#438 = EDGE_CURVE('',#416,#24,#439,.T.);
#439 = SURFACE_CURVE('',#440,(#444,#451),.PCURVE_S1.);
#440 = LINE('',#441,#442);
#441 = CARTESIAN_POINT('',(-48.5,69.,1.043609643148E-14));
#442 = VECTOR('',#443,1.);
#443 = DIRECTION('',(-1.,0.,-0.));
#444 = PCURVE('',#32,#445);
#445 = DEFINITIONAL_REPRESENTATION('',(#446),#450);
#446 = LINE('',#447,#448);
#447 = CARTESIAN_POINT('',(-59.,-55.1));
#448 = VECTOR('',#449,1.);
#449 = DIRECTION('',(-1.,0.));
#450 = ( GEOMETRIC_REPRESENTATION_CONTEXT(2) 
PARAMETRIC_REPRESENTATION_CONTEXT() REPRESENTATION_CONTEXT('2D SPACE',''
  ) );
#451 = PCURVE('',#452,#457);
#452 = PLANE('',#453);
#453 = AXIS2_PLACEMENT_3D('',#454,#455,#456);
#454 = CARTESIAN_POINT('',(-107.5,-115.,-9.992007221626E-15));
#455 = DIRECTION('',(0.,1.110223024625E-16,-1.));
#456 = DIRECTION('',(0.,1.,1.110223024625E-16));
#457 = DEFINITIONAL_REPRESENTATION('',(#458),#462);
#458 = LINE('',#459,#460);
#459 = CARTESIAN_POINT('',(184.,59.));
#460 = VECTOR('',#461,1.);
#461 = DIRECTION('',(0.,-1.));
#462 = ( GEOMETRIC_REPRESENTATION_CONTEXT(2) 
PARAMETRIC_REPRESENTATION_CONTEXT() REPRESENTATION_CONTEXT('2D SPACE',''
  ) );
#463 = ADVANCED_FACE('',(#464),#44,.F.);
#464 = FACE_BOUND('',#465,.F.);
#465 = EDGE_LOOP('',(#466,#496,#517,#518));
#466 = ORIENTED_EDGE('',*,*,#467,.F.);
#467 = EDGE_CURVE('',#468,#470,#472,.T.);
#468 = VERTEX_POINT('',#469);
#469 = CARTESIAN_POINT('',(10.5,140.,56.4));
#470 = VERTEX_POINT('',#471);
#471 = CARTESIAN_POINT('',(10.5,140.,1.831867990632E-14));
#472 = SURFACE_CURVE('',#473,(#477,#484),.PCURVE_S1.);
#473 = LINE('',#474,#475);
#474 = CARTESIAN_POINT('',(10.5,140.,56.4));
#475 = VECTOR('',#476,1.);
#476 = DIRECTION('',(0.,1.110223024625E-16,-1.));
#477 = PCURVE('',#44,#478);
#478 = DEFINITIONAL_REPRESENTATION('',(#479),#483);
#479 = LINE('',#480,#481);
#480 = CARTESIAN_POINT('',(-1.237898672457E-14,-111.5));
#481 = VECTOR('',#482,1.);
#482 = DIRECTION('',(0.,1.));
#483 = ( GEOMETRIC_REPRESENTATION_CONTEXT(2) 
PARAMETRIC_REPRESENTATION_CONTEXT() REPRESENTATION_CONTEXT('2D SPACE',''
  ) );
#484 = PCURVE('',#485,#490);
#485 = PLANE('',#486);
#486 = AXIS2_PLACEMENT_3D('',#487,#488,#489);
#487 = CARTESIAN_POINT('',(157.5,140.,-55.1));
#488 = DIRECTION('',(-0.,-1.,-1.110223024625E-16));
#489 = DIRECTION('',(-1.,0.,0.));
#490 = DEFINITIONAL_REPRESENTATION('',(#491),#495);
#491 = LINE('',#492,#493);
#492 = CARTESIAN_POINT('',(147.,-111.5));
#493 = VECTOR('',#494,1.);
#494 = DIRECTION('',(0.,1.));
#495 = ( GEOMETRIC_REPRESENTATION_CONTEXT(2) 
PARAMETRIC_REPRESENTATION_CONTEXT() REPRESENTATION_CONTEXT('2D SPACE',''
  ) );
#496 = ORIENTED_EDGE('',*,*,#497,.T.);
#497 = EDGE_CURVE('',#468,#22,#498,.T.);
#498 = SURFACE_CURVE('',#499,(#503,#510),.PCURVE_S1.);
#499 = LINE('',#500,#501);
#500 = CARTESIAN_POINT('',(10.5,140.,56.4));
#501 = VECTOR('',#502,1.);
#502 = DIRECTION('',(0.,-1.,-1.110223024625E-16));
#503 = PCURVE('',#44,#504);
#504 = DEFINITIONAL_REPRESENTATION('',(#505),#509);
#505 = LINE('',#506,#507);
#506 = CARTESIAN_POINT('',(-1.237898672457E-14,-111.5));
#507 = VECTOR('',#508,1.);
#508 = DIRECTION('',(1.,0.));
#509 = ( GEOMETRIC_REPRESENTATION_CONTEXT(2) 
PARAMETRIC_REPRESENTATION_CONTEXT() REPRESENTATION_CONTEXT('2D SPACE',''
  ) );
#510 = PCURVE('',#72,#511);
#511 = DEFINITIONAL_REPRESENTATION('',(#512),#516);
#512 = LINE('',#513,#514);
#513 = CARTESIAN_POINT('',(-40.85983263598,-70.55648535564));
#514 = VECTOR('',#515,1.);
#515 = DIRECTION('',(1.,0.));
#516 = ( GEOMETRIC_REPRESENTATION_CONTEXT(2) 
PARAMETRIC_REPRESENTATION_CONTEXT() REPRESENTATION_CONTEXT('2D SPACE',''
  ) );
#517 = ORIENTED_EDGE('',*,*,#21,.T.);
#518 = ORIENTED_EDGE('',*,*,#519,.T.);
#519 = EDGE_CURVE('',#24,#470,#520,.T.);
#520 = SURFACE_CURVE('',#521,(#525,#532),.PCURVE_S1.);
#521 = LINE('',#522,#523);
#522 = CARTESIAN_POINT('',(10.5,12.5,4.163336342344E-15));
#523 = VECTOR('',#524,1.);
#524 = DIRECTION('',(0.,1.,1.110223024625E-16));
#525 = PCURVE('',#44,#526);
#526 = DEFINITIONAL_REPRESENTATION('',(#527),#531);
#527 = LINE('',#528,#529);
#528 = CARTESIAN_POINT('',(127.5,-55.1));
#529 = VECTOR('',#530,1.);
#530 = DIRECTION('',(-1.,0.));
#531 = ( GEOMETRIC_REPRESENTATION_CONTEXT(2) 
PARAMETRIC_REPRESENTATION_CONTEXT() REPRESENTATION_CONTEXT('2D SPACE',''
  ) );
#532 = PCURVE('',#452,#533);
#533 = DEFINITIONAL_REPRESENTATION('',(#534),#538);
#534 = LINE('',#535,#536);
#535 = CARTESIAN_POINT('',(127.5,118.));
#536 = VECTOR('',#537,1.);
#537 = DIRECTION('',(1.,0.));
#538 = ( GEOMETRIC_REPRESENTATION_CONTEXT(2) 
PARAMETRIC_REPRESENTATION_CONTEXT() REPRESENTATION_CONTEXT('2D SPACE',''
  ) );
#539 = ADVANCED_FACE('',(#540,#807,#838),#452,.T.);
#540 = FACE_BOUND('',#541,.T.);
#541 = EDGE_LOOP('',(#542,#565,#566,#567,#590,#618,#646,#674,#702,#730,
    #758,#781));
#542 = ORIENTED_EDGE('',*,*,#543,.F.);
#543 = EDGE_CURVE('',#416,#544,#546,.T.);
#544 = VERTEX_POINT('',#545);
#545 = CARTESIAN_POINT('',(38.5,73.,1.088018564133E-14));
#546 = SURFACE_CURVE('',#547,(#551,#558),.PCURVE_S1.);
#547 = LINE('',#548,#549);
#548 = CARTESIAN_POINT('',(38.5,-23.,2.22044604925E-16));
#549 = VECTOR('',#550,1.);
#550 = DIRECTION('',(0.,1.,1.110223024625E-16));
#551 = PCURVE('',#452,#552);
#552 = DEFINITIONAL_REPRESENTATION('',(#553),#557);
#553 = LINE('',#554,#555);
#554 = CARTESIAN_POINT('',(92.,146.));
#555 = VECTOR('',#556,1.);
#556 = DIRECTION('',(1.,0.));
#557 = ( GEOMETRIC_REPRESENTATION_CONTEXT(2) 
PARAMETRIC_REPRESENTATION_CONTEXT() REPRESENTATION_CONTEXT('2D SPACE',''
  ) );
#558 = PCURVE('',#319,#559);
#559 = DEFINITIONAL_REPRESENTATION('',(#560),#564);
#560 = LINE('',#561,#562);
#561 = CARTESIAN_POINT('',(-92.,-53.4));
#562 = VECTOR('',#563,1.);
#563 = DIRECTION('',(1.,0.));
#564 = ( GEOMETRIC_REPRESENTATION_CONTEXT(2) 
PARAMETRIC_REPRESENTATION_CONTEXT() REPRESENTATION_CONTEXT('2D SPACE',''
  ) );
#565 = ORIENTED_EDGE('',*,*,#438,.T.);
#566 = ORIENTED_EDGE('',*,*,#519,.T.);
#567 = ORIENTED_EDGE('',*,*,#568,.T.);
#568 = EDGE_CURVE('',#470,#569,#571,.T.);
#569 = VERTEX_POINT('',#570);
#570 = CARTESIAN_POINT('',(21.5,140.,1.831867990632E-14));
#571 = SURFACE_CURVE('',#572,(#576,#583),.PCURVE_S1.);
#572 = LINE('',#573,#574);
#573 = CARTESIAN_POINT('',(25.,140.,1.831867990632E-14));
#574 = VECTOR('',#575,1.);
#575 = DIRECTION('',(1.,0.,0.));
#576 = PCURVE('',#452,#577);
#577 = DEFINITIONAL_REPRESENTATION('',(#578),#582);
#578 = LINE('',#579,#580);
#579 = CARTESIAN_POINT('',(255.,132.5));
#580 = VECTOR('',#581,1.);
#581 = DIRECTION('',(0.,1.));
#582 = ( GEOMETRIC_REPRESENTATION_CONTEXT(2) 
PARAMETRIC_REPRESENTATION_CONTEXT() REPRESENTATION_CONTEXT('2D SPACE',''
  ) );
#583 = PCURVE('',#485,#584);
#584 = DEFINITIONAL_REPRESENTATION('',(#585),#589);
#585 = LINE('',#586,#587);
#586 = CARTESIAN_POINT('',(132.5,-55.1));
#587 = VECTOR('',#588,1.);
#588 = DIRECTION('',(-1.,0.));
#589 = ( GEOMETRIC_REPRESENTATION_CONTEXT(2) 
PARAMETRIC_REPRESENTATION_CONTEXT() REPRESENTATION_CONTEXT('2D SPACE',''
  ) );
#590 = ORIENTED_EDGE('',*,*,#591,.F.);
#591 = EDGE_CURVE('',#592,#569,#594,.T.);
#592 = VERTEX_POINT('',#593);
#593 = CARTESIAN_POINT('',(21.5,128.,1.698641227676E-14));
#594 = SURFACE_CURVE('',#595,(#599,#606),.PCURVE_S1.);
#595 = LINE('',#596,#597);
#596 = CARTESIAN_POINT('',(21.5,6.5,3.497202527569E-15));
#597 = VECTOR('',#598,1.);
#598 = DIRECTION('',(0.,1.,1.110223024625E-16));
#599 = PCURVE('',#452,#600);
#600 = DEFINITIONAL_REPRESENTATION('',(#601),#605);
#601 = LINE('',#602,#603);
#602 = CARTESIAN_POINT('',(121.5,129.));
#603 = VECTOR('',#604,1.);
#604 = DIRECTION('',(1.,0.));
#605 = ( GEOMETRIC_REPRESENTATION_CONTEXT(2) 
PARAMETRIC_REPRESENTATION_CONTEXT() REPRESENTATION_CONTEXT('2D SPACE',''
  ) );
#606 = PCURVE('',#607,#612);
#607 = PLANE('',#608);
#608 = AXIS2_PLACEMENT_3D('',#609,#610,#611);
#609 = CARTESIAN_POINT('',(21.5,128.,11.9));
#610 = DIRECTION('',(1.,0.,0.));
#611 = DIRECTION('',(0.,1.,1.110223024625E-16));
#612 = DEFINITIONAL_REPRESENTATION('',(#613),#617);
#613 = LINE('',#614,#615);
#614 = CARTESIAN_POINT('',(-121.5,-11.9));
#615 = VECTOR('',#616,1.);
#616 = DIRECTION('',(1.,0.));
#617 = ( GEOMETRIC_REPRESENTATION_CONTEXT(2) 
PARAMETRIC_REPRESENTATION_CONTEXT() REPRESENTATION_CONTEXT('2D SPACE',''
  ) );
#618 = ORIENTED_EDGE('',*,*,#619,.T.);
#619 = EDGE_CURVE('',#592,#620,#622,.T.);
#620 = VERTEX_POINT('',#621);
#621 = CARTESIAN_POINT('',(14.5,128.,1.698641227676E-14));
#622 = SURFACE_CURVE('',#623,(#627,#634),.PCURVE_S1.);
#623 = LINE('',#624,#625);
#624 = CARTESIAN_POINT('',(-48.,128.,1.698641227676E-14));
#625 = VECTOR('',#626,1.);
#626 = DIRECTION('',(-1.,0.,0.));
#627 = PCURVE('',#452,#628);
#628 = DEFINITIONAL_REPRESENTATION('',(#629),#633);
#629 = LINE('',#630,#631);
#630 = CARTESIAN_POINT('',(243.,59.5));
#631 = VECTOR('',#632,1.);
#632 = DIRECTION('',(0.,-1.));
#633 = ( GEOMETRIC_REPRESENTATION_CONTEXT(2) 
PARAMETRIC_REPRESENTATION_CONTEXT() REPRESENTATION_CONTEXT('2D SPACE',''
  ) );
#634 = PCURVE('',#635,#640);
#635 = PLANE('',#636);
#636 = AXIS2_PLACEMENT_3D('',#637,#638,#639);
#637 = CARTESIAN_POINT('',(11.5,128.,11.9));
#638 = DIRECTION('',(0.,1.,1.110223024625E-16));
#639 = DIRECTION('',(1.,0.,0.));
#640 = DEFINITIONAL_REPRESENTATION('',(#641),#645);
#641 = LINE('',#642,#643);
#642 = CARTESIAN_POINT('',(-59.5,11.9));
#643 = VECTOR('',#644,1.);
#644 = DIRECTION('',(-1.,0.));
#645 = ( GEOMETRIC_REPRESENTATION_CONTEXT(2) 
PARAMETRIC_REPRESENTATION_CONTEXT() REPRESENTATION_CONTEXT('2D SPACE',''
  ) );
#646 = ORIENTED_EDGE('',*,*,#647,.F.);
#647 = EDGE_CURVE('',#648,#620,#650,.T.);
#648 = VERTEX_POINT('',#649);
#649 = CARTESIAN_POINT('',(14.5,95.,1.33226762955E-14));
#650 = SURFACE_CURVE('',#651,(#655,#662),.PCURVE_S1.);
#651 = LINE('',#652,#653);
#652 = CARTESIAN_POINT('',(14.5,-23.,2.22044604925E-16));
#653 = VECTOR('',#654,1.);
#654 = DIRECTION('',(0.,1.,1.110223024625E-16));
#655 = PCURVE('',#452,#656);
#656 = DEFINITIONAL_REPRESENTATION('',(#657),#661);
#657 = LINE('',#658,#659);
#658 = CARTESIAN_POINT('',(92.,122.));
#659 = VECTOR('',#660,1.);
#660 = DIRECTION('',(1.,0.));
#661 = ( GEOMETRIC_REPRESENTATION_CONTEXT(2) 
PARAMETRIC_REPRESENTATION_CONTEXT() REPRESENTATION_CONTEXT('2D SPACE',''
  ) );
#662 = PCURVE('',#663,#668);
#663 = PLANE('',#664);
#664 = AXIS2_PLACEMENT_3D('',#665,#666,#667);
#665 = CARTESIAN_POINT('',(14.5,69.,53.4));
#666 = DIRECTION('',(1.,0.,0.));
#667 = DIRECTION('',(0.,1.,1.110223024625E-16));
#668 = DEFINITIONAL_REPRESENTATION('',(#669),#673);
#669 = LINE('',#670,#671);
#670 = CARTESIAN_POINT('',(-92.,-53.4));
#671 = VECTOR('',#672,1.);
#672 = DIRECTION('',(1.,0.));
#673 = ( GEOMETRIC_REPRESENTATION_CONTEXT(2) 
PARAMETRIC_REPRESENTATION_CONTEXT() REPRESENTATION_CONTEXT('2D SPACE',''
  ) );
#674 = ORIENTED_EDGE('',*,*,#675,.F.);
#675 = EDGE_CURVE('',#676,#648,#678,.T.);
#676 = VERTEX_POINT('',#677);
#677 = CARTESIAN_POINT('',(21.5,95.,1.33226762955E-14));
#678 = SURFACE_CURVE('',#679,(#683,#690),.PCURVE_S1.);
#679 = LINE('',#680,#681);
#680 = CARTESIAN_POINT('',(-48.,95.,1.33226762955E-14));
#681 = VECTOR('',#682,1.);
#682 = DIRECTION('',(-1.,0.,0.));
#683 = PCURVE('',#452,#684);
#684 = DEFINITIONAL_REPRESENTATION('',(#685),#689);
#685 = LINE('',#686,#687);
#686 = CARTESIAN_POINT('',(210.,59.5));
#687 = VECTOR('',#688,1.);
#688 = DIRECTION('',(0.,-1.));
#689 = ( GEOMETRIC_REPRESENTATION_CONTEXT(2) 
PARAMETRIC_REPRESENTATION_CONTEXT() REPRESENTATION_CONTEXT('2D SPACE',''
  ) );
#690 = PCURVE('',#691,#696);
#691 = PLANE('',#692);
#692 = AXIS2_PLACEMENT_3D('',#693,#694,#695);
#693 = CARTESIAN_POINT('',(11.5,95.,11.9));
#694 = DIRECTION('',(0.,1.,1.110223024625E-16));
#695 = DIRECTION('',(1.,0.,0.));
#696 = DEFINITIONAL_REPRESENTATION('',(#697),#701);
#697 = LINE('',#698,#699);
#698 = CARTESIAN_POINT('',(-59.5,11.9));
#699 = VECTOR('',#700,1.);
#700 = DIRECTION('',(-1.,0.));
#701 = ( GEOMETRIC_REPRESENTATION_CONTEXT(2) 
PARAMETRIC_REPRESENTATION_CONTEXT() REPRESENTATION_CONTEXT('2D SPACE',''
  ) );
#702 = ORIENTED_EDGE('',*,*,#703,.F.);
#703 = EDGE_CURVE('',#704,#676,#706,.T.);
#704 = VERTEX_POINT('',#705);
#705 = CARTESIAN_POINT('',(21.5,83.,1.199040866595E-14));
#706 = SURFACE_CURVE('',#707,(#711,#718),.PCURVE_S1.);
#707 = LINE('',#708,#709);
#708 = CARTESIAN_POINT('',(21.5,-16.,9.992007221626E-16));
#709 = VECTOR('',#710,1.);
#710 = DIRECTION('',(0.,1.,1.110223024625E-16));
#711 = PCURVE('',#452,#712);
#712 = DEFINITIONAL_REPRESENTATION('',(#713),#717);
#713 = LINE('',#714,#715);
#714 = CARTESIAN_POINT('',(99.,129.));
#715 = VECTOR('',#716,1.);
#716 = DIRECTION('',(1.,0.));
#717 = ( GEOMETRIC_REPRESENTATION_CONTEXT(2) 
PARAMETRIC_REPRESENTATION_CONTEXT() REPRESENTATION_CONTEXT('2D SPACE',''
  ) );
#718 = PCURVE('',#719,#724);
#719 = PLANE('',#720);
#720 = AXIS2_PLACEMENT_3D('',#721,#722,#723);
#721 = CARTESIAN_POINT('',(21.5,83.,11.9));
#722 = DIRECTION('',(1.,0.,0.));
#723 = DIRECTION('',(0.,1.,1.110223024625E-16));
#724 = DEFINITIONAL_REPRESENTATION('',(#725),#729);
#725 = LINE('',#726,#727);
#726 = CARTESIAN_POINT('',(-99.,-11.9));
#727 = VECTOR('',#728,1.);
#728 = DIRECTION('',(1.,0.));
#729 = ( GEOMETRIC_REPRESENTATION_CONTEXT(2) 
PARAMETRIC_REPRESENTATION_CONTEXT() REPRESENTATION_CONTEXT('2D SPACE',''
  ) );
#730 = ORIENTED_EDGE('',*,*,#731,.T.);
#731 = EDGE_CURVE('',#704,#732,#734,.T.);
#732 = VERTEX_POINT('',#733);
#733 = CARTESIAN_POINT('',(14.5,83.,1.199040866595E-14));
#734 = SURFACE_CURVE('',#735,(#739,#746),.PCURVE_S1.);
#735 = LINE('',#736,#737);
#736 = CARTESIAN_POINT('',(-48.,83.,1.199040866595E-14));
#737 = VECTOR('',#738,1.);
#738 = DIRECTION('',(-1.,0.,0.));
#739 = PCURVE('',#452,#740);
#740 = DEFINITIONAL_REPRESENTATION('',(#741),#745);
#741 = LINE('',#742,#743);
#742 = CARTESIAN_POINT('',(198.,59.5));
#743 = VECTOR('',#744,1.);
#744 = DIRECTION('',(0.,-1.));
#745 = ( GEOMETRIC_REPRESENTATION_CONTEXT(2) 
PARAMETRIC_REPRESENTATION_CONTEXT() REPRESENTATION_CONTEXT('2D SPACE',''
  ) );
#746 = PCURVE('',#747,#752);
#747 = PLANE('',#748);
#748 = AXIS2_PLACEMENT_3D('',#749,#750,#751);
#749 = CARTESIAN_POINT('',(11.5,83.,11.9));
#750 = DIRECTION('',(0.,1.,1.110223024625E-16));
#751 = DIRECTION('',(1.,0.,0.));
#752 = DEFINITIONAL_REPRESENTATION('',(#753),#757);
#753 = LINE('',#754,#755);
#754 = CARTESIAN_POINT('',(-59.5,11.9));
#755 = VECTOR('',#756,1.);
#756 = DIRECTION('',(-1.,0.));
#757 = ( GEOMETRIC_REPRESENTATION_CONTEXT(2) 
PARAMETRIC_REPRESENTATION_CONTEXT() REPRESENTATION_CONTEXT('2D SPACE',''
  ) );
#758 = ORIENTED_EDGE('',*,*,#759,.F.);
#759 = EDGE_CURVE('',#760,#732,#762,.T.);
#760 = VERTEX_POINT('',#761);
#761 = CARTESIAN_POINT('',(14.5,73.,1.088018564133E-14));
#762 = SURFACE_CURVE('',#763,(#767,#774),.PCURVE_S1.);
#763 = LINE('',#764,#765);
#764 = CARTESIAN_POINT('',(14.5,-23.,2.22044604925E-16));
#765 = VECTOR('',#766,1.);
#766 = DIRECTION('',(0.,1.,1.110223024625E-16));
#767 = PCURVE('',#452,#768);
#768 = DEFINITIONAL_REPRESENTATION('',(#769),#773);
#769 = LINE('',#770,#771);
#770 = CARTESIAN_POINT('',(92.,122.));
#771 = VECTOR('',#772,1.);
#772 = DIRECTION('',(1.,0.));
#773 = ( GEOMETRIC_REPRESENTATION_CONTEXT(2) 
PARAMETRIC_REPRESENTATION_CONTEXT() REPRESENTATION_CONTEXT('2D SPACE',''
  ) );
#774 = PCURVE('',#663,#775);
#775 = DEFINITIONAL_REPRESENTATION('',(#776),#780);
#776 = LINE('',#777,#778);
#777 = CARTESIAN_POINT('',(-92.,-53.4));
#778 = VECTOR('',#779,1.);
#779 = DIRECTION('',(1.,0.));
#780 = ( GEOMETRIC_REPRESENTATION_CONTEXT(2) 
PARAMETRIC_REPRESENTATION_CONTEXT() REPRESENTATION_CONTEXT('2D SPACE',''
  ) );
#781 = ORIENTED_EDGE('',*,*,#782,.F.);
#782 = EDGE_CURVE('',#544,#760,#783,.T.);
#783 = SURFACE_CURVE('',#784,(#788,#795),.PCURVE_S1.);
#784 = LINE('',#785,#786);
#785 = CARTESIAN_POINT('',(-48.5,73.,1.088018564133E-14));
#786 = VECTOR('',#787,1.);
#787 = DIRECTION('',(-1.,0.,0.));
#788 = PCURVE('',#452,#789);
#789 = DEFINITIONAL_REPRESENTATION('',(#790),#794);
#790 = LINE('',#791,#792);
#791 = CARTESIAN_POINT('',(188.,59.));
#792 = VECTOR('',#793,1.);
#793 = DIRECTION('',(0.,-1.));
#794 = ( GEOMETRIC_REPRESENTATION_CONTEXT(2) 
PARAMETRIC_REPRESENTATION_CONTEXT() REPRESENTATION_CONTEXT('2D SPACE',''
  ) );
#795 = PCURVE('',#796,#801);
#796 = PLANE('',#797);
#797 = AXIS2_PLACEMENT_3D('',#798,#799,#800);
#798 = CARTESIAN_POINT('',(10.5,73.,53.4));
#799 = DIRECTION('',(0.,1.,1.110223024625E-16));
#800 = DIRECTION('',(1.,0.,0.));
#801 = DEFINITIONAL_REPRESENTATION('',(#802),#806);
#802 = LINE('',#803,#804);
#803 = CARTESIAN_POINT('',(-59.,53.4));
#804 = VECTOR('',#805,1.);
#805 = DIRECTION('',(-1.,0.));
#806 = ( GEOMETRIC_REPRESENTATION_CONTEXT(2) 
PARAMETRIC_REPRESENTATION_CONTEXT() REPRESENTATION_CONTEXT('2D SPACE',''
  ) );
#807 = FACE_BOUND('',#808,.T.);
#808 = EDGE_LOOP('',(#809));
#809 = ORIENTED_EDGE('',*,*,#810,.F.);
#810 = EDGE_CURVE('',#811,#811,#813,.T.);
#811 = VERTEX_POINT('',#812);
#812 = CARTESIAN_POINT('',(16.5,90.7,1.285083151004E-14));
#813 = SURFACE_CURVE('',#814,(#819,#826),.PCURVE_S1.);
#814 = CIRCLE('',#815,1.7);
#815 = AXIS2_PLACEMENT_3D('',#816,#817,#818);
#816 = CARTESIAN_POINT('',(16.5,89.,1.265654248073E-14));
#817 = DIRECTION('',(0.,1.110223024625E-16,-1.));
#818 = DIRECTION('',(0.,1.,1.110223024625E-16));
#819 = PCURVE('',#452,#820);
#820 = DEFINITIONAL_REPRESENTATION('',(#821),#825);
#821 = CIRCLE('',#822,1.7);
#822 = AXIS2_PLACEMENT_2D('',#823,#824);
#823 = CARTESIAN_POINT('',(204.,124.));
#824 = DIRECTION('',(1.,0.));
#825 = ( GEOMETRIC_REPRESENTATION_CONTEXT(2) 
PARAMETRIC_REPRESENTATION_CONTEXT() REPRESENTATION_CONTEXT('2D SPACE',''
  ) );
#826 = PCURVE('',#827,#832);
#827 = CYLINDRICAL_SURFACE('',#828,1.7);
#828 = AXIS2_PLACEMENT_3D('',#829,#830,#831);
#829 = CARTESIAN_POINT('',(16.5,89.,13.9));
#830 = DIRECTION('',(0.,1.110223024625E-16,-1.));
#831 = DIRECTION('',(0.,1.,1.110223024625E-16));
#832 = DEFINITIONAL_REPRESENTATION('',(#833),#837);
#833 = LINE('',#834,#835);
#834 = CARTESIAN_POINT('',(0.,13.9));
#835 = VECTOR('',#836,1.);
#836 = DIRECTION('',(1.,0.));
#837 = ( GEOMETRIC_REPRESENTATION_CONTEXT(2) 
PARAMETRIC_REPRESENTATION_CONTEXT() REPRESENTATION_CONTEXT('2D SPACE',''
  ) );
#838 = FACE_BOUND('',#839,.T.);
#839 = EDGE_LOOP('',(#840));
#840 = ORIENTED_EDGE('',*,*,#841,.F.);
#841 = EDGE_CURVE('',#842,#842,#844,.T.);
#842 = VERTEX_POINT('',#843);
#843 = CARTESIAN_POINT('',(16.5,135.7,1.784683512085E-14));
#844 = SURFACE_CURVE('',#845,(#850,#857),.PCURVE_S1.);
#845 = CIRCLE('',#846,1.7);
#846 = AXIS2_PLACEMENT_3D('',#847,#848,#849);
#847 = CARTESIAN_POINT('',(16.5,134.,1.765254609154E-14));
#848 = DIRECTION('',(0.,1.110223024625E-16,-1.));
#849 = DIRECTION('',(0.,1.,1.110223024625E-16));
#850 = PCURVE('',#452,#851);
#851 = DEFINITIONAL_REPRESENTATION('',(#852),#856);
#852 = CIRCLE('',#853,1.7);
#853 = AXIS2_PLACEMENT_2D('',#854,#855);
#854 = CARTESIAN_POINT('',(249.,124.));
#855 = DIRECTION('',(1.,0.));
#856 = ( GEOMETRIC_REPRESENTATION_CONTEXT(2) 
PARAMETRIC_REPRESENTATION_CONTEXT() REPRESENTATION_CONTEXT('2D SPACE',''
  ) );
#857 = PCURVE('',#858,#863);
#858 = CYLINDRICAL_SURFACE('',#859,1.7);
#859 = AXIS2_PLACEMENT_3D('',#860,#861,#862);
#860 = CARTESIAN_POINT('',(16.5,134.,13.9));
#861 = DIRECTION('',(0.,1.110223024625E-16,-1.));
#862 = DIRECTION('',(0.,1.,1.110223024625E-16));
#863 = DEFINITIONAL_REPRESENTATION('',(#864),#868);
#864 = LINE('',#865,#866);
#865 = CARTESIAN_POINT('',(0.,13.9));
#866 = VECTOR('',#867,1.);
#867 = DIRECTION('',(1.,0.));
#868 = ( GEOMETRIC_REPRESENTATION_CONTEXT(2) 
PARAMETRIC_REPRESENTATION_CONTEXT() REPRESENTATION_CONTEXT('2D SPACE',''
  ) );
#869 = ADVANCED_FACE('',(#870),#319,.T.);
#870 = FACE_BOUND('',#871,.T.);
#871 = EDGE_LOOP('',(#872,#895,#916,#917,#940,#968,#989,#990));
#872 = ORIENTED_EDGE('',*,*,#873,.F.);
#873 = EDGE_CURVE('',#874,#544,#876,.T.);
#874 = VERTEX_POINT('',#875);
#875 = CARTESIAN_POINT('',(38.5,73.,52.9));
#876 = SURFACE_CURVE('',#877,(#881,#888),.PCURVE_S1.);
#877 = LINE('',#878,#879);
#878 = CARTESIAN_POINT('',(38.5,73.,53.4));
#879 = VECTOR('',#880,1.);
#880 = DIRECTION('',(0.,1.110223024625E-16,-1.));
#881 = PCURVE('',#319,#882);
#882 = DEFINITIONAL_REPRESENTATION('',(#883),#887);
#883 = LINE('',#884,#885);
#884 = CARTESIAN_POINT('',(4.,6.661338147751E-15));
#885 = VECTOR('',#886,1.);
#886 = DIRECTION('',(0.,-1.));
#887 = ( GEOMETRIC_REPRESENTATION_CONTEXT(2) 
PARAMETRIC_REPRESENTATION_CONTEXT() REPRESENTATION_CONTEXT('2D SPACE',''
  ) );
#888 = PCURVE('',#796,#889);
#889 = DEFINITIONAL_REPRESENTATION('',(#890),#894);
#890 = LINE('',#891,#892);
#891 = CARTESIAN_POINT('',(28.,0.));
#892 = VECTOR('',#893,1.);
#893 = DIRECTION('',(0.,1.));
#894 = ( GEOMETRIC_REPRESENTATION_CONTEXT(2) 
PARAMETRIC_REPRESENTATION_CONTEXT() REPRESENTATION_CONTEXT('2D SPACE',''
  ) );
#895 = ORIENTED_EDGE('',*,*,#896,.T.);
#896 = EDGE_CURVE('',#874,#276,#897,.T.);
#897 = SURFACE_CURVE('',#898,(#902,#909),.PCURVE_S1.);
#898 = LINE('',#899,#900);
#899 = CARTESIAN_POINT('',(38.5,69.,52.9));
#900 = VECTOR('',#901,1.);
#901 = DIRECTION('',(0.,-1.,-1.110223024625E-16));
#902 = PCURVE('',#319,#903);
#903 = DEFINITIONAL_REPRESENTATION('',(#904),#908);
#904 = LINE('',#905,#906);
#905 = CARTESIAN_POINT('',(-5.551115123126E-17,-0.5));
#906 = VECTOR('',#907,1.);
#907 = DIRECTION('',(-1.,0.));
#908 = ( GEOMETRIC_REPRESENTATION_CONTEXT(2) 
PARAMETRIC_REPRESENTATION_CONTEXT() REPRESENTATION_CONTEXT('2D SPACE',''
  ) );
#909 = PCURVE('',#291,#910);
#910 = DEFINITIONAL_REPRESENTATION('',(#911),#915);
#911 = LINE('',#912,#913);
#912 = CARTESIAN_POINT('',(0.,3.));
#913 = VECTOR('',#914,1.);
#914 = DIRECTION('',(-1.,0.));
#915 = ( GEOMETRIC_REPRESENTATION_CONTEXT(2) 
PARAMETRIC_REPRESENTATION_CONTEXT() REPRESENTATION_CONTEXT('2D SPACE',''
  ) );
#916 = ORIENTED_EDGE('',*,*,#303,.T.);
#917 = ORIENTED_EDGE('',*,*,#918,.T.);
#918 = EDGE_CURVE('',#304,#919,#921,.T.);
#919 = VERTEX_POINT('',#920);
#920 = CARTESIAN_POINT('',(38.5,71.,31.9));
#921 = SURFACE_CURVE('',#922,(#926,#933),.PCURVE_S1.);
#922 = LINE('',#923,#924);
#923 = CARTESIAN_POINT('',(38.5,62.,31.9));
#924 = VECTOR('',#925,1.);
#925 = DIRECTION('',(0.,1.,1.110223024625E-16));
#926 = PCURVE('',#319,#927);
#927 = DEFINITIONAL_REPRESENTATION('',(#928),#932);
#928 = LINE('',#929,#930);
#929 = CARTESIAN_POINT('',(-7.,-21.5));
#930 = VECTOR('',#931,1.);
#931 = DIRECTION('',(1.,0.));
#932 = ( GEOMETRIC_REPRESENTATION_CONTEXT(2) 
PARAMETRIC_REPRESENTATION_CONTEXT() REPRESENTATION_CONTEXT('2D SPACE',''
  ) );
#933 = PCURVE('',#347,#934);
#934 = DEFINITIONAL_REPRESENTATION('',(#935),#939);
#935 = LINE('',#936,#937);
#936 = CARTESIAN_POINT('',(7.,4.));
#937 = VECTOR('',#938,1.);
#938 = DIRECTION('',(1.,0.));
#939 = ( GEOMETRIC_REPRESENTATION_CONTEXT(2) 
PARAMETRIC_REPRESENTATION_CONTEXT() REPRESENTATION_CONTEXT('2D SPACE',''
  ) );
#940 = ORIENTED_EDGE('',*,*,#941,.F.);
#941 = EDGE_CURVE('',#942,#919,#944,.T.);
#942 = VERTEX_POINT('',#943);
#943 = CARTESIAN_POINT('',(38.5,71.,21.9));
#944 = SURFACE_CURVE('',#945,(#949,#956),.PCURVE_S1.);
#945 = LINE('',#946,#947);
#946 = CARTESIAN_POINT('',(38.5,71.,42.65));
#947 = VECTOR('',#948,1.);
#948 = DIRECTION('',(0.,-1.110223024625E-16,1.));
#949 = PCURVE('',#319,#950);
#950 = DEFINITIONAL_REPRESENTATION('',(#951),#955);
#951 = LINE('',#952,#953);
#952 = CARTESIAN_POINT('',(2.,-10.75));
#953 = VECTOR('',#954,1.);
#954 = DIRECTION('',(0.,1.));
#955 = ( GEOMETRIC_REPRESENTATION_CONTEXT(2) 
PARAMETRIC_REPRESENTATION_CONTEXT() REPRESENTATION_CONTEXT('2D SPACE',''
  ) );
#956 = PCURVE('',#957,#962);
#957 = PLANE('',#958);
#958 = AXIS2_PLACEMENT_3D('',#959,#960,#961);
#959 = CARTESIAN_POINT('',(34.5,71.,31.9));
#960 = DIRECTION('',(0.,1.,1.110223024625E-16));
#961 = DIRECTION('',(1.,0.,0.));
#962 = DEFINITIONAL_REPRESENTATION('',(#963),#967);
#963 = LINE('',#964,#965);
#964 = CARTESIAN_POINT('',(4.,-10.75));
#965 = VECTOR('',#966,1.);
#966 = DIRECTION('',(0.,-1.));
#967 = ( GEOMETRIC_REPRESENTATION_CONTEXT(2) 
PARAMETRIC_REPRESENTATION_CONTEXT() REPRESENTATION_CONTEXT('2D SPACE',''
  ) );
#968 = ORIENTED_EDGE('',*,*,#969,.F.);
#969 = EDGE_CURVE('',#388,#942,#970,.T.);
#970 = SURFACE_CURVE('',#971,(#975,#982),.PCURVE_S1.);
#971 = LINE('',#972,#973);
#972 = CARTESIAN_POINT('',(38.5,62.,21.9));
#973 = VECTOR('',#974,1.);
#974 = DIRECTION('',(0.,1.,1.110223024625E-16));
#975 = PCURVE('',#319,#976);
#976 = DEFINITIONAL_REPRESENTATION('',(#977),#981);
#977 = LINE('',#978,#979);
#978 = CARTESIAN_POINT('',(-7.,-31.5));
#979 = VECTOR('',#980,1.);
#980 = DIRECTION('',(1.,0.));
#981 = ( GEOMETRIC_REPRESENTATION_CONTEXT(2) 
PARAMETRIC_REPRESENTATION_CONTEXT() REPRESENTATION_CONTEXT('2D SPACE',''
  ) );
#982 = PCURVE('',#403,#983);
#983 = DEFINITIONAL_REPRESENTATION('',(#984),#988);
#984 = LINE('',#985,#986);
#985 = CARTESIAN_POINT('',(7.,4.));
#986 = VECTOR('',#987,1.);
#987 = DIRECTION('',(1.,0.));
#988 = ( GEOMETRIC_REPRESENTATION_CONTEXT(2) 
PARAMETRIC_REPRESENTATION_CONTEXT() REPRESENTATION_CONTEXT('2D SPACE',''
  ) );
#989 = ORIENTED_EDGE('',*,*,#415,.T.);
#990 = ORIENTED_EDGE('',*,*,#543,.T.);
#991 = ADVANCED_FACE('',(#992),#403,.T.);
#992 = FACE_BOUND('',#993,.T.);
#993 = EDGE_LOOP('',(#994,#1024,#1045,#1046,#1047,#1070,#1098,#1126));
#994 = ORIENTED_EDGE('',*,*,#995,.F.);
#995 = EDGE_CURVE('',#996,#998,#1000,.T.);
#996 = VERTEX_POINT('',#997);
#997 = CARTESIAN_POINT('',(34.5,55.,21.9));
#998 = VERTEX_POINT('',#999);
#999 = CARTESIAN_POINT('',(38.5,55.,21.9));
#1000 = SURFACE_CURVE('',#1001,(#1005,#1012),.PCURVE_S1.);
#1001 = LINE('',#1002,#1003);
#1002 = CARTESIAN_POINT('',(34.5,55.,21.9));
#1003 = VECTOR('',#1004,1.);
#1004 = DIRECTION('',(1.,0.,0.));
#1005 = PCURVE('',#403,#1006);
#1006 = DEFINITIONAL_REPRESENTATION('',(#1007),#1011);
#1007 = LINE('',#1008,#1009);
#1008 = CARTESIAN_POINT('',(0.,0.));
#1009 = VECTOR('',#1010,1.);
#1010 = DIRECTION('',(0.,1.));
#1011 = ( GEOMETRIC_REPRESENTATION_CONTEXT(2) 
PARAMETRIC_REPRESENTATION_CONTEXT() REPRESENTATION_CONTEXT('2D SPACE',''
  ) );
#1012 = PCURVE('',#1013,#1018);
#1013 = PLANE('',#1014);
#1014 = AXIS2_PLACEMENT_3D('',#1015,#1016,#1017);
#1015 = CARTESIAN_POINT('',(34.5,55.,31.9));
#1016 = DIRECTION('',(0.,1.,1.110223024625E-16));
#1017 = DIRECTION('',(1.,0.,0.));
#1018 = DEFINITIONAL_REPRESENTATION('',(#1019),#1023);
#1019 = LINE('',#1020,#1021);
#1020 = CARTESIAN_POINT('',(0.,10.));
#1021 = VECTOR('',#1022,1.);
#1022 = DIRECTION('',(1.,0.));
#1023 = ( GEOMETRIC_REPRESENTATION_CONTEXT(2) 
PARAMETRIC_REPRESENTATION_CONTEXT() REPRESENTATION_CONTEXT('2D SPACE',''
  ) );
#1024 = ORIENTED_EDGE('',*,*,#1025,.T.);
#1025 = EDGE_CURVE('',#996,#360,#1026,.T.);
#1026 = SURFACE_CURVE('',#1027,(#1031,#1038),.PCURVE_S1.);
#1027 = LINE('',#1028,#1029);
#1028 = CARTESIAN_POINT('',(34.5,55.,21.9));
#1029 = VECTOR('',#1030,1.);
#1030 = DIRECTION('',(0.,1.,1.110223024625E-16));
#1031 = PCURVE('',#403,#1032);
#1032 = DEFINITIONAL_REPRESENTATION('',(#1033),#1037);
#1033 = LINE('',#1034,#1035);
#1034 = CARTESIAN_POINT('',(0.,0.));
#1035 = VECTOR('',#1036,1.);
#1036 = DIRECTION('',(1.,0.));
#1037 = ( GEOMETRIC_REPRESENTATION_CONTEXT(2) 
PARAMETRIC_REPRESENTATION_CONTEXT() REPRESENTATION_CONTEXT('2D SPACE',''
  ) );
#1038 = PCURVE('',#375,#1039);
#1039 = DEFINITIONAL_REPRESENTATION('',(#1040),#1044);
#1040 = LINE('',#1041,#1042);
#1041 = CARTESIAN_POINT('',(-1.110223024625E-15,-10.));
#1042 = VECTOR('',#1043,1.);
#1043 = DIRECTION('',(1.,0.));
#1044 = ( GEOMETRIC_REPRESENTATION_CONTEXT(2) 
PARAMETRIC_REPRESENTATION_CONTEXT() REPRESENTATION_CONTEXT('2D SPACE',''
  ) );
#1045 = ORIENTED_EDGE('',*,*,#387,.F.);
#1046 = ORIENTED_EDGE('',*,*,#969,.T.);
#1047 = ORIENTED_EDGE('',*,*,#1048,.T.);
#1048 = EDGE_CURVE('',#942,#1049,#1051,.T.);
#1049 = VERTEX_POINT('',#1050);
#1050 = CARTESIAN_POINT('',(40.5,71.,21.9));
#1051 = SURFACE_CURVE('',#1052,(#1056,#1063),.PCURVE_S1.);
#1052 = LINE('',#1053,#1054);
#1053 = CARTESIAN_POINT('',(34.5,71.,21.9));
#1054 = VECTOR('',#1055,1.);
#1055 = DIRECTION('',(1.,0.,0.));
#1056 = PCURVE('',#403,#1057);
#1057 = DEFINITIONAL_REPRESENTATION('',(#1058),#1062);
#1058 = LINE('',#1059,#1060);
#1059 = CARTESIAN_POINT('',(16.,0.));
#1060 = VECTOR('',#1061,1.);
#1061 = DIRECTION('',(0.,1.));
#1062 = ( GEOMETRIC_REPRESENTATION_CONTEXT(2) 
PARAMETRIC_REPRESENTATION_CONTEXT() REPRESENTATION_CONTEXT('2D SPACE',''
  ) );
#1063 = PCURVE('',#957,#1064);
#1064 = DEFINITIONAL_REPRESENTATION('',(#1065),#1069);
#1065 = LINE('',#1066,#1067);
#1066 = CARTESIAN_POINT('',(0.,10.));
#1067 = VECTOR('',#1068,1.);
#1068 = DIRECTION('',(1.,0.));
#1069 = ( GEOMETRIC_REPRESENTATION_CONTEXT(2) 
PARAMETRIC_REPRESENTATION_CONTEXT() REPRESENTATION_CONTEXT('2D SPACE',''
  ) );
#1070 = ORIENTED_EDGE('',*,*,#1071,.F.);
#1071 = EDGE_CURVE('',#1072,#1049,#1074,.T.);
#1072 = VERTEX_POINT('',#1073);
#1073 = CARTESIAN_POINT('',(40.5,57.,21.9));
#1074 = SURFACE_CURVE('',#1075,(#1079,#1086),.PCURVE_S1.);
#1075 = LINE('',#1076,#1077);
#1076 = CARTESIAN_POINT('',(40.5,55.,21.9));
#1077 = VECTOR('',#1078,1.);
#1078 = DIRECTION('',(0.,1.,1.110223024625E-16));
#1079 = PCURVE('',#403,#1080);
#1080 = DEFINITIONAL_REPRESENTATION('',(#1081),#1085);
#1081 = LINE('',#1082,#1083);
#1082 = CARTESIAN_POINT('',(0.,6.));
#1083 = VECTOR('',#1084,1.);
#1084 = DIRECTION('',(1.,0.));
#1085 = ( GEOMETRIC_REPRESENTATION_CONTEXT(2) 
PARAMETRIC_REPRESENTATION_CONTEXT() REPRESENTATION_CONTEXT('2D SPACE',''
  ) );
#1086 = PCURVE('',#1087,#1092);
#1087 = PLANE('',#1088);
#1088 = AXIS2_PLACEMENT_3D('',#1089,#1090,#1091);
#1089 = CARTESIAN_POINT('',(40.5,55.,31.9));
#1090 = DIRECTION('',(1.,0.,0.));
#1091 = DIRECTION('',(0.,1.,1.110223024625E-16));
#1092 = DEFINITIONAL_REPRESENTATION('',(#1093),#1097);
#1093 = LINE('',#1094,#1095);
#1094 = CARTESIAN_POINT('',(-1.110223024625E-15,-10.));
#1095 = VECTOR('',#1096,1.);
#1096 = DIRECTION('',(1.,0.));
#1097 = ( GEOMETRIC_REPRESENTATION_CONTEXT(2) 
PARAMETRIC_REPRESENTATION_CONTEXT() REPRESENTATION_CONTEXT('2D SPACE',''
  ) );
#1098 = ORIENTED_EDGE('',*,*,#1099,.T.);
#1099 = EDGE_CURVE('',#1072,#1100,#1102,.T.);
#1100 = VERTEX_POINT('',#1101);
#1101 = CARTESIAN_POINT('',(38.5,57.,21.9));
#1102 = SURFACE_CURVE('',#1103,(#1107,#1114),.PCURVE_S1.);
#1103 = LINE('',#1104,#1105);
#1104 = CARTESIAN_POINT('',(36.5,57.,21.9));
#1105 = VECTOR('',#1106,1.);
#1106 = DIRECTION('',(-1.,0.,0.));
#1107 = PCURVE('',#403,#1108);
#1108 = DEFINITIONAL_REPRESENTATION('',(#1109),#1113);
#1109 = LINE('',#1110,#1111);
#1110 = CARTESIAN_POINT('',(2.,2.));
#1111 = VECTOR('',#1112,1.);
#1112 = DIRECTION('',(0.,-1.));
#1113 = ( GEOMETRIC_REPRESENTATION_CONTEXT(2) 
PARAMETRIC_REPRESENTATION_CONTEXT() REPRESENTATION_CONTEXT('2D SPACE',''
  ) );
#1114 = PCURVE('',#1115,#1120);
#1115 = PLANE('',#1116);
#1116 = AXIS2_PLACEMENT_3D('',#1117,#1118,#1119);
#1117 = CARTESIAN_POINT('',(38.5,57.,37.4));
#1118 = DIRECTION('',(0.,1.,1.110223024625E-16));
#1119 = DIRECTION('',(1.,0.,0.));
#1120 = DEFINITIONAL_REPRESENTATION('',(#1121),#1125);
#1121 = LINE('',#1122,#1123);
#1122 = CARTESIAN_POINT('',(-2.,15.5));
#1123 = VECTOR('',#1124,1.);
#1124 = DIRECTION('',(-1.,0.));
#1125 = ( GEOMETRIC_REPRESENTATION_CONTEXT(2) 
PARAMETRIC_REPRESENTATION_CONTEXT() REPRESENTATION_CONTEXT('2D SPACE',''
  ) );
#1126 = ORIENTED_EDGE('',*,*,#1127,.F.);
#1127 = EDGE_CURVE('',#998,#1100,#1128,.T.);
#1128 = SURFACE_CURVE('',#1129,(#1133,#1140),.PCURVE_S1.);
#1129 = LINE('',#1130,#1131);
#1130 = CARTESIAN_POINT('',(38.5,54.,21.9));
#1131 = VECTOR('',#1132,1.);
#1132 = DIRECTION('',(0.,1.,1.110223024625E-16));
#1133 = PCURVE('',#403,#1134);
#1134 = DEFINITIONAL_REPRESENTATION('',(#1135),#1139);
#1135 = LINE('',#1136,#1137);
#1136 = CARTESIAN_POINT('',(-1.,4.));
#1137 = VECTOR('',#1138,1.);
#1138 = DIRECTION('',(1.,0.));
#1139 = ( GEOMETRIC_REPRESENTATION_CONTEXT(2) 
PARAMETRIC_REPRESENTATION_CONTEXT() REPRESENTATION_CONTEXT('2D SPACE',''
  ) );
#1140 = PCURVE('',#1141,#1146);
#1141 = PLANE('',#1142);
#1142 = AXIS2_PLACEMENT_3D('',#1143,#1144,#1145);
#1143 = CARTESIAN_POINT('',(38.5,53.,37.4));
#1144 = DIRECTION('',(1.,0.,0.));
#1145 = DIRECTION('',(0.,1.,1.110223024625E-16));
#1146 = DEFINITIONAL_REPRESENTATION('',(#1147),#1151);
#1147 = LINE('',#1148,#1149);
#1148 = CARTESIAN_POINT('',(1.,-15.5));
#1149 = VECTOR('',#1150,1.);
#1150 = DIRECTION('',(1.,0.));
#1151 = ( GEOMETRIC_REPRESENTATION_CONTEXT(2) 
PARAMETRIC_REPRESENTATION_CONTEXT() REPRESENTATION_CONTEXT('2D SPACE',''
  ) );
#1152 = ADVANCED_FACE('',(#1153),#375,.F.);
#1153 = FACE_BOUND('',#1154,.F.);
#1154 = EDGE_LOOP('',(#1155,#1178,#1199,#1200));
#1155 = ORIENTED_EDGE('',*,*,#1156,.F.);
#1156 = EDGE_CURVE('',#1157,#332,#1159,.T.);
#1157 = VERTEX_POINT('',#1158);
#1158 = CARTESIAN_POINT('',(34.5,55.,31.9));
#1159 = SURFACE_CURVE('',#1160,(#1164,#1171),.PCURVE_S1.);
#1160 = LINE('',#1161,#1162);
#1161 = CARTESIAN_POINT('',(34.5,55.,31.9));
#1162 = VECTOR('',#1163,1.);
#1163 = DIRECTION('',(0.,1.,1.110223024625E-16));
#1164 = PCURVE('',#375,#1165);
#1165 = DEFINITIONAL_REPRESENTATION('',(#1166),#1170);
#1166 = LINE('',#1167,#1168);
#1167 = CARTESIAN_POINT('',(0.,0.));
#1168 = VECTOR('',#1169,1.);
#1169 = DIRECTION('',(1.,0.));
#1170 = ( GEOMETRIC_REPRESENTATION_CONTEXT(2) 
PARAMETRIC_REPRESENTATION_CONTEXT() REPRESENTATION_CONTEXT('2D SPACE',''
  ) );
#1171 = PCURVE('',#347,#1172);
#1172 = DEFINITIONAL_REPRESENTATION('',(#1173),#1177);
#1173 = LINE('',#1174,#1175);
#1174 = CARTESIAN_POINT('',(0.,0.));
#1175 = VECTOR('',#1176,1.);
#1176 = DIRECTION('',(1.,0.));
#1177 = ( GEOMETRIC_REPRESENTATION_CONTEXT(2) 
PARAMETRIC_REPRESENTATION_CONTEXT() REPRESENTATION_CONTEXT('2D SPACE',''
  ) );
#1178 = ORIENTED_EDGE('',*,*,#1179,.T.);
#1179 = EDGE_CURVE('',#1157,#996,#1180,.T.);
#1180 = SURFACE_CURVE('',#1181,(#1185,#1192),.PCURVE_S1.);
#1181 = LINE('',#1182,#1183);
#1182 = CARTESIAN_POINT('',(34.5,55.,31.9));
#1183 = VECTOR('',#1184,1.);
#1184 = DIRECTION('',(0.,1.110223024625E-16,-1.));
#1185 = PCURVE('',#375,#1186);
#1186 = DEFINITIONAL_REPRESENTATION('',(#1187),#1191);
#1187 = LINE('',#1188,#1189);
#1188 = CARTESIAN_POINT('',(0.,0.));
#1189 = VECTOR('',#1190,1.);
#1190 = DIRECTION('',(0.,-1.));
#1191 = ( GEOMETRIC_REPRESENTATION_CONTEXT(2) 
PARAMETRIC_REPRESENTATION_CONTEXT() REPRESENTATION_CONTEXT('2D SPACE',''
  ) );
#1192 = PCURVE('',#1013,#1193);
#1193 = DEFINITIONAL_REPRESENTATION('',(#1194),#1198);
#1194 = LINE('',#1195,#1196);
#1195 = CARTESIAN_POINT('',(0.,0.));
#1196 = VECTOR('',#1197,1.);
#1197 = DIRECTION('',(0.,1.));
#1198 = ( GEOMETRIC_REPRESENTATION_CONTEXT(2) 
PARAMETRIC_REPRESENTATION_CONTEXT() REPRESENTATION_CONTEXT('2D SPACE',''
  ) );
#1199 = ORIENTED_EDGE('',*,*,#1025,.T.);
#1200 = ORIENTED_EDGE('',*,*,#359,.F.);
#1201 = ADVANCED_FACE('',(#1202),#347,.F.);
#1202 = FACE_BOUND('',#1203,.F.);
#1203 = EDGE_LOOP('',(#1204,#1227,#1228,#1229,#1230,#1253,#1276,#1299));
#1204 = ORIENTED_EDGE('',*,*,#1205,.F.);
#1205 = EDGE_CURVE('',#1157,#1206,#1208,.T.);
#1206 = VERTEX_POINT('',#1207);
#1207 = CARTESIAN_POINT('',(38.5,55.,31.9));
#1208 = SURFACE_CURVE('',#1209,(#1213,#1220),.PCURVE_S1.);
#1209 = LINE('',#1210,#1211);
#1210 = CARTESIAN_POINT('',(34.5,55.,31.9));
#1211 = VECTOR('',#1212,1.);
#1212 = DIRECTION('',(1.,0.,0.));
#1213 = PCURVE('',#347,#1214);
#1214 = DEFINITIONAL_REPRESENTATION('',(#1215),#1219);
#1215 = LINE('',#1216,#1217);
#1216 = CARTESIAN_POINT('',(0.,0.));
#1217 = VECTOR('',#1218,1.);
#1218 = DIRECTION('',(0.,1.));
#1219 = ( GEOMETRIC_REPRESENTATION_CONTEXT(2) 
PARAMETRIC_REPRESENTATION_CONTEXT() REPRESENTATION_CONTEXT('2D SPACE',''
  ) );
#1220 = PCURVE('',#1013,#1221);
#1221 = DEFINITIONAL_REPRESENTATION('',(#1222),#1226);
#1222 = LINE('',#1223,#1224);
#1223 = CARTESIAN_POINT('',(0.,0.));
#1224 = VECTOR('',#1225,1.);
#1225 = DIRECTION('',(1.,0.));
#1226 = ( GEOMETRIC_REPRESENTATION_CONTEXT(2) 
PARAMETRIC_REPRESENTATION_CONTEXT() REPRESENTATION_CONTEXT('2D SPACE',''
  ) );
#1227 = ORIENTED_EDGE('',*,*,#1156,.T.);
#1228 = ORIENTED_EDGE('',*,*,#331,.F.);
#1229 = ORIENTED_EDGE('',*,*,#918,.T.);
#1230 = ORIENTED_EDGE('',*,*,#1231,.T.);
#1231 = EDGE_CURVE('',#919,#1232,#1234,.T.);
#1232 = VERTEX_POINT('',#1233);
#1233 = CARTESIAN_POINT('',(40.5,71.,31.9));
#1234 = SURFACE_CURVE('',#1235,(#1239,#1246),.PCURVE_S1.);
#1235 = LINE('',#1236,#1237);
#1236 = CARTESIAN_POINT('',(34.5,71.,31.9));
#1237 = VECTOR('',#1238,1.);
#1238 = DIRECTION('',(1.,0.,0.));
#1239 = PCURVE('',#347,#1240);
#1240 = DEFINITIONAL_REPRESENTATION('',(#1241),#1245);
#1241 = LINE('',#1242,#1243);
#1242 = CARTESIAN_POINT('',(16.,0.));
#1243 = VECTOR('',#1244,1.);
#1244 = DIRECTION('',(0.,1.));
#1245 = ( GEOMETRIC_REPRESENTATION_CONTEXT(2) 
PARAMETRIC_REPRESENTATION_CONTEXT() REPRESENTATION_CONTEXT('2D SPACE',''
  ) );
#1246 = PCURVE('',#957,#1247);
#1247 = DEFINITIONAL_REPRESENTATION('',(#1248),#1252);
#1248 = LINE('',#1249,#1250);
#1249 = CARTESIAN_POINT('',(0.,0.));
#1250 = VECTOR('',#1251,1.);
#1251 = DIRECTION('',(1.,0.));
#1252 = ( GEOMETRIC_REPRESENTATION_CONTEXT(2) 
PARAMETRIC_REPRESENTATION_CONTEXT() REPRESENTATION_CONTEXT('2D SPACE',''
  ) );
#1253 = ORIENTED_EDGE('',*,*,#1254,.F.);
#1254 = EDGE_CURVE('',#1255,#1232,#1257,.T.);
#1255 = VERTEX_POINT('',#1256);
#1256 = CARTESIAN_POINT('',(40.5,57.,31.9));
#1257 = SURFACE_CURVE('',#1258,(#1262,#1269),.PCURVE_S1.);
#1258 = LINE('',#1259,#1260);
#1259 = CARTESIAN_POINT('',(40.5,55.,31.9));
#1260 = VECTOR('',#1261,1.);
#1261 = DIRECTION('',(0.,1.,1.110223024625E-16));
#1262 = PCURVE('',#347,#1263);
#1263 = DEFINITIONAL_REPRESENTATION('',(#1264),#1268);
#1264 = LINE('',#1265,#1266);
#1265 = CARTESIAN_POINT('',(0.,6.));
#1266 = VECTOR('',#1267,1.);
#1267 = DIRECTION('',(1.,0.));
#1268 = ( GEOMETRIC_REPRESENTATION_CONTEXT(2) 
PARAMETRIC_REPRESENTATION_CONTEXT() REPRESENTATION_CONTEXT('2D SPACE',''
  ) );
#1269 = PCURVE('',#1087,#1270);
#1270 = DEFINITIONAL_REPRESENTATION('',(#1271),#1275);
#1271 = LINE('',#1272,#1273);
#1272 = CARTESIAN_POINT('',(0.,0.));
#1273 = VECTOR('',#1274,1.);
#1274 = DIRECTION('',(1.,0.));
#1275 = ( GEOMETRIC_REPRESENTATION_CONTEXT(2) 
PARAMETRIC_REPRESENTATION_CONTEXT() REPRESENTATION_CONTEXT('2D SPACE',''
  ) );
#1276 = ORIENTED_EDGE('',*,*,#1277,.T.);
#1277 = EDGE_CURVE('',#1255,#1278,#1280,.T.);
#1278 = VERTEX_POINT('',#1279);
#1279 = CARTESIAN_POINT('',(38.5,57.,31.9));
#1280 = SURFACE_CURVE('',#1281,(#1285,#1292),.PCURVE_S1.);
#1281 = LINE('',#1282,#1283);
#1282 = CARTESIAN_POINT('',(36.5,57.,31.9));
#1283 = VECTOR('',#1284,1.);
#1284 = DIRECTION('',(-1.,0.,0.));
#1285 = PCURVE('',#347,#1286);
#1286 = DEFINITIONAL_REPRESENTATION('',(#1287),#1291);
#1287 = LINE('',#1288,#1289);
#1288 = CARTESIAN_POINT('',(2.,2.));
#1289 = VECTOR('',#1290,1.);
#1290 = DIRECTION('',(0.,-1.));
#1291 = ( GEOMETRIC_REPRESENTATION_CONTEXT(2) 
PARAMETRIC_REPRESENTATION_CONTEXT() REPRESENTATION_CONTEXT('2D SPACE',''
  ) );
#1292 = PCURVE('',#1115,#1293);
#1293 = DEFINITIONAL_REPRESENTATION('',(#1294),#1298);
#1294 = LINE('',#1295,#1296);
#1295 = CARTESIAN_POINT('',(-2.,5.5));
#1296 = VECTOR('',#1297,1.);
#1297 = DIRECTION('',(-1.,0.));
#1298 = ( GEOMETRIC_REPRESENTATION_CONTEXT(2) 
PARAMETRIC_REPRESENTATION_CONTEXT() REPRESENTATION_CONTEXT('2D SPACE',''
  ) );
#1299 = ORIENTED_EDGE('',*,*,#1300,.F.);
#1300 = EDGE_CURVE('',#1206,#1278,#1301,.T.);
#1301 = SURFACE_CURVE('',#1302,(#1306,#1313),.PCURVE_S1.);
#1302 = LINE('',#1303,#1304);
#1303 = CARTESIAN_POINT('',(38.5,54.,31.9));
#1304 = VECTOR('',#1305,1.);
#1305 = DIRECTION('',(0.,1.,1.110223024625E-16));
#1306 = PCURVE('',#347,#1307);
#1307 = DEFINITIONAL_REPRESENTATION('',(#1308),#1312);
#1308 = LINE('',#1309,#1310);
#1309 = CARTESIAN_POINT('',(-1.,4.));
#1310 = VECTOR('',#1311,1.);
#1311 = DIRECTION('',(1.,0.));
#1312 = ( GEOMETRIC_REPRESENTATION_CONTEXT(2) 
PARAMETRIC_REPRESENTATION_CONTEXT() REPRESENTATION_CONTEXT('2D SPACE',''
  ) );
#1313 = PCURVE('',#1141,#1314);
#1314 = DEFINITIONAL_REPRESENTATION('',(#1315),#1319);
#1315 = LINE('',#1316,#1317);
#1316 = CARTESIAN_POINT('',(1.,-5.5));
#1317 = VECTOR('',#1318,1.);
#1318 = DIRECTION('',(1.,0.));
#1319 = ( GEOMETRIC_REPRESENTATION_CONTEXT(2) 
PARAMETRIC_REPRESENTATION_CONTEXT() REPRESENTATION_CONTEXT('2D SPACE',''
  ) );
#1320 = ADVANCED_FACE('',(#1321),#291,.T.);
#1321 = FACE_BOUND('',#1322,.T.);
#1322 = EDGE_LOOP('',(#1323,#1324,#1325,#1348,#1376,#1404,#1427,#1455,
    #1483,#1511));
#1323 = ORIENTED_EDGE('',*,*,#275,.F.);
#1324 = ORIENTED_EDGE('',*,*,#896,.F.);
#1325 = ORIENTED_EDGE('',*,*,#1326,.F.);
#1326 = EDGE_CURVE('',#1327,#874,#1329,.T.);
#1327 = VERTEX_POINT('',#1328);
#1328 = CARTESIAN_POINT('',(35.5,73.,52.9));
#1329 = SURFACE_CURVE('',#1330,(#1334,#1341),.PCURVE_S1.);
#1330 = LINE('',#1331,#1332);
#1331 = CARTESIAN_POINT('',(23.,73.,52.9));
#1332 = VECTOR('',#1333,1.);
#1333 = DIRECTION('',(1.,0.,0.));
#1334 = PCURVE('',#291,#1335);
#1335 = DEFINITIONAL_REPRESENTATION('',(#1336),#1340);
#1336 = LINE('',#1337,#1338);
#1337 = CARTESIAN_POINT('',(4.,-12.5));
#1338 = VECTOR('',#1339,1.);
#1339 = DIRECTION('',(0.,1.));
#1340 = ( GEOMETRIC_REPRESENTATION_CONTEXT(2) 
PARAMETRIC_REPRESENTATION_CONTEXT() REPRESENTATION_CONTEXT('2D SPACE',''
  ) );
#1341 = PCURVE('',#796,#1342);
#1342 = DEFINITIONAL_REPRESENTATION('',(#1343),#1347);
#1343 = LINE('',#1344,#1345);
#1344 = CARTESIAN_POINT('',(12.5,0.5));
#1345 = VECTOR('',#1346,1.);
#1346 = DIRECTION('',(1.,0.));
#1347 = ( GEOMETRIC_REPRESENTATION_CONTEXT(2) 
PARAMETRIC_REPRESENTATION_CONTEXT() REPRESENTATION_CONTEXT('2D SPACE',''
  ) );
#1348 = ORIENTED_EDGE('',*,*,#1349,.T.);
#1349 = EDGE_CURVE('',#1327,#1350,#1352,.T.);
#1350 = VERTEX_POINT('',#1351);
#1351 = CARTESIAN_POINT('',(35.5,118.,52.9));
#1352 = SURFACE_CURVE('',#1353,(#1357,#1364),.PCURVE_S1.);
#1353 = LINE('',#1354,#1355);
#1354 = CARTESIAN_POINT('',(35.5,69.,52.9));
#1355 = VECTOR('',#1356,1.);
#1356 = DIRECTION('',(0.,1.,1.110223024625E-16));
#1357 = PCURVE('',#291,#1358);
#1358 = DEFINITIONAL_REPRESENTATION('',(#1359),#1363);
#1359 = LINE('',#1360,#1361);
#1360 = CARTESIAN_POINT('',(0.,0.));
#1361 = VECTOR('',#1362,1.);
#1362 = DIRECTION('',(1.,0.));
#1363 = ( GEOMETRIC_REPRESENTATION_CONTEXT(2) 
PARAMETRIC_REPRESENTATION_CONTEXT() REPRESENTATION_CONTEXT('2D SPACE',''
  ) );
#1364 = PCURVE('',#1365,#1370);
#1365 = PLANE('',#1366);
#1366 = AXIS2_PLACEMENT_3D('',#1367,#1368,#1369);
#1367 = CARTESIAN_POINT('',(35.5,69.,56.9));
#1368 = DIRECTION('',(1.,0.,0.));
#1369 = DIRECTION('',(0.,1.,1.110223024625E-16));
#1370 = DEFINITIONAL_REPRESENTATION('',(#1371),#1375);
#1371 = LINE('',#1372,#1373);
#1372 = CARTESIAN_POINT('',(-4.440892098501E-16,-4.));
#1373 = VECTOR('',#1374,1.);
#1374 = DIRECTION('',(1.,0.));
#1375 = ( GEOMETRIC_REPRESENTATION_CONTEXT(2) 
PARAMETRIC_REPRESENTATION_CONTEXT() REPRESENTATION_CONTEXT('2D SPACE',''
  ) );
#1376 = ORIENTED_EDGE('',*,*,#1377,.T.);
#1377 = EDGE_CURVE('',#1350,#1378,#1380,.T.);
#1378 = VERTEX_POINT('',#1379);
#1379 = CARTESIAN_POINT('',(43.5,118.,52.9));
#1380 = SURFACE_CURVE('',#1381,(#1385,#1392),.PCURVE_S1.);
#1381 = LINE('',#1382,#1383);
#1382 = CARTESIAN_POINT('',(35.,118.,52.9));
#1383 = VECTOR('',#1384,1.);
#1384 = DIRECTION('',(1.,0.,0.));
#1385 = PCURVE('',#291,#1386);
#1386 = DEFINITIONAL_REPRESENTATION('',(#1387),#1391);
#1387 = LINE('',#1388,#1389);
#1388 = CARTESIAN_POINT('',(49.,-0.5));
#1389 = VECTOR('',#1390,1.);
#1390 = DIRECTION('',(0.,1.));
#1391 = ( GEOMETRIC_REPRESENTATION_CONTEXT(2) 
PARAMETRIC_REPRESENTATION_CONTEXT() REPRESENTATION_CONTEXT('2D SPACE',''
  ) );
#1392 = PCURVE('',#1393,#1398);
#1393 = PLANE('',#1394);
#1394 = AXIS2_PLACEMENT_3D('',#1395,#1396,#1397);
#1395 = CARTESIAN_POINT('',(34.5,118.,53.4));
#1396 = DIRECTION('',(0.,1.,1.110223024625E-16));
#1397 = DIRECTION('',(1.,0.,0.));
#1398 = DEFINITIONAL_REPRESENTATION('',(#1399),#1403);
#1399 = LINE('',#1400,#1401);
#1400 = CARTESIAN_POINT('',(0.5,0.5));
#1401 = VECTOR('',#1402,1.);
#1402 = DIRECTION('',(1.,0.));
#1403 = ( GEOMETRIC_REPRESENTATION_CONTEXT(2) 
PARAMETRIC_REPRESENTATION_CONTEXT() REPRESENTATION_CONTEXT('2D SPACE',''
  ) );
#1404 = ORIENTED_EDGE('',*,*,#1405,.F.);
#1405 = EDGE_CURVE('',#1406,#1378,#1408,.T.);
#1406 = VERTEX_POINT('',#1407);
#1407 = CARTESIAN_POINT('',(43.5,111.,52.9));
#1408 = SURFACE_CURVE('',#1409,(#1413,#1420),.PCURVE_S1.);
#1409 = LINE('',#1410,#1411);
#1410 = CARTESIAN_POINT('',(43.5,69.,52.9));
#1411 = VECTOR('',#1412,1.);
#1412 = DIRECTION('',(0.,1.,1.110223024625E-16));
#1413 = PCURVE('',#291,#1414);
#1414 = DEFINITIONAL_REPRESENTATION('',(#1415),#1419);
#1415 = LINE('',#1416,#1417);
#1416 = CARTESIAN_POINT('',(0.,8.));
#1417 = VECTOR('',#1418,1.);
#1418 = DIRECTION('',(1.,0.));
#1419 = ( GEOMETRIC_REPRESENTATION_CONTEXT(2) 
PARAMETRIC_REPRESENTATION_CONTEXT() REPRESENTATION_CONTEXT('2D SPACE',''
  ) );
#1420 = PCURVE('',#263,#1421);
#1421 = DEFINITIONAL_REPRESENTATION('',(#1422),#1426);
#1422 = LINE('',#1423,#1424);
#1423 = CARTESIAN_POINT('',(-4.440892098501E-16,-4.));
#1424 = VECTOR('',#1425,1.);
#1425 = DIRECTION('',(1.,0.));
#1426 = ( GEOMETRIC_REPRESENTATION_CONTEXT(2) 
PARAMETRIC_REPRESENTATION_CONTEXT() REPRESENTATION_CONTEXT('2D SPACE',''
  ) );
#1427 = ORIENTED_EDGE('',*,*,#1428,.F.);
#1428 = EDGE_CURVE('',#1429,#1406,#1431,.T.);
#1429 = VERTEX_POINT('',#1430);
#1430 = CARTESIAN_POINT('',(38.5,111.,52.9));
#1431 = SURFACE_CURVE('',#1432,(#1436,#1443),.PCURVE_S1.);
#1432 = LINE('',#1433,#1434);
#1433 = CARTESIAN_POINT('',(37.,111.,52.9));
#1434 = VECTOR('',#1435,1.);
#1435 = DIRECTION('',(1.,0.,0.));
#1436 = PCURVE('',#291,#1437);
#1437 = DEFINITIONAL_REPRESENTATION('',(#1438),#1442);
#1438 = LINE('',#1439,#1440);
#1439 = CARTESIAN_POINT('',(42.,1.5));
#1440 = VECTOR('',#1441,1.);
#1441 = DIRECTION('',(0.,1.));
#1442 = ( GEOMETRIC_REPRESENTATION_CONTEXT(2) 
PARAMETRIC_REPRESENTATION_CONTEXT() REPRESENTATION_CONTEXT('2D SPACE',''
  ) );
#1443 = PCURVE('',#1444,#1449);
#1444 = PLANE('',#1445);
#1445 = AXIS2_PLACEMENT_3D('',#1446,#1447,#1448);
#1446 = CARTESIAN_POINT('',(38.5,111.,53.4));
#1447 = DIRECTION('',(0.,1.,1.110223024625E-16));
#1448 = DIRECTION('',(1.,0.,0.));
#1449 = DEFINITIONAL_REPRESENTATION('',(#1450),#1454);
#1450 = LINE('',#1451,#1452);
#1451 = CARTESIAN_POINT('',(-1.5,0.5));
#1452 = VECTOR('',#1453,1.);
#1453 = DIRECTION('',(1.,0.));
#1454 = ( GEOMETRIC_REPRESENTATION_CONTEXT(2) 
PARAMETRIC_REPRESENTATION_CONTEXT() REPRESENTATION_CONTEXT('2D SPACE',''
  ) );
#1455 = ORIENTED_EDGE('',*,*,#1456,.T.);
#1456 = EDGE_CURVE('',#1429,#1457,#1459,.T.);
#1457 = VERTEX_POINT('',#1458);
#1458 = CARTESIAN_POINT('',(38.5,107.,52.9));
#1459 = SURFACE_CURVE('',#1460,(#1464,#1471),.PCURVE_S1.);
#1460 = LINE('',#1461,#1462);
#1461 = CARTESIAN_POINT('',(38.5,88.,52.9));
#1462 = VECTOR('',#1463,1.);
#1463 = DIRECTION('',(0.,-1.,-1.110223024625E-16));
#1464 = PCURVE('',#291,#1465);
#1465 = DEFINITIONAL_REPRESENTATION('',(#1466),#1470);
#1466 = LINE('',#1467,#1468);
#1467 = CARTESIAN_POINT('',(19.,3.));
#1468 = VECTOR('',#1469,1.);
#1469 = DIRECTION('',(-1.,0.));
#1470 = ( GEOMETRIC_REPRESENTATION_CONTEXT(2) 
PARAMETRIC_REPRESENTATION_CONTEXT() REPRESENTATION_CONTEXT('2D SPACE',''
  ) );
#1471 = PCURVE('',#1472,#1477);
#1472 = PLANE('',#1473);
#1473 = AXIS2_PLACEMENT_3D('',#1474,#1475,#1476);
#1474 = CARTESIAN_POINT('',(38.5,107.,53.4));
#1475 = DIRECTION('',(1.,0.,0.));
#1476 = DIRECTION('',(0.,1.,1.110223024625E-16));
#1477 = DEFINITIONAL_REPRESENTATION('',(#1478),#1482);
#1478 = LINE('',#1479,#1480);
#1479 = CARTESIAN_POINT('',(-19.,-0.5));
#1480 = VECTOR('',#1481,1.);
#1481 = DIRECTION('',(-1.,0.));
#1482 = ( GEOMETRIC_REPRESENTATION_CONTEXT(2) 
PARAMETRIC_REPRESENTATION_CONTEXT() REPRESENTATION_CONTEXT('2D SPACE',''
  ) );
#1483 = ORIENTED_EDGE('',*,*,#1484,.T.);
#1484 = EDGE_CURVE('',#1457,#1485,#1487,.T.);
#1485 = VERTEX_POINT('',#1486);
#1486 = CARTESIAN_POINT('',(43.5,107.,52.9));
#1487 = SURFACE_CURVE('',#1488,(#1492,#1499),.PCURVE_S1.);
#1488 = LINE('',#1489,#1490);
#1489 = CARTESIAN_POINT('',(37.,107.,52.9));
#1490 = VECTOR('',#1491,1.);
#1491 = DIRECTION('',(1.,0.,0.));
#1492 = PCURVE('',#291,#1493);
#1493 = DEFINITIONAL_REPRESENTATION('',(#1494),#1498);
#1494 = LINE('',#1495,#1496);
#1495 = CARTESIAN_POINT('',(38.,1.5));
#1496 = VECTOR('',#1497,1.);
#1497 = DIRECTION('',(0.,1.));
#1498 = ( GEOMETRIC_REPRESENTATION_CONTEXT(2) 
PARAMETRIC_REPRESENTATION_CONTEXT() REPRESENTATION_CONTEXT('2D SPACE',''
  ) );
#1499 = PCURVE('',#1500,#1505);
#1500 = PLANE('',#1501);
#1501 = AXIS2_PLACEMENT_3D('',#1502,#1503,#1504);
#1502 = CARTESIAN_POINT('',(38.5,107.,53.4));
#1503 = DIRECTION('',(0.,1.,1.110223024625E-16));
#1504 = DIRECTION('',(1.,0.,0.));
#1505 = DEFINITIONAL_REPRESENTATION('',(#1506),#1510);
#1506 = LINE('',#1507,#1508);
#1507 = CARTESIAN_POINT('',(-1.5,0.5));
#1508 = VECTOR('',#1509,1.);
#1509 = DIRECTION('',(1.,0.));
#1510 = ( GEOMETRIC_REPRESENTATION_CONTEXT(2) 
PARAMETRIC_REPRESENTATION_CONTEXT() REPRESENTATION_CONTEXT('2D SPACE',''
  ) );
#1511 = ORIENTED_EDGE('',*,*,#1512,.F.);
#1512 = EDGE_CURVE('',#248,#1485,#1513,.T.);
#1513 = SURFACE_CURVE('',#1514,(#1518,#1525),.PCURVE_S1.);
#1514 = LINE('',#1515,#1516);
#1515 = CARTESIAN_POINT('',(43.5,69.,52.9));
#1516 = VECTOR('',#1517,1.);
#1517 = DIRECTION('',(0.,1.,1.110223024625E-16));
#1518 = PCURVE('',#291,#1519);
#1519 = DEFINITIONAL_REPRESENTATION('',(#1520),#1524);
#1520 = LINE('',#1521,#1522);
#1521 = CARTESIAN_POINT('',(0.,8.));
#1522 = VECTOR('',#1523,1.);
#1523 = DIRECTION('',(1.,0.));
#1524 = ( GEOMETRIC_REPRESENTATION_CONTEXT(2) 
PARAMETRIC_REPRESENTATION_CONTEXT() REPRESENTATION_CONTEXT('2D SPACE',''
  ) );
#1525 = PCURVE('',#263,#1526);
#1526 = DEFINITIONAL_REPRESENTATION('',(#1527),#1531);
#1527 = LINE('',#1528,#1529);
#1528 = CARTESIAN_POINT('',(-4.440892098501E-16,-4.));
#1529 = VECTOR('',#1530,1.);
#1530 = DIRECTION('',(1.,0.));
#1531 = ( GEOMETRIC_REPRESENTATION_CONTEXT(2) 
PARAMETRIC_REPRESENTATION_CONTEXT() REPRESENTATION_CONTEXT('2D SPACE',''
  ) );
#1532 = ADVANCED_FACE('',(#1533),#263,.T.);
#1533 = FACE_BOUND('',#1534,.T.);
#1534 = EDGE_LOOP('',(#1535,#1560,#1588,#1616,#1644,#1672,#1693,#1694,
    #1695,#1718,#1746,#1767,#1768,#1791,#1819,#1847,#1875,#1898,#1921,
    #1949));
#1535 = ORIENTED_EDGE('',*,*,#1536,.F.);
#1536 = EDGE_CURVE('',#1537,#1539,#1541,.T.);
#1537 = VERTEX_POINT('',#1538);
#1538 = CARTESIAN_POINT('',(43.5,140.,56.9));
#1539 = VERTEX_POINT('',#1540);
#1540 = CARTESIAN_POINT('',(43.5,140.,56.4));
#1541 = SURFACE_CURVE('',#1542,(#1546,#1553),.PCURVE_S1.);
#1542 = LINE('',#1543,#1544);
#1543 = CARTESIAN_POINT('',(43.5,140.,56.9));
#1544 = VECTOR('',#1545,1.);
#1545 = DIRECTION('',(0.,1.110223024625E-16,-1.));
#1546 = PCURVE('',#263,#1547);
#1547 = DEFINITIONAL_REPRESENTATION('',(#1548),#1552);
#1548 = LINE('',#1549,#1550);
#1549 = CARTESIAN_POINT('',(71.,6.328271240363E-15));
#1550 = VECTOR('',#1551,1.);
#1551 = DIRECTION('',(0.,-1.));
#1552 = ( GEOMETRIC_REPRESENTATION_CONTEXT(2) 
PARAMETRIC_REPRESENTATION_CONTEXT() REPRESENTATION_CONTEXT('2D SPACE',''
  ) );
#1553 = PCURVE('',#485,#1554);
#1554 = DEFINITIONAL_REPRESENTATION('',(#1555),#1559);
#1555 = LINE('',#1556,#1557);
#1556 = CARTESIAN_POINT('',(114.,-112.));
#1557 = VECTOR('',#1558,1.);
#1558 = DIRECTION('',(0.,1.));
#1559 = ( GEOMETRIC_REPRESENTATION_CONTEXT(2) 
PARAMETRIC_REPRESENTATION_CONTEXT() REPRESENTATION_CONTEXT('2D SPACE',''
  ) );
#1560 = ORIENTED_EDGE('',*,*,#1561,.F.);
#1561 = EDGE_CURVE('',#1562,#1537,#1564,.T.);
#1562 = VERTEX_POINT('',#1563);
#1563 = CARTESIAN_POINT('',(43.5,69.,56.9));
#1564 = SURFACE_CURVE('',#1565,(#1569,#1576),.PCURVE_S1.);
#1565 = LINE('',#1566,#1567);
#1566 = CARTESIAN_POINT('',(43.5,69.,56.9));
#1567 = VECTOR('',#1568,1.);
#1568 = DIRECTION('',(0.,1.,1.110223024625E-16));
#1569 = PCURVE('',#263,#1570);
#1570 = DEFINITIONAL_REPRESENTATION('',(#1571),#1575);
#1571 = LINE('',#1572,#1573);
#1572 = CARTESIAN_POINT('',(0.,0.));
#1573 = VECTOR('',#1574,1.);
#1574 = DIRECTION('',(1.,0.));
#1575 = ( GEOMETRIC_REPRESENTATION_CONTEXT(2) 
PARAMETRIC_REPRESENTATION_CONTEXT() REPRESENTATION_CONTEXT('2D SPACE',''
  ) );
#1576 = PCURVE('',#1577,#1582);
#1577 = PLANE('',#1578);
#1578 = AXIS2_PLACEMENT_3D('',#1579,#1580,#1581);
#1579 = CARTESIAN_POINT('',(35.5,69.,56.9));
#1580 = DIRECTION('',(0.,1.110223024625E-16,-1.));
#1581 = DIRECTION('',(0.,1.,1.110223024625E-16));
#1582 = DEFINITIONAL_REPRESENTATION('',(#1583),#1587);
#1583 = LINE('',#1584,#1585);
#1584 = CARTESIAN_POINT('',(0.,8.));
#1585 = VECTOR('',#1586,1.);
#1586 = DIRECTION('',(1.,0.));
#1587 = ( GEOMETRIC_REPRESENTATION_CONTEXT(2) 
PARAMETRIC_REPRESENTATION_CONTEXT() REPRESENTATION_CONTEXT('2D SPACE',''
  ) );
#1588 = ORIENTED_EDGE('',*,*,#1589,.T.);
#1589 = EDGE_CURVE('',#1562,#1590,#1592,.T.);
#1590 = VERTEX_POINT('',#1591);
#1591 = CARTESIAN_POINT('',(43.5,69.,56.4));
#1592 = SURFACE_CURVE('',#1593,(#1597,#1604),.PCURVE_S1.);
#1593 = LINE('',#1594,#1595);
#1594 = CARTESIAN_POINT('',(43.5,69.,56.9));
#1595 = VECTOR('',#1596,1.);
#1596 = DIRECTION('',(0.,1.110223024625E-16,-1.));
#1597 = PCURVE('',#263,#1598);
#1598 = DEFINITIONAL_REPRESENTATION('',(#1599),#1603);
#1599 = LINE('',#1600,#1601);
#1600 = CARTESIAN_POINT('',(0.,0.));
#1601 = VECTOR('',#1602,1.);
#1602 = DIRECTION('',(0.,-1.));
#1603 = ( GEOMETRIC_REPRESENTATION_CONTEXT(2) 
PARAMETRIC_REPRESENTATION_CONTEXT() REPRESENTATION_CONTEXT('2D SPACE',''
  ) );
#1604 = PCURVE('',#1605,#1610);
#1605 = PLANE('',#1606);
#1606 = AXIS2_PLACEMENT_3D('',#1607,#1608,#1609);
#1607 = CARTESIAN_POINT('',(35.5,69.,56.9));
#1608 = DIRECTION('',(0.,1.,1.110223024625E-16));
#1609 = DIRECTION('',(1.,0.,0.));
#1610 = DEFINITIONAL_REPRESENTATION('',(#1611),#1615);
#1611 = LINE('',#1612,#1613);
#1612 = CARTESIAN_POINT('',(8.,0.));
#1613 = VECTOR('',#1614,1.);
#1614 = DIRECTION('',(0.,1.));
#1615 = ( GEOMETRIC_REPRESENTATION_CONTEXT(2) 
PARAMETRIC_REPRESENTATION_CONTEXT() REPRESENTATION_CONTEXT('2D SPACE',''
  ) );
#1616 = ORIENTED_EDGE('',*,*,#1617,.T.);
#1617 = EDGE_CURVE('',#1590,#1618,#1620,.T.);
#1618 = VERTEX_POINT('',#1619);
#1619 = CARTESIAN_POINT('',(43.5,87.,56.4));
#1620 = SURFACE_CURVE('',#1621,(#1625,#1632),.PCURVE_S1.);
#1621 = LINE('',#1622,#1623);
#1622 = CARTESIAN_POINT('',(43.5,84.070083682008,56.4));
#1623 = VECTOR('',#1624,1.);
#1624 = DIRECTION('',(0.,1.,1.110223024625E-16));
#1625 = PCURVE('',#263,#1626);
#1626 = DEFINITIONAL_REPRESENTATION('',(#1627),#1631);
#1627 = LINE('',#1628,#1629);
#1628 = CARTESIAN_POINT('',(15.070083682008,-0.5));
#1629 = VECTOR('',#1630,1.);
#1630 = DIRECTION('',(1.,0.));
#1631 = ( GEOMETRIC_REPRESENTATION_CONTEXT(2) 
PARAMETRIC_REPRESENTATION_CONTEXT() REPRESENTATION_CONTEXT('2D SPACE',''
  ) );
#1632 = PCURVE('',#1633,#1638);
#1633 = PLANE('',#1634);
#1634 = AXIS2_PLACEMENT_3D('',#1635,#1636,#1637);
#1635 = CARTESIAN_POINT('',(81.056485355649,99.140167364017,56.4));
#1636 = DIRECTION('',(-0.,-1.110223024625E-16,1.));
#1637 = DIRECTION('',(0.,-1.,-1.110223024625E-16));
#1638 = DEFINITIONAL_REPRESENTATION('',(#1639),#1643);
#1639 = LINE('',#1640,#1641);
#1640 = CARTESIAN_POINT('',(15.070083682008,-37.55648535564));
#1641 = VECTOR('',#1642,1.);
#1642 = DIRECTION('',(-1.,0.));
#1643 = ( GEOMETRIC_REPRESENTATION_CONTEXT(2) 
PARAMETRIC_REPRESENTATION_CONTEXT() REPRESENTATION_CONTEXT('2D SPACE',''
  ) );
#1644 = ORIENTED_EDGE('',*,*,#1645,.T.);
#1645 = EDGE_CURVE('',#1618,#1646,#1648,.T.);
#1646 = VERTEX_POINT('',#1647);
#1647 = CARTESIAN_POINT('',(43.5,87.,53.4));
#1648 = SURFACE_CURVE('',#1649,(#1653,#1660),.PCURVE_S1.);
#1649 = LINE('',#1650,#1651);
#1650 = CARTESIAN_POINT('',(43.5,87.,57.9));
#1651 = VECTOR('',#1652,1.);
#1652 = DIRECTION('',(0.,1.110223024625E-16,-1.));
#1653 = PCURVE('',#263,#1654);
#1654 = DEFINITIONAL_REPRESENTATION('',(#1655),#1659);
#1655 = LINE('',#1656,#1657);
#1656 = CARTESIAN_POINT('',(18.,1.));
#1657 = VECTOR('',#1658,1.);
#1658 = DIRECTION('',(0.,-1.));
#1659 = ( GEOMETRIC_REPRESENTATION_CONTEXT(2) 
PARAMETRIC_REPRESENTATION_CONTEXT() REPRESENTATION_CONTEXT('2D SPACE',''
  ) );
#1660 = PCURVE('',#1661,#1666);
#1661 = PLANE('',#1662);
#1662 = AXIS2_PLACEMENT_3D('',#1663,#1664,#1665);
#1663 = CARTESIAN_POINT('',(29.,87.,58.9));
#1664 = DIRECTION('',(0.,1.,1.110223024625E-16));
#1665 = DIRECTION('',(1.,0.,0.));
#1666 = DEFINITIONAL_REPRESENTATION('',(#1667),#1671);
#1667 = LINE('',#1668,#1669);
#1668 = CARTESIAN_POINT('',(14.5,1.));
#1669 = VECTOR('',#1670,1.);
#1670 = DIRECTION('',(0.,1.));
#1671 = ( GEOMETRIC_REPRESENTATION_CONTEXT(2) 
PARAMETRIC_REPRESENTATION_CONTEXT() REPRESENTATION_CONTEXT('2D SPACE',''
  ) );
#1672 = ORIENTED_EDGE('',*,*,#1673,.F.);
#1673 = EDGE_CURVE('',#220,#1646,#1674,.T.);
#1674 = SURFACE_CURVE('',#1675,(#1679,#1686),.PCURVE_S1.);
#1675 = LINE('',#1676,#1677);
#1676 = CARTESIAN_POINT('',(43.5,84.070083682008,53.4));
#1677 = VECTOR('',#1678,1.);
#1678 = DIRECTION('',(0.,1.,1.110223024625E-16));
#1679 = PCURVE('',#263,#1680);
#1680 = DEFINITIONAL_REPRESENTATION('',(#1681),#1685);
#1681 = LINE('',#1682,#1683);
#1682 = CARTESIAN_POINT('',(15.070083682008,-3.5));
#1683 = VECTOR('',#1684,1.);
#1684 = DIRECTION('',(1.,0.));
#1685 = ( GEOMETRIC_REPRESENTATION_CONTEXT(2) 
PARAMETRIC_REPRESENTATION_CONTEXT() REPRESENTATION_CONTEXT('2D SPACE',''
  ) );
#1686 = PCURVE('',#235,#1687);
#1687 = DEFINITIONAL_REPRESENTATION('',(#1688),#1692);
#1688 = LINE('',#1689,#1690);
#1689 = CARTESIAN_POINT('',(15.070083682008,-37.55648535564));
#1690 = VECTOR('',#1691,1.);
#1691 = DIRECTION('',(-1.,0.));
#1692 = ( GEOMETRIC_REPRESENTATION_CONTEXT(2) 
PARAMETRIC_REPRESENTATION_CONTEXT() REPRESENTATION_CONTEXT('2D SPACE',''
  ) );
#1693 = ORIENTED_EDGE('',*,*,#247,.T.);
#1694 = ORIENTED_EDGE('',*,*,#1512,.T.);
#1695 = ORIENTED_EDGE('',*,*,#1696,.T.);
#1696 = EDGE_CURVE('',#1485,#1697,#1699,.T.);
#1697 = VERTEX_POINT('',#1698);
#1698 = CARTESIAN_POINT('',(43.5,107.,53.4));
#1699 = SURFACE_CURVE('',#1700,(#1704,#1711),.PCURVE_S1.);
#1700 = LINE('',#1701,#1702);
#1701 = CARTESIAN_POINT('',(43.5,107.,55.15));
#1702 = VECTOR('',#1703,1.);
#1703 = DIRECTION('',(0.,-1.110223024625E-16,1.));
#1704 = PCURVE('',#263,#1705);
#1705 = DEFINITIONAL_REPRESENTATION('',(#1706),#1710);
#1706 = LINE('',#1707,#1708);
#1707 = CARTESIAN_POINT('',(38.,-1.75));
#1708 = VECTOR('',#1709,1.);
#1709 = DIRECTION('',(0.,1.));
#1710 = ( GEOMETRIC_REPRESENTATION_CONTEXT(2) 
PARAMETRIC_REPRESENTATION_CONTEXT() REPRESENTATION_CONTEXT('2D SPACE',''
  ) );
#1711 = PCURVE('',#1500,#1712);
#1712 = DEFINITIONAL_REPRESENTATION('',(#1713),#1717);
#1713 = LINE('',#1714,#1715);
#1714 = CARTESIAN_POINT('',(5.,-1.75));
#1715 = VECTOR('',#1716,1.);
#1716 = DIRECTION('',(0.,-1.));
#1717 = ( GEOMETRIC_REPRESENTATION_CONTEXT(2) 
PARAMETRIC_REPRESENTATION_CONTEXT() REPRESENTATION_CONTEXT('2D SPACE',''
  ) );
#1718 = ORIENTED_EDGE('',*,*,#1719,.T.);
#1719 = EDGE_CURVE('',#1697,#1720,#1722,.T.);
#1720 = VERTEX_POINT('',#1721);
#1721 = CARTESIAN_POINT('',(43.5,111.,53.4));
#1722 = SURFACE_CURVE('',#1723,(#1727,#1734),.PCURVE_S1.);
#1723 = LINE('',#1724,#1725);
#1724 = CARTESIAN_POINT('',(43.5,88.,53.4));
#1725 = VECTOR('',#1726,1.);
#1726 = DIRECTION('',(0.,1.,1.110223024625E-16));
#1727 = PCURVE('',#263,#1728);
#1728 = DEFINITIONAL_REPRESENTATION('',(#1729),#1733);
#1729 = LINE('',#1730,#1731);
#1730 = CARTESIAN_POINT('',(19.,-3.5));
#1731 = VECTOR('',#1732,1.);
#1732 = DIRECTION('',(1.,0.));
#1733 = ( GEOMETRIC_REPRESENTATION_CONTEXT(2) 
PARAMETRIC_REPRESENTATION_CONTEXT() REPRESENTATION_CONTEXT('2D SPACE',''
  ) );
#1734 = PCURVE('',#1735,#1740);
#1735 = PLANE('',#1736);
#1736 = AXIS2_PLACEMENT_3D('',#1737,#1738,#1739);
#1737 = CARTESIAN_POINT('',(38.5,107.,53.4));
#1738 = DIRECTION('',(0.,1.110223024625E-16,-1.));
#1739 = DIRECTION('',(0.,1.,1.110223024625E-16));
#1740 = DEFINITIONAL_REPRESENTATION('',(#1741),#1745);
#1741 = LINE('',#1742,#1743);
#1742 = CARTESIAN_POINT('',(-19.,5.));
#1743 = VECTOR('',#1744,1.);
#1744 = DIRECTION('',(1.,0.));
#1745 = ( GEOMETRIC_REPRESENTATION_CONTEXT(2) 
PARAMETRIC_REPRESENTATION_CONTEXT() REPRESENTATION_CONTEXT('2D SPACE',''
  ) );
#1746 = ORIENTED_EDGE('',*,*,#1747,.F.);
#1747 = EDGE_CURVE('',#1406,#1720,#1748,.T.);
#1748 = SURFACE_CURVE('',#1749,(#1753,#1760),.PCURVE_S1.);
#1749 = LINE('',#1750,#1751);
#1750 = CARTESIAN_POINT('',(43.5,111.,55.15));
#1751 = VECTOR('',#1752,1.);
#1752 = DIRECTION('',(0.,-1.110223024625E-16,1.));
#1753 = PCURVE('',#263,#1754);
#1754 = DEFINITIONAL_REPRESENTATION('',(#1755),#1759);
#1755 = LINE('',#1756,#1757);
#1756 = CARTESIAN_POINT('',(42.,-1.75));
#1757 = VECTOR('',#1758,1.);
#1758 = DIRECTION('',(0.,1.));
#1759 = ( GEOMETRIC_REPRESENTATION_CONTEXT(2) 
PARAMETRIC_REPRESENTATION_CONTEXT() REPRESENTATION_CONTEXT('2D SPACE',''
  ) );
#1760 = PCURVE('',#1444,#1761);
#1761 = DEFINITIONAL_REPRESENTATION('',(#1762),#1766);
#1762 = LINE('',#1763,#1764);
#1763 = CARTESIAN_POINT('',(5.,-1.75));
#1764 = VECTOR('',#1765,1.);
#1765 = DIRECTION('',(0.,-1.));
#1766 = ( GEOMETRIC_REPRESENTATION_CONTEXT(2) 
PARAMETRIC_REPRESENTATION_CONTEXT() REPRESENTATION_CONTEXT('2D SPACE',''
  ) );
#1767 = ORIENTED_EDGE('',*,*,#1405,.T.);
#1768 = ORIENTED_EDGE('',*,*,#1769,.T.);
#1769 = EDGE_CURVE('',#1378,#1770,#1772,.T.);
#1770 = VERTEX_POINT('',#1771);
#1771 = CARTESIAN_POINT('',(43.5,118.,53.4));
#1772 = SURFACE_CURVE('',#1773,(#1777,#1784),.PCURVE_S1.);
#1773 = LINE('',#1774,#1775);
#1774 = CARTESIAN_POINT('',(43.5,118.,55.15));
#1775 = VECTOR('',#1776,1.);
#1776 = DIRECTION('',(0.,-1.110223024625E-16,1.));
#1777 = PCURVE('',#263,#1778);
#1778 = DEFINITIONAL_REPRESENTATION('',(#1779),#1783);
#1779 = LINE('',#1780,#1781);
#1780 = CARTESIAN_POINT('',(49.,-1.75));
#1781 = VECTOR('',#1782,1.);
#1782 = DIRECTION('',(0.,1.));
#1783 = ( GEOMETRIC_REPRESENTATION_CONTEXT(2) 
PARAMETRIC_REPRESENTATION_CONTEXT() REPRESENTATION_CONTEXT('2D SPACE',''
  ) );
#1784 = PCURVE('',#1393,#1785);
#1785 = DEFINITIONAL_REPRESENTATION('',(#1786),#1790);
#1786 = LINE('',#1787,#1788);
#1787 = CARTESIAN_POINT('',(9.,-1.75));
#1788 = VECTOR('',#1789,1.);
#1789 = DIRECTION('',(0.,-1.));
#1790 = ( GEOMETRIC_REPRESENTATION_CONTEXT(2) 
PARAMETRIC_REPRESENTATION_CONTEXT() REPRESENTATION_CONTEXT('2D SPACE',''
  ) );
#1791 = ORIENTED_EDGE('',*,*,#1792,.T.);
#1792 = EDGE_CURVE('',#1770,#1793,#1795,.T.);
#1793 = VERTEX_POINT('',#1794);
#1794 = CARTESIAN_POINT('',(43.5,121.,53.4));
#1795 = SURFACE_CURVE('',#1796,(#1800,#1807),.PCURVE_S1.);
#1796 = LINE('',#1797,#1798);
#1797 = CARTESIAN_POINT('',(43.5,93.5,53.4));
#1798 = VECTOR('',#1799,1.);
#1799 = DIRECTION('',(0.,1.,1.110223024625E-16));
#1800 = PCURVE('',#263,#1801);
#1801 = DEFINITIONAL_REPRESENTATION('',(#1802),#1806);
#1802 = LINE('',#1803,#1804);
#1803 = CARTESIAN_POINT('',(24.5,-3.5));
#1804 = VECTOR('',#1805,1.);
#1805 = DIRECTION('',(1.,0.));
#1806 = ( GEOMETRIC_REPRESENTATION_CONTEXT(2) 
PARAMETRIC_REPRESENTATION_CONTEXT() REPRESENTATION_CONTEXT('2D SPACE',''
  ) );
#1807 = PCURVE('',#1808,#1813);
#1808 = PLANE('',#1809);
#1809 = AXIS2_PLACEMENT_3D('',#1810,#1811,#1812);
#1810 = CARTESIAN_POINT('',(34.5,118.,53.4));
#1811 = DIRECTION('',(0.,1.110223024625E-16,-1.));
#1812 = DIRECTION('',(0.,1.,1.110223024625E-16));
#1813 = DEFINITIONAL_REPRESENTATION('',(#1814),#1818);
#1814 = LINE('',#1815,#1816);
#1815 = CARTESIAN_POINT('',(-24.5,9.));
#1816 = VECTOR('',#1817,1.);
#1817 = DIRECTION('',(1.,0.));
#1818 = ( GEOMETRIC_REPRESENTATION_CONTEXT(2) 
PARAMETRIC_REPRESENTATION_CONTEXT() REPRESENTATION_CONTEXT('2D SPACE',''
  ) );
#1819 = ORIENTED_EDGE('',*,*,#1820,.F.);
#1820 = EDGE_CURVE('',#1821,#1793,#1823,.T.);
#1821 = VERTEX_POINT('',#1822);
#1822 = CARTESIAN_POINT('',(43.5,121.,52.9));
#1823 = SURFACE_CURVE('',#1824,(#1828,#1835),.PCURVE_S1.);
#1824 = LINE('',#1825,#1826);
#1825 = CARTESIAN_POINT('',(43.5,121.,55.15));
#1826 = VECTOR('',#1827,1.);
#1827 = DIRECTION('',(0.,-1.110223024625E-16,1.));
#1828 = PCURVE('',#263,#1829);
#1829 = DEFINITIONAL_REPRESENTATION('',(#1830),#1834);
#1830 = LINE('',#1831,#1832);
#1831 = CARTESIAN_POINT('',(52.,-1.75));
#1832 = VECTOR('',#1833,1.);
#1833 = DIRECTION('',(0.,1.));
#1834 = ( GEOMETRIC_REPRESENTATION_CONTEXT(2) 
PARAMETRIC_REPRESENTATION_CONTEXT() REPRESENTATION_CONTEXT('2D SPACE',''
  ) );
#1835 = PCURVE('',#1836,#1841);
#1836 = PLANE('',#1837);
#1837 = AXIS2_PLACEMENT_3D('',#1838,#1839,#1840);
#1838 = CARTESIAN_POINT('',(34.5,121.,53.4));
#1839 = DIRECTION('',(0.,1.,1.110223024625E-16));
#1840 = DIRECTION('',(1.,0.,0.));
#1841 = DEFINITIONAL_REPRESENTATION('',(#1842),#1846);
#1842 = LINE('',#1843,#1844);
#1843 = CARTESIAN_POINT('',(9.,-1.75));
#1844 = VECTOR('',#1845,1.);
#1845 = DIRECTION('',(0.,-1.));
#1846 = ( GEOMETRIC_REPRESENTATION_CONTEXT(2) 
PARAMETRIC_REPRESENTATION_CONTEXT() REPRESENTATION_CONTEXT('2D SPACE',''
  ) );
#1847 = ORIENTED_EDGE('',*,*,#1848,.T.);
#1848 = EDGE_CURVE('',#1821,#1849,#1851,.T.);
#1849 = VERTEX_POINT('',#1850);
#1850 = CARTESIAN_POINT('',(43.5,140.,52.9));
#1851 = SURFACE_CURVE('',#1852,(#1856,#1863),.PCURVE_S1.);
#1852 = LINE('',#1853,#1854);
#1853 = CARTESIAN_POINT('',(43.5,69.,52.9));
#1854 = VECTOR('',#1855,1.);
#1855 = DIRECTION('',(0.,1.,1.110223024625E-16));
#1856 = PCURVE('',#263,#1857);
#1857 = DEFINITIONAL_REPRESENTATION('',(#1858),#1862);
#1858 = LINE('',#1859,#1860);
#1859 = CARTESIAN_POINT('',(-4.440892098501E-16,-4.));
#1860 = VECTOR('',#1861,1.);
#1861 = DIRECTION('',(1.,0.));
#1862 = ( GEOMETRIC_REPRESENTATION_CONTEXT(2) 
PARAMETRIC_REPRESENTATION_CONTEXT() REPRESENTATION_CONTEXT('2D SPACE',''
  ) );
#1863 = PCURVE('',#1864,#1869);
#1864 = PLANE('',#1865);
#1865 = AXIS2_PLACEMENT_3D('',#1866,#1867,#1868);
#1866 = CARTESIAN_POINT('',(35.5,69.,52.9));
#1867 = DIRECTION('',(0.,1.110223024625E-16,-1.));
#1868 = DIRECTION('',(0.,1.,1.110223024625E-16));
#1869 = DEFINITIONAL_REPRESENTATION('',(#1870),#1874);
#1870 = LINE('',#1871,#1872);
#1871 = CARTESIAN_POINT('',(0.,8.));
#1872 = VECTOR('',#1873,1.);
#1873 = DIRECTION('',(1.,0.));
#1874 = ( GEOMETRIC_REPRESENTATION_CONTEXT(2) 
PARAMETRIC_REPRESENTATION_CONTEXT() REPRESENTATION_CONTEXT('2D SPACE',''
  ) );
#1875 = ORIENTED_EDGE('',*,*,#1876,.F.);
#1876 = EDGE_CURVE('',#1877,#1849,#1879,.T.);
#1877 = VERTEX_POINT('',#1878);
#1878 = CARTESIAN_POINT('',(43.5,140.,53.4));
#1879 = SURFACE_CURVE('',#1880,(#1884,#1891),.PCURVE_S1.);
#1880 = LINE('',#1881,#1882);
#1881 = CARTESIAN_POINT('',(43.5,140.,56.9));
#1882 = VECTOR('',#1883,1.);
#1883 = DIRECTION('',(0.,1.110223024625E-16,-1.));
#1884 = PCURVE('',#263,#1885);
#1885 = DEFINITIONAL_REPRESENTATION('',(#1886),#1890);
#1886 = LINE('',#1887,#1888);
#1887 = CARTESIAN_POINT('',(71.,6.328271240363E-15));
#1888 = VECTOR('',#1889,1.);
#1889 = DIRECTION('',(0.,-1.));
#1890 = ( GEOMETRIC_REPRESENTATION_CONTEXT(2) 
PARAMETRIC_REPRESENTATION_CONTEXT() REPRESENTATION_CONTEXT('2D SPACE',''
  ) );
#1891 = PCURVE('',#485,#1892);
#1892 = DEFINITIONAL_REPRESENTATION('',(#1893),#1897);
#1893 = LINE('',#1894,#1895);
#1894 = CARTESIAN_POINT('',(114.,-112.));
#1895 = VECTOR('',#1896,1.);
#1896 = DIRECTION('',(0.,1.));
#1897 = ( GEOMETRIC_REPRESENTATION_CONTEXT(2) 
PARAMETRIC_REPRESENTATION_CONTEXT() REPRESENTATION_CONTEXT('2D SPACE',''
  ) );
#1898 = ORIENTED_EDGE('',*,*,#1899,.F.);
#1899 = EDGE_CURVE('',#1900,#1877,#1902,.T.);
#1900 = VERTEX_POINT('',#1901);
#1901 = CARTESIAN_POINT('',(43.5,131.,53.4));
#1902 = SURFACE_CURVE('',#1903,(#1907,#1914),.PCURVE_S1.);
#1903 = LINE('',#1904,#1905);
#1904 = CARTESIAN_POINT('',(43.5,84.070083682008,53.4));
#1905 = VECTOR('',#1906,1.);
#1906 = DIRECTION('',(0.,1.,1.110223024625E-16));
#1907 = PCURVE('',#263,#1908);
#1908 = DEFINITIONAL_REPRESENTATION('',(#1909),#1913);
#1909 = LINE('',#1910,#1911);
#1910 = CARTESIAN_POINT('',(15.070083682008,-3.5));
#1911 = VECTOR('',#1912,1.);
#1912 = DIRECTION('',(1.,0.));
#1913 = ( GEOMETRIC_REPRESENTATION_CONTEXT(2) 
PARAMETRIC_REPRESENTATION_CONTEXT() REPRESENTATION_CONTEXT('2D SPACE',''
  ) );
#1914 = PCURVE('',#235,#1915);
#1915 = DEFINITIONAL_REPRESENTATION('',(#1916),#1920);
#1916 = LINE('',#1917,#1918);
#1917 = CARTESIAN_POINT('',(15.070083682008,-37.55648535564));
#1918 = VECTOR('',#1919,1.);
#1919 = DIRECTION('',(-1.,0.));
#1920 = ( GEOMETRIC_REPRESENTATION_CONTEXT(2) 
PARAMETRIC_REPRESENTATION_CONTEXT() REPRESENTATION_CONTEXT('2D SPACE',''
  ) );
#1921 = ORIENTED_EDGE('',*,*,#1922,.F.);
#1922 = EDGE_CURVE('',#1923,#1900,#1925,.T.);
#1923 = VERTEX_POINT('',#1924);
#1924 = CARTESIAN_POINT('',(43.5,131.,56.4));
#1925 = SURFACE_CURVE('',#1926,(#1930,#1937),.PCURVE_S1.);
#1926 = LINE('',#1927,#1928);
#1927 = CARTESIAN_POINT('',(43.5,131.,57.9));
#1928 = VECTOR('',#1929,1.);
#1929 = DIRECTION('',(0.,1.110223024625E-16,-1.));
#1930 = PCURVE('',#263,#1931);
#1931 = DEFINITIONAL_REPRESENTATION('',(#1932),#1936);
#1932 = LINE('',#1933,#1934);
#1933 = CARTESIAN_POINT('',(62.,1.));
#1934 = VECTOR('',#1935,1.);
#1935 = DIRECTION('',(0.,-1.));
#1936 = ( GEOMETRIC_REPRESENTATION_CONTEXT(2) 
PARAMETRIC_REPRESENTATION_CONTEXT() REPRESENTATION_CONTEXT('2D SPACE',''
  ) );
#1937 = PCURVE('',#1938,#1943);
#1938 = PLANE('',#1939);
#1939 = AXIS2_PLACEMENT_3D('',#1940,#1941,#1942);
#1940 = CARTESIAN_POINT('',(29.,131.,58.9));
#1941 = DIRECTION('',(0.,1.,1.110223024625E-16));
#1942 = DIRECTION('',(1.,0.,0.));
#1943 = DEFINITIONAL_REPRESENTATION('',(#1944),#1948);
#1944 = LINE('',#1945,#1946);
#1945 = CARTESIAN_POINT('',(14.5,1.));
#1946 = VECTOR('',#1947,1.);
#1947 = DIRECTION('',(0.,1.));
#1948 = ( GEOMETRIC_REPRESENTATION_CONTEXT(2) 
PARAMETRIC_REPRESENTATION_CONTEXT() REPRESENTATION_CONTEXT('2D SPACE',''
  ) );
#1949 = ORIENTED_EDGE('',*,*,#1950,.T.);
#1950 = EDGE_CURVE('',#1923,#1539,#1951,.T.);
#1951 = SURFACE_CURVE('',#1952,(#1956,#1963),.PCURVE_S1.);
#1952 = LINE('',#1953,#1954);
#1953 = CARTESIAN_POINT('',(43.5,84.070083682008,56.4));
#1954 = VECTOR('',#1955,1.);
#1955 = DIRECTION('',(0.,1.,1.110223024625E-16));
#1956 = PCURVE('',#263,#1957);
#1957 = DEFINITIONAL_REPRESENTATION('',(#1958),#1962);
#1958 = LINE('',#1959,#1960);
#1959 = CARTESIAN_POINT('',(15.070083682008,-0.5));
#1960 = VECTOR('',#1961,1.);
#1961 = DIRECTION('',(1.,0.));
#1962 = ( GEOMETRIC_REPRESENTATION_CONTEXT(2) 
PARAMETRIC_REPRESENTATION_CONTEXT() REPRESENTATION_CONTEXT('2D SPACE',''
  ) );
#1963 = PCURVE('',#1633,#1964);
#1964 = DEFINITIONAL_REPRESENTATION('',(#1965),#1969);
#1965 = LINE('',#1966,#1967);
#1966 = CARTESIAN_POINT('',(15.070083682008,-37.55648535564));
#1967 = VECTOR('',#1968,1.);
#1968 = DIRECTION('',(-1.,0.));
#1969 = ( GEOMETRIC_REPRESENTATION_CONTEXT(2) 
PARAMETRIC_REPRESENTATION_CONTEXT() REPRESENTATION_CONTEXT('2D SPACE',''
  ) );
#1970 = ADVANCED_FACE('',(#1971),#235,.F.);
#1971 = FACE_BOUND('',#1972,.F.);
#1972 = EDGE_LOOP('',(#1973,#1974,#1975,#1998,#2026,#2054,#2082,#2110,
    #2138,#2166,#2189,#2217,#2245,#2273,#2294,#2295,#2318,#2346));
#1973 = ORIENTED_EDGE('',*,*,#1673,.F.);
#1974 = ORIENTED_EDGE('',*,*,#219,.T.);
#1975 = ORIENTED_EDGE('',*,*,#1976,.T.);
#1976 = EDGE_CURVE('',#192,#1977,#1979,.T.);
#1977 = VERTEX_POINT('',#1978);
#1978 = CARTESIAN_POINT('',(35.5,48.,53.4));
#1979 = SURFACE_CURVE('',#1980,(#1984,#1991),.PCURVE_S1.);
#1980 = LINE('',#1981,#1982);
#1981 = CARTESIAN_POINT('',(35.5,69.,53.4));
#1982 = VECTOR('',#1983,1.);
#1983 = DIRECTION('',(0.,-1.,-1.110223024625E-16));
#1984 = PCURVE('',#235,#1985);
#1985 = DEFINITIONAL_REPRESENTATION('',(#1986),#1990);
#1986 = LINE('',#1987,#1988);
#1987 = CARTESIAN_POINT('',(30.140167364017,-45.55648535564));
#1988 = VECTOR('',#1989,1.);
#1989 = DIRECTION('',(1.,0.));
#1990 = ( GEOMETRIC_REPRESENTATION_CONTEXT(2) 
PARAMETRIC_REPRESENTATION_CONTEXT() REPRESENTATION_CONTEXT('2D SPACE',''
  ) );
#1991 = PCURVE('',#207,#1992);
#1992 = DEFINITIONAL_REPRESENTATION('',(#1993),#1997);
#1993 = LINE('',#1994,#1995);
#1994 = CARTESIAN_POINT('',(1.665334536938E-16,1.5));
#1995 = VECTOR('',#1996,1.);
#1996 = DIRECTION('',(1.,0.));
#1997 = ( GEOMETRIC_REPRESENTATION_CONTEXT(2) 
PARAMETRIC_REPRESENTATION_CONTEXT() REPRESENTATION_CONTEXT('2D SPACE',''
  ) );
#1998 = ORIENTED_EDGE('',*,*,#1999,.T.);
#1999 = EDGE_CURVE('',#1977,#2000,#2002,.T.);
#2000 = VERTEX_POINT('',#2001);
#2001 = CARTESIAN_POINT('',(65.5,48.,53.4));
#2002 = SURFACE_CURVE('',#2003,(#2007,#2014),.PCURVE_S1.);
#2003 = LINE('',#2004,#2005);
#2004 = CARTESIAN_POINT('',(35.5,48.,53.4));
#2005 = VECTOR('',#2006,1.);
#2006 = DIRECTION('',(1.,0.,0.));
#2007 = PCURVE('',#235,#2008);
#2008 = DEFINITIONAL_REPRESENTATION('',(#2009),#2013);
#2009 = LINE('',#2010,#2011);
#2010 = CARTESIAN_POINT('',(51.140167364017,-45.55648535564));
#2011 = VECTOR('',#2012,1.);
#2012 = DIRECTION('',(0.,1.));
#2013 = ( GEOMETRIC_REPRESENTATION_CONTEXT(2) 
PARAMETRIC_REPRESENTATION_CONTEXT() REPRESENTATION_CONTEXT('2D SPACE',''
  ) );
#2014 = PCURVE('',#2015,#2020);
#2015 = PLANE('',#2016);
#2016 = AXIS2_PLACEMENT_3D('',#2017,#2018,#2019);
#2017 = CARTESIAN_POINT('',(35.5,48.,54.9));
#2018 = DIRECTION('',(0.,1.,1.110223024625E-16));
#2019 = DIRECTION('',(1.,0.,0.));
#2020 = DEFINITIONAL_REPRESENTATION('',(#2021),#2025);
#2021 = LINE('',#2022,#2023);
#2022 = CARTESIAN_POINT('',(0.,1.5));
#2023 = VECTOR('',#2024,1.);
#2024 = DIRECTION('',(1.,0.));
#2025 = ( GEOMETRIC_REPRESENTATION_CONTEXT(2) 
PARAMETRIC_REPRESENTATION_CONTEXT() REPRESENTATION_CONTEXT('2D SPACE',''
  ) );
#2026 = ORIENTED_EDGE('',*,*,#2027,.T.);
#2027 = EDGE_CURVE('',#2000,#2028,#2030,.T.);
#2028 = VERTEX_POINT('',#2029);
#2029 = CARTESIAN_POINT('',(65.5,69.,53.4));
#2030 = SURFACE_CURVE('',#2031,(#2035,#2042),.PCURVE_S1.);
#2031 = LINE('',#2032,#2033);
#2032 = CARTESIAN_POINT('',(65.5,48.,53.4));
#2033 = VECTOR('',#2034,1.);
#2034 = DIRECTION('',(0.,1.,1.110223024625E-16));
#2035 = PCURVE('',#235,#2036);
#2036 = DEFINITIONAL_REPRESENTATION('',(#2037),#2041);
#2037 = LINE('',#2038,#2039);
#2038 = CARTESIAN_POINT('',(51.140167364017,-15.55648535564));
#2039 = VECTOR('',#2040,1.);
#2040 = DIRECTION('',(-1.,0.));
#2041 = ( GEOMETRIC_REPRESENTATION_CONTEXT(2) 
PARAMETRIC_REPRESENTATION_CONTEXT() REPRESENTATION_CONTEXT('2D SPACE',''
  ) );
#2042 = PCURVE('',#2043,#2048);
#2043 = PLANE('',#2044);
#2044 = AXIS2_PLACEMENT_3D('',#2045,#2046,#2047);
#2045 = CARTESIAN_POINT('',(65.5,48.,54.9));
#2046 = DIRECTION('',(-1.,0.,0.));
#2047 = DIRECTION('',(0.,1.,1.110223024625E-16));
#2048 = DEFINITIONAL_REPRESENTATION('',(#2049),#2053);
#2049 = LINE('',#2050,#2051);
#2050 = CARTESIAN_POINT('',(-1.665334536938E-16,1.5));
#2051 = VECTOR('',#2052,1.);
#2052 = DIRECTION('',(1.,0.));
#2053 = ( GEOMETRIC_REPRESENTATION_CONTEXT(2) 
PARAMETRIC_REPRESENTATION_CONTEXT() REPRESENTATION_CONTEXT('2D SPACE',''
  ) );
#2054 = ORIENTED_EDGE('',*,*,#2055,.T.);
#2055 = EDGE_CURVE('',#2028,#2056,#2058,.T.);
#2056 = VERTEX_POINT('',#2057);
#2057 = CARTESIAN_POINT('',(66.5,69.,53.4));
#2058 = SURFACE_CURVE('',#2059,(#2063,#2070),.PCURVE_S1.);
#2059 = LINE('',#2060,#2061);
#2060 = CARTESIAN_POINT('',(65.5,69.,53.4));
#2061 = VECTOR('',#2062,1.);
#2062 = DIRECTION('',(1.,0.,0.));
#2063 = PCURVE('',#235,#2064);
#2064 = DEFINITIONAL_REPRESENTATION('',(#2065),#2069);
#2065 = LINE('',#2066,#2067);
#2066 = CARTESIAN_POINT('',(30.140167364017,-15.55648535564));
#2067 = VECTOR('',#2068,1.);
#2068 = DIRECTION('',(0.,1.));
#2069 = ( GEOMETRIC_REPRESENTATION_CONTEXT(2) 
PARAMETRIC_REPRESENTATION_CONTEXT() REPRESENTATION_CONTEXT('2D SPACE',''
  ) );
#2070 = PCURVE('',#2071,#2076);
#2071 = PLANE('',#2072);
#2072 = AXIS2_PLACEMENT_3D('',#2073,#2074,#2075);
#2073 = CARTESIAN_POINT('',(65.5,69.,-55.1));
#2074 = DIRECTION('',(0.,1.,1.110223024625E-16));
#2075 = DIRECTION('',(1.,0.,0.));
#2076 = DEFINITIONAL_REPRESENTATION('',(#2077),#2081);
#2077 = LINE('',#2078,#2079);
#2078 = CARTESIAN_POINT('',(0.,-108.5));
#2079 = VECTOR('',#2080,1.);
#2080 = DIRECTION('',(1.,0.));
#2081 = ( GEOMETRIC_REPRESENTATION_CONTEXT(2) 
PARAMETRIC_REPRESENTATION_CONTEXT() REPRESENTATION_CONTEXT('2D SPACE',''
  ) );
#2082 = ORIENTED_EDGE('',*,*,#2083,.T.);
#2083 = EDGE_CURVE('',#2056,#2084,#2086,.T.);
#2084 = VERTEX_POINT('',#2085);
#2085 = CARTESIAN_POINT('',(66.5,73.,53.4));
#2086 = SURFACE_CURVE('',#2087,(#2091,#2098),.PCURVE_S1.);
#2087 = LINE('',#2088,#2089);
#2088 = CARTESIAN_POINT('',(66.5,69.,53.4));
#2089 = VECTOR('',#2090,1.);
#2090 = DIRECTION('',(0.,1.,1.110223024625E-16));
#2091 = PCURVE('',#235,#2092);
#2092 = DEFINITIONAL_REPRESENTATION('',(#2093),#2097);
#2093 = LINE('',#2094,#2095);
#2094 = CARTESIAN_POINT('',(30.140167364017,-14.55648535564));
#2095 = VECTOR('',#2096,1.);
#2096 = DIRECTION('',(-1.,0.));
#2097 = ( GEOMETRIC_REPRESENTATION_CONTEXT(2) 
PARAMETRIC_REPRESENTATION_CONTEXT() REPRESENTATION_CONTEXT('2D SPACE',''
  ) );
#2098 = PCURVE('',#2099,#2104);
#2099 = PLANE('',#2100);
#2100 = AXIS2_PLACEMENT_3D('',#2101,#2102,#2103);
#2101 = CARTESIAN_POINT('',(66.5,69.,53.4));
#2102 = DIRECTION('',(1.,0.,0.));
#2103 = DIRECTION('',(0.,1.,1.110223024625E-16));
#2104 = DEFINITIONAL_REPRESENTATION('',(#2105),#2109);
#2105 = LINE('',#2106,#2107);
#2106 = CARTESIAN_POINT('',(0.,0.));
#2107 = VECTOR('',#2108,1.);
#2108 = DIRECTION('',(1.,0.));
#2109 = ( GEOMETRIC_REPRESENTATION_CONTEXT(2) 
PARAMETRIC_REPRESENTATION_CONTEXT() REPRESENTATION_CONTEXT('2D SPACE',''
  ) );
#2110 = ORIENTED_EDGE('',*,*,#2111,.T.);
#2111 = EDGE_CURVE('',#2084,#2112,#2114,.T.);
#2112 = VERTEX_POINT('',#2113);
#2113 = CARTESIAN_POINT('',(153.5,73.,53.4));
#2114 = SURFACE_CURVE('',#2115,(#2119,#2126),.PCURVE_S1.);
#2115 = LINE('',#2116,#2117);
#2116 = CARTESIAN_POINT('',(66.5,73.,53.4));
#2117 = VECTOR('',#2118,1.);
#2118 = DIRECTION('',(1.,0.,0.));
#2119 = PCURVE('',#235,#2120);
#2120 = DEFINITIONAL_REPRESENTATION('',(#2121),#2125);
#2121 = LINE('',#2122,#2123);
#2122 = CARTESIAN_POINT('',(26.140167364017,-14.55648535564));
#2123 = VECTOR('',#2124,1.);
#2124 = DIRECTION('',(0.,1.));
#2125 = ( GEOMETRIC_REPRESENTATION_CONTEXT(2) 
PARAMETRIC_REPRESENTATION_CONTEXT() REPRESENTATION_CONTEXT('2D SPACE',''
  ) );
#2126 = PCURVE('',#2127,#2132);
#2127 = PLANE('',#2128);
#2128 = AXIS2_PLACEMENT_3D('',#2129,#2130,#2131);
#2129 = CARTESIAN_POINT('',(66.5,73.,53.4));
#2130 = DIRECTION('',(0.,1.,1.110223024625E-16));
#2131 = DIRECTION('',(1.,0.,0.));
#2132 = DEFINITIONAL_REPRESENTATION('',(#2133),#2137);
#2133 = LINE('',#2134,#2135);
#2134 = CARTESIAN_POINT('',(0.,0.));
#2135 = VECTOR('',#2136,1.);
#2136 = DIRECTION('',(1.,0.));
#2137 = ( GEOMETRIC_REPRESENTATION_CONTEXT(2) 
PARAMETRIC_REPRESENTATION_CONTEXT() REPRESENTATION_CONTEXT('2D SPACE',''
  ) );
#2138 = ORIENTED_EDGE('',*,*,#2139,.T.);
#2139 = EDGE_CURVE('',#2112,#2140,#2142,.T.);
#2140 = VERTEX_POINT('',#2141);
#2141 = CARTESIAN_POINT('',(153.5,140.,53.4));
#2142 = SURFACE_CURVE('',#2143,(#2147,#2154),.PCURVE_S1.);
#2143 = LINE('',#2144,#2145);
#2144 = CARTESIAN_POINT('',(153.5,69.,53.4));
#2145 = VECTOR('',#2146,1.);
#2146 = DIRECTION('',(0.,1.,1.110223024625E-16));
#2147 = PCURVE('',#235,#2148);
#2148 = DEFINITIONAL_REPRESENTATION('',(#2149),#2153);
#2149 = LINE('',#2150,#2151);
#2150 = CARTESIAN_POINT('',(30.140167364017,72.443514644351));
#2151 = VECTOR('',#2152,1.);
#2152 = DIRECTION('',(-1.,0.));
#2153 = ( GEOMETRIC_REPRESENTATION_CONTEXT(2) 
PARAMETRIC_REPRESENTATION_CONTEXT() REPRESENTATION_CONTEXT('2D SPACE',''
  ) );
#2154 = PCURVE('',#2155,#2160);
#2155 = PLANE('',#2156);
#2156 = AXIS2_PLACEMENT_3D('',#2157,#2158,#2159);
#2157 = CARTESIAN_POINT('',(153.5,69.,53.4));
#2158 = DIRECTION('',(1.,0.,0.));
#2159 = DIRECTION('',(0.,1.,1.110223024625E-16));
#2160 = DEFINITIONAL_REPRESENTATION('',(#2161),#2165);
#2161 = LINE('',#2162,#2163);
#2162 = CARTESIAN_POINT('',(0.,0.));
#2163 = VECTOR('',#2164,1.);
#2164 = DIRECTION('',(1.,0.));
#2165 = ( GEOMETRIC_REPRESENTATION_CONTEXT(2) 
PARAMETRIC_REPRESENTATION_CONTEXT() REPRESENTATION_CONTEXT('2D SPACE',''
  ) );
#2166 = ORIENTED_EDGE('',*,*,#2167,.T.);
#2167 = EDGE_CURVE('',#2140,#2168,#2170,.T.);
#2168 = VERTEX_POINT('',#2169);
#2169 = CARTESIAN_POINT('',(152.5,140.,53.4));
#2170 = SURFACE_CURVE('',#2171,(#2175,#2182),.PCURVE_S1.);
#2171 = LINE('',#2172,#2173);
#2172 = CARTESIAN_POINT('',(157.5,140.,53.4));
#2173 = VECTOR('',#2174,1.);
#2174 = DIRECTION('',(-1.,0.,0.));
#2175 = PCURVE('',#235,#2176);
#2176 = DEFINITIONAL_REPRESENTATION('',(#2177),#2181);
#2177 = LINE('',#2178,#2179);
#2178 = CARTESIAN_POINT('',(-40.85983263598,76.443514644351));
#2179 = VECTOR('',#2180,1.);
#2180 = DIRECTION('',(-0.,-1.));
#2181 = ( GEOMETRIC_REPRESENTATION_CONTEXT(2) 
PARAMETRIC_REPRESENTATION_CONTEXT() REPRESENTATION_CONTEXT('2D SPACE',''
  ) );
#2182 = PCURVE('',#485,#2183);
#2183 = DEFINITIONAL_REPRESENTATION('',(#2184),#2188);
#2184 = LINE('',#2185,#2186);
#2185 = CARTESIAN_POINT('',(0.,-108.5));
#2186 = VECTOR('',#2187,1.);
#2187 = DIRECTION('',(1.,0.));
#2188 = ( GEOMETRIC_REPRESENTATION_CONTEXT(2) 
PARAMETRIC_REPRESENTATION_CONTEXT() REPRESENTATION_CONTEXT('2D SPACE',''
  ) );
#2189 = ORIENTED_EDGE('',*,*,#2190,.F.);
#2190 = EDGE_CURVE('',#2191,#2168,#2193,.T.);
#2191 = VERTEX_POINT('',#2192);
#2192 = CARTESIAN_POINT('',(152.5,139.,53.4));
#2193 = SURFACE_CURVE('',#2194,(#2198,#2205),.PCURVE_S1.);
#2194 = LINE('',#2195,#2196);
#2195 = CARTESIAN_POINT('',(152.5,139.,53.4));
#2196 = VECTOR('',#2197,1.);
#2197 = DIRECTION('',(0.,1.,1.110223024625E-16));
#2198 = PCURVE('',#235,#2199);
#2199 = DEFINITIONAL_REPRESENTATION('',(#2200),#2204);
#2200 = LINE('',#2201,#2202);
#2201 = CARTESIAN_POINT('',(-39.85983263598,71.443514644351));
#2202 = VECTOR('',#2203,1.);
#2203 = DIRECTION('',(-1.,0.));
#2204 = ( GEOMETRIC_REPRESENTATION_CONTEXT(2) 
PARAMETRIC_REPRESENTATION_CONTEXT() REPRESENTATION_CONTEXT('2D SPACE',''
  ) );
#2205 = PCURVE('',#2206,#2211);
#2206 = PLANE('',#2207);
#2207 = AXIS2_PLACEMENT_3D('',#2208,#2209,#2210);
#2208 = CARTESIAN_POINT('',(152.5,139.,53.4));
#2209 = DIRECTION('',(1.,0.,0.));
#2210 = DIRECTION('',(0.,1.,1.110223024625E-16));
#2211 = DEFINITIONAL_REPRESENTATION('',(#2212),#2216);
#2212 = LINE('',#2213,#2214);
#2213 = CARTESIAN_POINT('',(0.,0.));
#2214 = VECTOR('',#2215,1.);
#2215 = DIRECTION('',(1.,0.));
#2216 = ( GEOMETRIC_REPRESENTATION_CONTEXT(2) 
PARAMETRIC_REPRESENTATION_CONTEXT() REPRESENTATION_CONTEXT('2D SPACE',''
  ) );
#2217 = ORIENTED_EDGE('',*,*,#2218,.F.);
#2218 = EDGE_CURVE('',#2219,#2191,#2221,.T.);
#2219 = VERTEX_POINT('',#2220);
#2220 = CARTESIAN_POINT('',(82.5,139.,53.4));
#2221 = SURFACE_CURVE('',#2222,(#2226,#2233),.PCURVE_S1.);
#2222 = LINE('',#2223,#2224);
#2223 = CARTESIAN_POINT('',(82.5,139.,53.4));
#2224 = VECTOR('',#2225,1.);
#2225 = DIRECTION('',(1.,0.,0.));
#2226 = PCURVE('',#235,#2227);
#2227 = DEFINITIONAL_REPRESENTATION('',(#2228),#2232);
#2228 = LINE('',#2229,#2230);
#2229 = CARTESIAN_POINT('',(-39.85983263598,1.443514644351));
#2230 = VECTOR('',#2231,1.);
#2231 = DIRECTION('',(0.,1.));
#2232 = ( GEOMETRIC_REPRESENTATION_CONTEXT(2) 
PARAMETRIC_REPRESENTATION_CONTEXT() REPRESENTATION_CONTEXT('2D SPACE',''
  ) );
#2233 = PCURVE('',#2234,#2239);
#2234 = PLANE('',#2235);
#2235 = AXIS2_PLACEMENT_3D('',#2236,#2237,#2238);
#2236 = CARTESIAN_POINT('',(82.5,139.,53.4));
#2237 = DIRECTION('',(0.,1.,1.110223024625E-16));
#2238 = DIRECTION('',(1.,0.,0.));
#2239 = DEFINITIONAL_REPRESENTATION('',(#2240),#2244);
#2240 = LINE('',#2241,#2242);
#2241 = CARTESIAN_POINT('',(0.,0.));
#2242 = VECTOR('',#2243,1.);
#2243 = DIRECTION('',(1.,0.));
#2244 = ( GEOMETRIC_REPRESENTATION_CONTEXT(2) 
PARAMETRIC_REPRESENTATION_CONTEXT() REPRESENTATION_CONTEXT('2D SPACE',''
  ) );
#2245 = ORIENTED_EDGE('',*,*,#2246,.T.);
#2246 = EDGE_CURVE('',#2219,#2247,#2249,.T.);
#2247 = VERTEX_POINT('',#2248);
#2248 = CARTESIAN_POINT('',(82.5,140.,53.4));
#2249 = SURFACE_CURVE('',#2250,(#2254,#2261),.PCURVE_S1.);
#2250 = LINE('',#2251,#2252);
#2251 = CARTESIAN_POINT('',(82.5,139.,53.4));
#2252 = VECTOR('',#2253,1.);
#2253 = DIRECTION('',(0.,1.,1.110223024625E-16));
#2254 = PCURVE('',#235,#2255);
#2255 = DEFINITIONAL_REPRESENTATION('',(#2256),#2260);
#2256 = LINE('',#2257,#2258);
#2257 = CARTESIAN_POINT('',(-39.85983263598,1.443514644351));
#2258 = VECTOR('',#2259,1.);
#2259 = DIRECTION('',(-1.,0.));
#2260 = ( GEOMETRIC_REPRESENTATION_CONTEXT(2) 
PARAMETRIC_REPRESENTATION_CONTEXT() REPRESENTATION_CONTEXT('2D SPACE',''
  ) );
#2261 = PCURVE('',#2262,#2267);
#2262 = PLANE('',#2263);
#2263 = AXIS2_PLACEMENT_3D('',#2264,#2265,#2266);
#2264 = CARTESIAN_POINT('',(82.5,139.,53.4));
#2265 = DIRECTION('',(1.,0.,0.));
#2266 = DIRECTION('',(0.,1.,1.110223024625E-16));
#2267 = DEFINITIONAL_REPRESENTATION('',(#2268),#2272);
#2268 = LINE('',#2269,#2270);
#2269 = CARTESIAN_POINT('',(0.,0.));
#2270 = VECTOR('',#2271,1.);
#2271 = DIRECTION('',(1.,0.));
#2272 = ( GEOMETRIC_REPRESENTATION_CONTEXT(2) 
PARAMETRIC_REPRESENTATION_CONTEXT() REPRESENTATION_CONTEXT('2D SPACE',''
  ) );
#2273 = ORIENTED_EDGE('',*,*,#2274,.T.);
#2274 = EDGE_CURVE('',#2247,#1877,#2275,.T.);
#2275 = SURFACE_CURVE('',#2276,(#2280,#2287),.PCURVE_S1.);
#2276 = LINE('',#2277,#2278);
#2277 = CARTESIAN_POINT('',(157.5,140.,53.4));
#2278 = VECTOR('',#2279,1.);
#2279 = DIRECTION('',(-1.,0.,0.));
#2280 = PCURVE('',#235,#2281);
#2281 = DEFINITIONAL_REPRESENTATION('',(#2282),#2286);
#2282 = LINE('',#2283,#2284);
#2283 = CARTESIAN_POINT('',(-40.85983263598,76.443514644351));
#2284 = VECTOR('',#2285,1.);
#2285 = DIRECTION('',(-0.,-1.));
#2286 = ( GEOMETRIC_REPRESENTATION_CONTEXT(2) 
PARAMETRIC_REPRESENTATION_CONTEXT() REPRESENTATION_CONTEXT('2D SPACE',''
  ) );
#2287 = PCURVE('',#485,#2288);
#2288 = DEFINITIONAL_REPRESENTATION('',(#2289),#2293);
#2289 = LINE('',#2290,#2291);
#2290 = CARTESIAN_POINT('',(0.,-108.5));
#2291 = VECTOR('',#2292,1.);
#2292 = DIRECTION('',(1.,0.));
#2293 = ( GEOMETRIC_REPRESENTATION_CONTEXT(2) 
PARAMETRIC_REPRESENTATION_CONTEXT() REPRESENTATION_CONTEXT('2D SPACE',''
  ) );
#2294 = ORIENTED_EDGE('',*,*,#1899,.F.);
#2295 = ORIENTED_EDGE('',*,*,#2296,.F.);
#2296 = EDGE_CURVE('',#2297,#1900,#2299,.T.);
#2297 = VERTEX_POINT('',#2298);
#2298 = CARTESIAN_POINT('',(142.,131.,53.4));
#2299 = SURFACE_CURVE('',#2300,(#2304,#2311),.PCURVE_S1.);
#2300 = LINE('',#2301,#2302);
#2301 = CARTESIAN_POINT('',(55.028242677824,131.,53.4));
#2302 = VECTOR('',#2303,1.);
#2303 = DIRECTION('',(-1.,0.,0.));
#2304 = PCURVE('',#235,#2305);
#2305 = DEFINITIONAL_REPRESENTATION('',(#2306),#2310);
#2306 = LINE('',#2307,#2308);
#2307 = CARTESIAN_POINT('',(-31.85983263598,-26.02824267782));
#2308 = VECTOR('',#2309,1.);
#2309 = DIRECTION('',(-0.,-1.));
#2310 = ( GEOMETRIC_REPRESENTATION_CONTEXT(2) 
PARAMETRIC_REPRESENTATION_CONTEXT() REPRESENTATION_CONTEXT('2D SPACE',''
  ) );
#2311 = PCURVE('',#1938,#2312);
#2312 = DEFINITIONAL_REPRESENTATION('',(#2313),#2317);
#2313 = LINE('',#2314,#2315);
#2314 = CARTESIAN_POINT('',(26.028242677824,5.5));
#2315 = VECTOR('',#2316,1.);
#2316 = DIRECTION('',(-1.,0.));
#2317 = ( GEOMETRIC_REPRESENTATION_CONTEXT(2) 
PARAMETRIC_REPRESENTATION_CONTEXT() REPRESENTATION_CONTEXT('2D SPACE',''
  ) );
#2318 = ORIENTED_EDGE('',*,*,#2319,.F.);
#2319 = EDGE_CURVE('',#2320,#2297,#2322,.T.);
#2320 = VERTEX_POINT('',#2321);
#2321 = CARTESIAN_POINT('',(142.,87.,53.4));
#2322 = SURFACE_CURVE('',#2323,(#2327,#2334),.PCURVE_S1.);
#2323 = LINE('',#2324,#2325);
#2324 = CARTESIAN_POINT('',(142.,93.070083682008,53.4));
#2325 = VECTOR('',#2326,1.);
#2326 = DIRECTION('',(0.,1.,1.110223024625E-16));
#2327 = PCURVE('',#235,#2328);
#2328 = DEFINITIONAL_REPRESENTATION('',(#2329),#2333);
#2329 = LINE('',#2330,#2331);
#2330 = CARTESIAN_POINT('',(6.070083682008,60.943514644351));
#2331 = VECTOR('',#2332,1.);
#2332 = DIRECTION('',(-1.,0.));
#2333 = ( GEOMETRIC_REPRESENTATION_CONTEXT(2) 
PARAMETRIC_REPRESENTATION_CONTEXT() REPRESENTATION_CONTEXT('2D SPACE',''
  ) );
#2334 = PCURVE('',#2335,#2340);
#2335 = PLANE('',#2336);
#2336 = AXIS2_PLACEMENT_3D('',#2337,#2338,#2339);
#2337 = CARTESIAN_POINT('',(142.,87.,58.9));
#2338 = DIRECTION('',(1.,0.,0.));
#2339 = DIRECTION('',(0.,1.,1.110223024625E-16));
#2340 = DEFINITIONAL_REPRESENTATION('',(#2341),#2345);
#2341 = LINE('',#2342,#2343);
#2342 = CARTESIAN_POINT('',(6.070083682008,-5.5));
#2343 = VECTOR('',#2344,1.);
#2344 = DIRECTION('',(1.,0.));
#2345 = ( GEOMETRIC_REPRESENTATION_CONTEXT(2) 
PARAMETRIC_REPRESENTATION_CONTEXT() REPRESENTATION_CONTEXT('2D SPACE',''
  ) );
#2346 = ORIENTED_EDGE('',*,*,#2347,.T.);
#2347 = EDGE_CURVE('',#2320,#1646,#2348,.T.);
#2348 = SURFACE_CURVE('',#2349,(#2353,#2360),.PCURVE_S1.);
#2349 = LINE('',#2350,#2351);
#2350 = CARTESIAN_POINT('',(55.028242677824,87.,53.4));
#2351 = VECTOR('',#2352,1.);
#2352 = DIRECTION('',(-1.,0.,0.));
#2353 = PCURVE('',#235,#2354);
#2354 = DEFINITIONAL_REPRESENTATION('',(#2355),#2359);
#2355 = LINE('',#2356,#2357);
#2356 = CARTESIAN_POINT('',(12.140167364017,-26.02824267782));
#2357 = VECTOR('',#2358,1.);
#2358 = DIRECTION('',(-0.,-1.));
#2359 = ( GEOMETRIC_REPRESENTATION_CONTEXT(2) 
PARAMETRIC_REPRESENTATION_CONTEXT() REPRESENTATION_CONTEXT('2D SPACE',''
  ) );
#2360 = PCURVE('',#1661,#2361);
#2361 = DEFINITIONAL_REPRESENTATION('',(#2362),#2366);
#2362 = LINE('',#2363,#2364);
#2363 = CARTESIAN_POINT('',(26.028242677824,5.5));
#2364 = VECTOR('',#2365,1.);
#2365 = DIRECTION('',(-1.,0.));
#2366 = ( GEOMETRIC_REPRESENTATION_CONTEXT(2) 
PARAMETRIC_REPRESENTATION_CONTEXT() REPRESENTATION_CONTEXT('2D SPACE',''
  ) );
#2367 = ADVANCED_FACE('',(#2368),#207,.F.);
#2368 = FACE_BOUND('',#2369,.F.);
#2369 = EDGE_LOOP('',(#2370,#2393,#2414,#2415));
#2370 = ORIENTED_EDGE('',*,*,#2371,.T.);
#2371 = EDGE_CURVE('',#169,#2372,#2374,.T.);
#2372 = VERTEX_POINT('',#2373);
#2373 = CARTESIAN_POINT('',(35.5,48.,56.4));
#2374 = SURFACE_CURVE('',#2375,(#2379,#2386),.PCURVE_S1.);
#2375 = LINE('',#2376,#2377);
#2376 = CARTESIAN_POINT('',(35.5,69.,56.4));
#2377 = VECTOR('',#2378,1.);
#2378 = DIRECTION('',(0.,-1.,-1.110223024625E-16));
#2379 = PCURVE('',#207,#2380);
#2380 = DEFINITIONAL_REPRESENTATION('',(#2381),#2385);
#2381 = LINE('',#2382,#2383);
#2382 = CARTESIAN_POINT('',(-1.665334536938E-16,-1.5));
#2383 = VECTOR('',#2384,1.);
#2384 = DIRECTION('',(1.,0.));
#2385 = ( GEOMETRIC_REPRESENTATION_CONTEXT(2) 
PARAMETRIC_REPRESENTATION_CONTEXT() REPRESENTATION_CONTEXT('2D SPACE',''
  ) );
#2386 = PCURVE('',#1633,#2387);
#2387 = DEFINITIONAL_REPRESENTATION('',(#2388),#2392);
#2388 = LINE('',#2389,#2390);
#2389 = CARTESIAN_POINT('',(30.140167364017,-45.55648535564));
#2390 = VECTOR('',#2391,1.);
#2391 = DIRECTION('',(1.,0.));
#2392 = ( GEOMETRIC_REPRESENTATION_CONTEXT(2) 
PARAMETRIC_REPRESENTATION_CONTEXT() REPRESENTATION_CONTEXT('2D SPACE',''
  ) );
#2393 = ORIENTED_EDGE('',*,*,#2394,.F.);
#2394 = EDGE_CURVE('',#1977,#2372,#2395,.T.);
#2395 = SURFACE_CURVE('',#2396,(#2400,#2407),.PCURVE_S1.);
#2396 = LINE('',#2397,#2398);
#2397 = CARTESIAN_POINT('',(35.5,48.,53.4));
#2398 = VECTOR('',#2399,1.);
#2399 = DIRECTION('',(0.,-1.110223024625E-16,1.));
#2400 = PCURVE('',#207,#2401);
#2401 = DEFINITIONAL_REPRESENTATION('',(#2402),#2406);
#2402 = LINE('',#2403,#2404);
#2403 = CARTESIAN_POINT('',(21.,1.5));
#2404 = VECTOR('',#2405,1.);
#2405 = DIRECTION('',(0.,-1.));
#2406 = ( GEOMETRIC_REPRESENTATION_CONTEXT(2) 
PARAMETRIC_REPRESENTATION_CONTEXT() REPRESENTATION_CONTEXT('2D SPACE',''
  ) );
#2407 = PCURVE('',#2015,#2408);
#2408 = DEFINITIONAL_REPRESENTATION('',(#2409),#2413);
#2409 = LINE('',#2410,#2411);
#2410 = CARTESIAN_POINT('',(0.,1.5));
#2411 = VECTOR('',#2412,1.);
#2412 = DIRECTION('',(0.,-1.));
#2413 = ( GEOMETRIC_REPRESENTATION_CONTEXT(2) 
PARAMETRIC_REPRESENTATION_CONTEXT() REPRESENTATION_CONTEXT('2D SPACE',''
  ) );
#2414 = ORIENTED_EDGE('',*,*,#1976,.F.);
#2415 = ORIENTED_EDGE('',*,*,#191,.T.);
#2416 = ADVANCED_FACE('',(#2417),#72,.T.);
#2417 = FACE_BOUND('',#2418,.T.);
#2418 = EDGE_LOOP('',(#2419,#2442,#2443,#2444,#2467,#2495,#2516,#2517,
    #2540,#2568,#2596,#2624));
#2419 = ORIENTED_EDGE('',*,*,#2420,.T.);
#2420 = EDGE_CURVE('',#2421,#468,#2423,.T.);
#2421 = VERTEX_POINT('',#2422);
#2422 = CARTESIAN_POINT('',(35.5,140.,56.4));
#2423 = SURFACE_CURVE('',#2424,(#2428,#2435),.PCURVE_S1.);
#2424 = LINE('',#2425,#2426);
#2425 = CARTESIAN_POINT('',(157.5,140.,56.4));
#2426 = VECTOR('',#2427,1.);
#2427 = DIRECTION('',(-1.,0.,0.));
#2428 = PCURVE('',#72,#2429);
#2429 = DEFINITIONAL_REPRESENTATION('',(#2430),#2434);
#2430 = LINE('',#2431,#2432);
#2431 = CARTESIAN_POINT('',(-40.85983263598,76.443514644351));
#2432 = VECTOR('',#2433,1.);
#2433 = DIRECTION('',(-0.,-1.));
#2434 = ( GEOMETRIC_REPRESENTATION_CONTEXT(2) 
PARAMETRIC_REPRESENTATION_CONTEXT() REPRESENTATION_CONTEXT('2D SPACE',''
  ) );
#2435 = PCURVE('',#485,#2436);
#2436 = DEFINITIONAL_REPRESENTATION('',(#2437),#2441);
#2437 = LINE('',#2438,#2439);
#2438 = CARTESIAN_POINT('',(0.,-111.5));
#2439 = VECTOR('',#2440,1.);
#2440 = DIRECTION('',(1.,0.));
#2441 = ( GEOMETRIC_REPRESENTATION_CONTEXT(2) 
PARAMETRIC_REPRESENTATION_CONTEXT() REPRESENTATION_CONTEXT('2D SPACE',''
  ) );
#2442 = ORIENTED_EDGE('',*,*,#497,.T.);
#2443 = ORIENTED_EDGE('',*,*,#56,.T.);
#2444 = ORIENTED_EDGE('',*,*,#2445,.T.);
#2445 = EDGE_CURVE('',#57,#2446,#2448,.T.);
#2446 = VERTEX_POINT('',#2447);
#2447 = CARTESIAN_POINT('',(14.5,73.,56.4));
#2448 = SURFACE_CURVE('',#2449,(#2453,#2460),.PCURVE_S1.);
#2449 = LINE('',#2450,#2451);
#2450 = CARTESIAN_POINT('',(14.5,82.070083682008,56.4));
#2451 = VECTOR('',#2452,1.);
#2452 = DIRECTION('',(0.,1.,1.110223024625E-16));
#2453 = PCURVE('',#72,#2454);
#2454 = DEFINITIONAL_REPRESENTATION('',(#2455),#2459);
#2455 = LINE('',#2456,#2457);
#2456 = CARTESIAN_POINT('',(17.070083682008,-66.55648535564));
#2457 = VECTOR('',#2458,1.);
#2458 = DIRECTION('',(-1.,0.));
#2459 = ( GEOMETRIC_REPRESENTATION_CONTEXT(2) 
PARAMETRIC_REPRESENTATION_CONTEXT() REPRESENTATION_CONTEXT('2D SPACE',''
  ) );
#2460 = PCURVE('',#100,#2461);
#2461 = DEFINITIONAL_REPRESENTATION('',(#2462),#2466);
#2462 = LINE('',#2463,#2464);
#2463 = CARTESIAN_POINT('',(17.070083682008,96.5));
#2464 = VECTOR('',#2465,1.);
#2465 = DIRECTION('',(1.,0.));
#2466 = ( GEOMETRIC_REPRESENTATION_CONTEXT(2) 
PARAMETRIC_REPRESENTATION_CONTEXT() REPRESENTATION_CONTEXT('2D SPACE',''
  ) );
#2467 = ORIENTED_EDGE('',*,*,#2468,.F.);
#2468 = EDGE_CURVE('',#2469,#2446,#2471,.T.);
#2469 = VERTEX_POINT('',#2470);
#2470 = CARTESIAN_POINT('',(30.5,73.,56.4));
#2471 = SURFACE_CURVE('',#2472,(#2476,#2483),.PCURVE_S1.);
#2472 = LINE('',#2473,#2474);
#2473 = CARTESIAN_POINT('',(47.778242677824,73.,56.4));
#2474 = VECTOR('',#2475,1.);
#2475 = DIRECTION('',(-1.,0.,0.));
#2476 = PCURVE('',#72,#2477);
#2477 = DEFINITIONAL_REPRESENTATION('',(#2478),#2482);
#2478 = LINE('',#2479,#2480);
#2479 = CARTESIAN_POINT('',(26.140167364017,-33.27824267782));
#2480 = VECTOR('',#2481,1.);
#2481 = DIRECTION('',(-0.,-1.));
#2482 = ( GEOMETRIC_REPRESENTATION_CONTEXT(2) 
PARAMETRIC_REPRESENTATION_CONTEXT() REPRESENTATION_CONTEXT('2D SPACE',''
  ) );
#2483 = PCURVE('',#2484,#2489);
#2484 = PLANE('',#2485);
#2485 = AXIS2_PLACEMENT_3D('',#2486,#2487,#2488);
#2486 = CARTESIAN_POINT('',(14.5,73.,65.9));
#2487 = DIRECTION('',(0.,1.,1.110223024625E-16));
#2488 = DIRECTION('',(1.,0.,0.));
#2489 = DEFINITIONAL_REPRESENTATION('',(#2490),#2494);
#2490 = LINE('',#2491,#2492);
#2491 = CARTESIAN_POINT('',(33.278242677824,9.5));
#2492 = VECTOR('',#2493,1.);
#2493 = DIRECTION('',(-1.,0.));
#2494 = ( GEOMETRIC_REPRESENTATION_CONTEXT(2) 
PARAMETRIC_REPRESENTATION_CONTEXT() REPRESENTATION_CONTEXT('2D SPACE',''
  ) );
#2495 = ORIENTED_EDGE('',*,*,#2496,.F.);
#2496 = EDGE_CURVE('',#141,#2469,#2497,.T.);
#2497 = SURFACE_CURVE('',#2498,(#2502,#2509),.PCURVE_S1.);
#2498 = LINE('',#2499,#2500);
#2499 = CARTESIAN_POINT('',(30.5,82.070083682008,56.4));
#2500 = VECTOR('',#2501,1.);
#2501 = DIRECTION('',(0.,1.,1.110223024625E-16));
#2502 = PCURVE('',#72,#2503);
#2503 = DEFINITIONAL_REPRESENTATION('',(#2504),#2508);
#2504 = LINE('',#2505,#2506);
#2505 = CARTESIAN_POINT('',(17.070083682008,-50.55648535564));
#2506 = VECTOR('',#2507,1.);
#2507 = DIRECTION('',(-1.,0.));
#2508 = ( GEOMETRIC_REPRESENTATION_CONTEXT(2) 
PARAMETRIC_REPRESENTATION_CONTEXT() REPRESENTATION_CONTEXT('2D SPACE',''
  ) );
#2509 = PCURVE('',#156,#2510);
#2510 = DEFINITIONAL_REPRESENTATION('',(#2511),#2515);
#2511 = LINE('',#2512,#2513);
#2512 = CARTESIAN_POINT('',(17.070083682008,96.5));
#2513 = VECTOR('',#2514,1.);
#2514 = DIRECTION('',(1.,0.));
#2515 = ( GEOMETRIC_REPRESENTATION_CONTEXT(2) 
PARAMETRIC_REPRESENTATION_CONTEXT() REPRESENTATION_CONTEXT('2D SPACE',''
  ) );
#2516 = ORIENTED_EDGE('',*,*,#168,.T.);
#2517 = ORIENTED_EDGE('',*,*,#2518,.T.);
#2518 = EDGE_CURVE('',#169,#2519,#2521,.T.);
#2519 = VERTEX_POINT('',#2520);
#2520 = CARTESIAN_POINT('',(35.5,87.,56.4));
#2521 = SURFACE_CURVE('',#2522,(#2526,#2533),.PCURVE_S1.);
#2522 = LINE('',#2523,#2524);
#2523 = CARTESIAN_POINT('',(35.5,84.070083682008,56.4));
#2524 = VECTOR('',#2525,1.);
#2525 = DIRECTION('',(0.,1.,1.110223024625E-16));
#2526 = PCURVE('',#72,#2527);
#2527 = DEFINITIONAL_REPRESENTATION('',(#2528),#2532);
#2528 = LINE('',#2529,#2530);
#2529 = CARTESIAN_POINT('',(15.070083682008,-45.55648535564));
#2530 = VECTOR('',#2531,1.);
#2531 = DIRECTION('',(-1.,0.));
#2532 = ( GEOMETRIC_REPRESENTATION_CONTEXT(2) 
PARAMETRIC_REPRESENTATION_CONTEXT() REPRESENTATION_CONTEXT('2D SPACE',''
  ) );
#2533 = PCURVE('',#1365,#2534);
#2534 = DEFINITIONAL_REPRESENTATION('',(#2535),#2539);
#2535 = LINE('',#2536,#2537);
#2536 = CARTESIAN_POINT('',(15.070083682008,-0.5));
#2537 = VECTOR('',#2538,1.);
#2538 = DIRECTION('',(1.,0.));
#2539 = ( GEOMETRIC_REPRESENTATION_CONTEXT(2) 
PARAMETRIC_REPRESENTATION_CONTEXT() REPRESENTATION_CONTEXT('2D SPACE',''
  ) );
#2540 = ORIENTED_EDGE('',*,*,#2541,.T.);
#2541 = EDGE_CURVE('',#2519,#2542,#2544,.T.);
#2542 = VERTEX_POINT('',#2543);
#2543 = CARTESIAN_POINT('',(29.,87.,56.4));
#2544 = SURFACE_CURVE('',#2545,(#2549,#2556),.PCURVE_S1.);
#2545 = LINE('',#2546,#2547);
#2546 = CARTESIAN_POINT('',(55.028242677824,87.,56.4));
#2547 = VECTOR('',#2548,1.);
#2548 = DIRECTION('',(-1.,0.,0.));
#2549 = PCURVE('',#72,#2550);
#2550 = DEFINITIONAL_REPRESENTATION('',(#2551),#2555);
#2551 = LINE('',#2552,#2553);
#2552 = CARTESIAN_POINT('',(12.140167364017,-26.02824267782));
#2553 = VECTOR('',#2554,1.);
#2554 = DIRECTION('',(-0.,-1.));
#2555 = ( GEOMETRIC_REPRESENTATION_CONTEXT(2) 
PARAMETRIC_REPRESENTATION_CONTEXT() REPRESENTATION_CONTEXT('2D SPACE',''
  ) );
#2556 = PCURVE('',#2557,#2562);
#2557 = PLANE('',#2558);
#2558 = AXIS2_PLACEMENT_3D('',#2559,#2560,#2561);
#2559 = CARTESIAN_POINT('',(29.,87.,58.9));
#2560 = DIRECTION('',(0.,1.,1.110223024625E-16));
#2561 = DIRECTION('',(1.,0.,0.));
#2562 = DEFINITIONAL_REPRESENTATION('',(#2563),#2567);
#2563 = LINE('',#2564,#2565);
#2564 = CARTESIAN_POINT('',(26.028242677824,2.5));
#2565 = VECTOR('',#2566,1.);
#2566 = DIRECTION('',(-1.,0.));
#2567 = ( GEOMETRIC_REPRESENTATION_CONTEXT(2) 
PARAMETRIC_REPRESENTATION_CONTEXT() REPRESENTATION_CONTEXT('2D SPACE',''
  ) );
#2568 = ORIENTED_EDGE('',*,*,#2569,.T.);
#2569 = EDGE_CURVE('',#2542,#2570,#2572,.T.);
#2570 = VERTEX_POINT('',#2571);
#2571 = CARTESIAN_POINT('',(29.,131.,56.4));
#2572 = SURFACE_CURVE('',#2573,(#2577,#2584),.PCURVE_S1.);
#2573 = LINE('',#2574,#2575);
#2574 = CARTESIAN_POINT('',(29.,93.070083682008,56.4));
#2575 = VECTOR('',#2576,1.);
#2576 = DIRECTION('',(0.,1.,1.110223024625E-16));
#2577 = PCURVE('',#72,#2578);
#2578 = DEFINITIONAL_REPRESENTATION('',(#2579),#2583);
#2579 = LINE('',#2580,#2581);
#2580 = CARTESIAN_POINT('',(6.070083682008,-52.05648535564));
#2581 = VECTOR('',#2582,1.);
#2582 = DIRECTION('',(-1.,0.));
#2583 = ( GEOMETRIC_REPRESENTATION_CONTEXT(2) 
PARAMETRIC_REPRESENTATION_CONTEXT() REPRESENTATION_CONTEXT('2D SPACE',''
  ) );
#2584 = PCURVE('',#2585,#2590);
#2585 = PLANE('',#2586);
#2586 = AXIS2_PLACEMENT_3D('',#2587,#2588,#2589);
#2587 = CARTESIAN_POINT('',(29.,87.,58.9));
#2588 = DIRECTION('',(1.,0.,0.));
#2589 = DIRECTION('',(0.,1.,1.110223024625E-16));
#2590 = DEFINITIONAL_REPRESENTATION('',(#2591),#2595);
#2591 = LINE('',#2592,#2593);
#2592 = CARTESIAN_POINT('',(6.070083682008,-2.5));
#2593 = VECTOR('',#2594,1.);
#2594 = DIRECTION('',(1.,0.));
#2595 = ( GEOMETRIC_REPRESENTATION_CONTEXT(2) 
PARAMETRIC_REPRESENTATION_CONTEXT() REPRESENTATION_CONTEXT('2D SPACE',''
  ) );
#2596 = ORIENTED_EDGE('',*,*,#2597,.F.);
#2597 = EDGE_CURVE('',#2598,#2570,#2600,.T.);
#2598 = VERTEX_POINT('',#2599);
#2599 = CARTESIAN_POINT('',(35.5,131.,56.4));
#2600 = SURFACE_CURVE('',#2601,(#2605,#2612),.PCURVE_S1.);
#2601 = LINE('',#2602,#2603);
#2602 = CARTESIAN_POINT('',(55.028242677824,131.,56.4));
#2603 = VECTOR('',#2604,1.);
#2604 = DIRECTION('',(-1.,0.,0.));
#2605 = PCURVE('',#72,#2606);
#2606 = DEFINITIONAL_REPRESENTATION('',(#2607),#2611);
#2607 = LINE('',#2608,#2609);
#2608 = CARTESIAN_POINT('',(-31.85983263598,-26.02824267782));
#2609 = VECTOR('',#2610,1.);
#2610 = DIRECTION('',(-0.,-1.));
#2611 = ( GEOMETRIC_REPRESENTATION_CONTEXT(2) 
PARAMETRIC_REPRESENTATION_CONTEXT() REPRESENTATION_CONTEXT('2D SPACE',''
  ) );
#2612 = PCURVE('',#2613,#2618);
#2613 = PLANE('',#2614);
#2614 = AXIS2_PLACEMENT_3D('',#2615,#2616,#2617);
#2615 = CARTESIAN_POINT('',(29.,131.,58.9));
#2616 = DIRECTION('',(0.,1.,1.110223024625E-16));
#2617 = DIRECTION('',(1.,0.,0.));
#2618 = DEFINITIONAL_REPRESENTATION('',(#2619),#2623);
#2619 = LINE('',#2620,#2621);
#2620 = CARTESIAN_POINT('',(26.028242677824,2.5));
#2621 = VECTOR('',#2622,1.);
#2622 = DIRECTION('',(-1.,0.));
#2623 = ( GEOMETRIC_REPRESENTATION_CONTEXT(2) 
PARAMETRIC_REPRESENTATION_CONTEXT() REPRESENTATION_CONTEXT('2D SPACE',''
  ) );
#2624 = ORIENTED_EDGE('',*,*,#2625,.T.);
#2625 = EDGE_CURVE('',#2598,#2421,#2626,.T.);
#2626 = SURFACE_CURVE('',#2627,(#2631,#2638),.PCURVE_S1.);
#2627 = LINE('',#2628,#2629);
#2628 = CARTESIAN_POINT('',(35.5,84.070083682008,56.4));
#2629 = VECTOR('',#2630,1.);
#2630 = DIRECTION('',(0.,1.,1.110223024625E-16));
#2631 = PCURVE('',#72,#2632);
#2632 = DEFINITIONAL_REPRESENTATION('',(#2633),#2637);
#2633 = LINE('',#2634,#2635);
#2634 = CARTESIAN_POINT('',(15.070083682008,-45.55648535564));
#2635 = VECTOR('',#2636,1.);
#2636 = DIRECTION('',(-1.,0.));
#2637 = ( GEOMETRIC_REPRESENTATION_CONTEXT(2) 
PARAMETRIC_REPRESENTATION_CONTEXT() REPRESENTATION_CONTEXT('2D SPACE',''
  ) );
#2638 = PCURVE('',#1365,#2639);
#2639 = DEFINITIONAL_REPRESENTATION('',(#2640),#2644);
#2640 = LINE('',#2641,#2642);
#2641 = CARTESIAN_POINT('',(15.070083682008,-0.5));
#2642 = VECTOR('',#2643,1.);
#2643 = DIRECTION('',(1.,0.));
#2644 = ( GEOMETRIC_REPRESENTATION_CONTEXT(2) 
PARAMETRIC_REPRESENTATION_CONTEXT() REPRESENTATION_CONTEXT('2D SPACE',''
  ) );
#2645 = ADVANCED_FACE('',(#2646),#156,.T.);
#2646 = FACE_BOUND('',#2647,.T.);
#2647 = EDGE_LOOP('',(#2648,#2678,#2706,#2727,#2728,#2729,#2752,#2780,
    #2808,#2836,#2864,#2892,#2920,#2948));
#2648 = ORIENTED_EDGE('',*,*,#2649,.T.);
#2649 = EDGE_CURVE('',#2650,#2652,#2654,.T.);
#2650 = VERTEX_POINT('',#2651);
#2651 = CARTESIAN_POINT('',(30.5,24.5,5.495603971895E-15));
#2652 = VERTEX_POINT('',#2653);
#2653 = CARTESIAN_POINT('',(30.5,29.5,6.050715484207E-15));
#2654 = SURFACE_CURVE('',#2655,(#2659,#2666),.PCURVE_S1.);
#2655 = LINE('',#2656,#2657);
#2656 = CARTESIAN_POINT('',(30.5,-25.,0.));
#2657 = VECTOR('',#2658,1.);
#2658 = DIRECTION('',(0.,1.,1.110223024625E-16));
#2659 = PCURVE('',#156,#2660);
#2660 = DEFINITIONAL_REPRESENTATION('',(#2661),#2665);
#2661 = LINE('',#2662,#2663);
#2662 = CARTESIAN_POINT('',(-90.,40.1));
#2663 = VECTOR('',#2664,1.);
#2664 = DIRECTION('',(1.,0.));
#2665 = ( GEOMETRIC_REPRESENTATION_CONTEXT(2) 
PARAMETRIC_REPRESENTATION_CONTEXT() REPRESENTATION_CONTEXT('2D SPACE',''
  ) );
#2666 = PCURVE('',#2667,#2672);
#2667 = PLANE('',#2668);
#2668 = AXIS2_PLACEMENT_3D('',#2669,#2670,#2671);
#2669 = CARTESIAN_POINT('',(-107.5,-115.,-9.992007221626E-15));
#2670 = DIRECTION('',(0.,1.110223024625E-16,-1.));
#2671 = DIRECTION('',(0.,1.,1.110223024625E-16));
#2672 = DEFINITIONAL_REPRESENTATION('',(#2673),#2677);
#2673 = LINE('',#2674,#2675);
#2674 = CARTESIAN_POINT('',(90.,138.));
#2675 = VECTOR('',#2676,1.);
#2676 = DIRECTION('',(1.,0.));
#2677 = ( GEOMETRIC_REPRESENTATION_CONTEXT(2) 
PARAMETRIC_REPRESENTATION_CONTEXT() REPRESENTATION_CONTEXT('2D SPACE',''
  ) );
#2678 = ORIENTED_EDGE('',*,*,#2679,.F.);
#2679 = EDGE_CURVE('',#2680,#2652,#2682,.T.);
#2680 = VERTEX_POINT('',#2681);
#2681 = CARTESIAN_POINT('',(30.5,29.5,39.9));
#2682 = SURFACE_CURVE('',#2683,(#2687,#2694),.PCURVE_S1.);
#2683 = LINE('',#2684,#2685);
#2684 = CARTESIAN_POINT('',(30.5,29.5,42.9));
#2685 = VECTOR('',#2686,1.);
#2686 = DIRECTION('',(0.,1.110223024625E-16,-1.));
#2687 = PCURVE('',#156,#2688);
#2688 = DEFINITIONAL_REPRESENTATION('',(#2689),#2693);
#2689 = LINE('',#2690,#2691);
#2690 = CARTESIAN_POINT('',(-35.5,83.));
#2691 = VECTOR('',#2692,1.);
#2692 = DIRECTION('',(0.,-1.));
#2693 = ( GEOMETRIC_REPRESENTATION_CONTEXT(2) 
PARAMETRIC_REPRESENTATION_CONTEXT() REPRESENTATION_CONTEXT('2D SPACE',''
  ) );
#2694 = PCURVE('',#2695,#2700);
#2695 = PLANE('',#2696);
#2696 = AXIS2_PLACEMENT_3D('',#2697,#2698,#2699);
#2697 = CARTESIAN_POINT('',(14.5,29.5,42.9));
#2698 = DIRECTION('',(0.,1.,1.110223024625E-16));
#2699 = DIRECTION('',(1.,0.,0.));
#2700 = DEFINITIONAL_REPRESENTATION('',(#2701),#2705);
#2701 = LINE('',#2702,#2703);
#2702 = CARTESIAN_POINT('',(16.,0.));
#2703 = VECTOR('',#2704,1.);
#2704 = DIRECTION('',(0.,1.));
#2705 = ( GEOMETRIC_REPRESENTATION_CONTEXT(2) 
PARAMETRIC_REPRESENTATION_CONTEXT() REPRESENTATION_CONTEXT('2D SPACE',''
  ) );
#2706 = ORIENTED_EDGE('',*,*,#2707,.T.);
#2707 = EDGE_CURVE('',#2680,#113,#2708,.T.);
#2708 = SURFACE_CURVE('',#2709,(#2713,#2720),.PCURVE_S1.);
#2709 = LINE('',#2710,#2711);
#2710 = CARTESIAN_POINT('',(30.5,29.5,39.9));
#2711 = VECTOR('',#2712,1.);
#2712 = DIRECTION('',(0.,1.,1.110223024625E-16));
#2713 = PCURVE('',#156,#2714);
#2714 = DEFINITIONAL_REPRESENTATION('',(#2715),#2719);
#2715 = LINE('',#2716,#2717);
#2716 = CARTESIAN_POINT('',(-35.5,80.));
#2717 = VECTOR('',#2718,1.);
#2718 = DIRECTION('',(1.,0.));
#2719 = ( GEOMETRIC_REPRESENTATION_CONTEXT(2) 
PARAMETRIC_REPRESENTATION_CONTEXT() REPRESENTATION_CONTEXT('2D SPACE',''
  ) );
#2720 = PCURVE('',#128,#2721);
#2721 = DEFINITIONAL_REPRESENTATION('',(#2722),#2726);
#2722 = LINE('',#2723,#2724);
#2723 = CARTESIAN_POINT('',(-12.5,8.));
#2724 = VECTOR('',#2725,1.);
#2725 = DIRECTION('',(1.,0.));
#2726 = ( GEOMETRIC_REPRESENTATION_CONTEXT(2) 
PARAMETRIC_REPRESENTATION_CONTEXT() REPRESENTATION_CONTEXT('2D SPACE',''
  ) );
#2727 = ORIENTED_EDGE('',*,*,#140,.F.);
#2728 = ORIENTED_EDGE('',*,*,#2496,.T.);
#2729 = ORIENTED_EDGE('',*,*,#2730,.F.);
#2730 = EDGE_CURVE('',#2731,#2469,#2733,.T.);
#2731 = VERTEX_POINT('',#2732);
#2732 = CARTESIAN_POINT('',(30.5,73.,65.9));
#2733 = SURFACE_CURVE('',#2734,(#2738,#2745),.PCURVE_S1.);
#2734 = LINE('',#2735,#2736);
#2735 = CARTESIAN_POINT('',(30.5,73.,65.9));
#2736 = VECTOR('',#2737,1.);
#2737 = DIRECTION('',(0.,1.110223024625E-16,-1.));
#2738 = PCURVE('',#156,#2739);
#2739 = DEFINITIONAL_REPRESENTATION('',(#2740),#2744);
#2740 = LINE('',#2741,#2742);
#2741 = CARTESIAN_POINT('',(8.,106.));
#2742 = VECTOR('',#2743,1.);
#2743 = DIRECTION('',(0.,-1.));
#2744 = ( GEOMETRIC_REPRESENTATION_CONTEXT(2) 
PARAMETRIC_REPRESENTATION_CONTEXT() REPRESENTATION_CONTEXT('2D SPACE',''
  ) );
#2745 = PCURVE('',#2484,#2746);
#2746 = DEFINITIONAL_REPRESENTATION('',(#2747),#2751);
#2747 = LINE('',#2748,#2749);
#2748 = CARTESIAN_POINT('',(16.,0.));
#2749 = VECTOR('',#2750,1.);
#2750 = DIRECTION('',(0.,1.));
#2751 = ( GEOMETRIC_REPRESENTATION_CONTEXT(2) 
PARAMETRIC_REPRESENTATION_CONTEXT() REPRESENTATION_CONTEXT('2D SPACE',''
  ) );
#2752 = ORIENTED_EDGE('',*,*,#2753,.T.);
#2753 = EDGE_CURVE('',#2731,#2754,#2756,.T.);
#2754 = VERTEX_POINT('',#2755);
#2755 = CARTESIAN_POINT('',(30.5,15.,65.9));
#2756 = SURFACE_CURVE('',#2757,(#2761,#2768),.PCURVE_S1.);
#2757 = LINE('',#2758,#2759);
#2758 = CARTESIAN_POINT('',(30.5,73.,65.9));
#2759 = VECTOR('',#2760,1.);
#2760 = DIRECTION('',(0.,-1.,-1.110223024625E-16));
#2761 = PCURVE('',#156,#2762);
#2762 = DEFINITIONAL_REPRESENTATION('',(#2763),#2767);
#2763 = LINE('',#2764,#2765);
#2764 = CARTESIAN_POINT('',(8.,106.));
#2765 = VECTOR('',#2766,1.);
#2766 = DIRECTION('',(-1.,0.));
#2767 = ( GEOMETRIC_REPRESENTATION_CONTEXT(2) 
PARAMETRIC_REPRESENTATION_CONTEXT() REPRESENTATION_CONTEXT('2D SPACE',''
  ) );
#2768 = PCURVE('',#2769,#2774);
#2769 = PLANE('',#2770);
#2770 = AXIS2_PLACEMENT_3D('',#2771,#2772,#2773);
#2771 = CARTESIAN_POINT('',(14.5,65.,65.9));
#2772 = DIRECTION('',(0.,1.110223024625E-16,-1.));
#2773 = DIRECTION('',(0.,1.,1.110223024625E-16));
#2774 = DEFINITIONAL_REPRESENTATION('',(#2775),#2779);
#2775 = LINE('',#2776,#2777);
#2776 = CARTESIAN_POINT('',(8.,16.));
#2777 = VECTOR('',#2778,1.);
#2778 = DIRECTION('',(-1.,0.));
#2779 = ( GEOMETRIC_REPRESENTATION_CONTEXT(2) 
PARAMETRIC_REPRESENTATION_CONTEXT() REPRESENTATION_CONTEXT('2D SPACE',''
  ) );
#2780 = ORIENTED_EDGE('',*,*,#2781,.F.);
#2781 = EDGE_CURVE('',#2782,#2754,#2784,.T.);
#2782 = VERTEX_POINT('',#2783);
#2783 = CARTESIAN_POINT('',(30.5,15.,59.9));
#2784 = SURFACE_CURVE('',#2785,(#2789,#2796),.PCURVE_S1.);
#2785 = LINE('',#2786,#2787);
#2786 = CARTESIAN_POINT('',(30.5,15.,59.9));
#2787 = VECTOR('',#2788,1.);
#2788 = DIRECTION('',(0.,-1.110223024625E-16,1.));
#2789 = PCURVE('',#156,#2790);
#2790 = DEFINITIONAL_REPRESENTATION('',(#2791),#2795);
#2791 = LINE('',#2792,#2793);
#2792 = CARTESIAN_POINT('',(-50.,100.));
#2793 = VECTOR('',#2794,1.);
#2794 = DIRECTION('',(0.,1.));
#2795 = ( GEOMETRIC_REPRESENTATION_CONTEXT(2) 
PARAMETRIC_REPRESENTATION_CONTEXT() REPRESENTATION_CONTEXT('2D SPACE',''
  ) );
#2796 = PCURVE('',#2797,#2802);
#2797 = CYLINDRICAL_SURFACE('',#2798,8.);
#2798 = AXIS2_PLACEMENT_3D('',#2799,#2800,#2801);
#2799 = CARTESIAN_POINT('',(22.5,15.,65.9));
#2800 = DIRECTION('',(0.,1.110223024625E-16,-1.));
#2801 = DIRECTION('',(0.,1.,1.110223024625E-16));
#2802 = DEFINITIONAL_REPRESENTATION('',(#2803),#2807);
#2803 = LINE('',#2804,#2805);
#2804 = CARTESIAN_POINT('',(1.570796326795,6.));
#2805 = VECTOR('',#2806,1.);
#2806 = DIRECTION('',(0.,-1.));
#2807 = ( GEOMETRIC_REPRESENTATION_CONTEXT(2) 
PARAMETRIC_REPRESENTATION_CONTEXT() REPRESENTATION_CONTEXT('2D SPACE',''
  ) );
#2808 = ORIENTED_EDGE('',*,*,#2809,.F.);
#2809 = EDGE_CURVE('',#2810,#2782,#2812,.T.);
#2810 = VERTEX_POINT('',#2811);
#2811 = CARTESIAN_POINT('',(30.5,65.,59.9));
#2812 = SURFACE_CURVE('',#2813,(#2817,#2824),.PCURVE_S1.);
#2813 = LINE('',#2814,#2815);
#2814 = CARTESIAN_POINT('',(30.5,69.,59.9));
#2815 = VECTOR('',#2816,1.);
#2816 = DIRECTION('',(0.,-1.,-1.110223024625E-16));
#2817 = PCURVE('',#156,#2818);
#2818 = DEFINITIONAL_REPRESENTATION('',(#2819),#2823);
#2819 = LINE('',#2820,#2821);
#2820 = CARTESIAN_POINT('',(4.,100.));
#2821 = VECTOR('',#2822,1.);
#2822 = DIRECTION('',(-1.,0.));
#2823 = ( GEOMETRIC_REPRESENTATION_CONTEXT(2) 
PARAMETRIC_REPRESENTATION_CONTEXT() REPRESENTATION_CONTEXT('2D SPACE',''
  ) );
#2824 = PCURVE('',#2825,#2830);
#2825 = PLANE('',#2826);
#2826 = AXIS2_PLACEMENT_3D('',#2827,#2828,#2829);
#2827 = CARTESIAN_POINT('',(22.5,42.,59.9));
#2828 = DIRECTION('',(0.,1.110223024625E-16,-1.));
#2829 = DIRECTION('',(0.,1.,1.110223024625E-16));
#2830 = DEFINITIONAL_REPRESENTATION('',(#2831),#2835);
#2831 = LINE('',#2832,#2833);
#2832 = CARTESIAN_POINT('',(27.,8.));
#2833 = VECTOR('',#2834,1.);
#2834 = DIRECTION('',(-1.,0.));
#2835 = ( GEOMETRIC_REPRESENTATION_CONTEXT(2) 
PARAMETRIC_REPRESENTATION_CONTEXT() REPRESENTATION_CONTEXT('2D SPACE',''
  ) );
#2836 = ORIENTED_EDGE('',*,*,#2837,.T.);
#2837 = EDGE_CURVE('',#2810,#2838,#2840,.T.);
#2838 = VERTEX_POINT('',#2839);
#2839 = CARTESIAN_POINT('',(30.5,65.,45.9));
#2840 = SURFACE_CURVE('',#2841,(#2845,#2852),.PCURVE_S1.);
#2841 = LINE('',#2842,#2843);
#2842 = CARTESIAN_POINT('',(30.5,65.,65.9));
#2843 = VECTOR('',#2844,1.);
#2844 = DIRECTION('',(0.,1.110223024625E-16,-1.));
#2845 = PCURVE('',#156,#2846);
#2846 = DEFINITIONAL_REPRESENTATION('',(#2847),#2851);
#2847 = LINE('',#2848,#2849);
#2848 = CARTESIAN_POINT('',(-2.442490654175E-15,106.));
#2849 = VECTOR('',#2850,1.);
#2850 = DIRECTION('',(0.,-1.));
#2851 = ( GEOMETRIC_REPRESENTATION_CONTEXT(2) 
PARAMETRIC_REPRESENTATION_CONTEXT() REPRESENTATION_CONTEXT('2D SPACE',''
  ) );
#2852 = PCURVE('',#2853,#2858);
#2853 = PLANE('',#2854);
#2854 = AXIS2_PLACEMENT_3D('',#2855,#2856,#2857);
#2855 = CARTESIAN_POINT('',(14.5,65.,65.9));
#2856 = DIRECTION('',(0.,1.,1.110223024625E-16));
#2857 = DIRECTION('',(1.,0.,0.));
#2858 = DEFINITIONAL_REPRESENTATION('',(#2859),#2863);
#2859 = LINE('',#2860,#2861);
#2860 = CARTESIAN_POINT('',(16.,0.));
#2861 = VECTOR('',#2862,1.);
#2862 = DIRECTION('',(0.,1.));
#2863 = ( GEOMETRIC_REPRESENTATION_CONTEXT(2) 
PARAMETRIC_REPRESENTATION_CONTEXT() REPRESENTATION_CONTEXT('2D SPACE',''
  ) );
#2864 = ORIENTED_EDGE('',*,*,#2865,.T.);
#2865 = EDGE_CURVE('',#2838,#2866,#2868,.T.);
#2866 = VERTEX_POINT('',#2867);
#2867 = CARTESIAN_POINT('',(30.5,15.,45.9));
#2868 = SURFACE_CURVE('',#2869,(#2873,#2880),.PCURVE_S1.);
#2869 = LINE('',#2870,#2871);
#2870 = CARTESIAN_POINT('',(30.5,69.,45.9));
#2871 = VECTOR('',#2872,1.);
#2872 = DIRECTION('',(0.,-1.,-1.110223024625E-16));
#2873 = PCURVE('',#156,#2874);
#2874 = DEFINITIONAL_REPRESENTATION('',(#2875),#2879);
#2875 = LINE('',#2876,#2877);
#2876 = CARTESIAN_POINT('',(4.,86.));
#2877 = VECTOR('',#2878,1.);
#2878 = DIRECTION('',(-1.,0.));
#2879 = ( GEOMETRIC_REPRESENTATION_CONTEXT(2) 
PARAMETRIC_REPRESENTATION_CONTEXT() REPRESENTATION_CONTEXT('2D SPACE',''
  ) );
#2880 = PCURVE('',#2881,#2886);
#2881 = PLANE('',#2882);
#2882 = AXIS2_PLACEMENT_3D('',#2883,#2884,#2885);
#2883 = CARTESIAN_POINT('',(22.5,42.,45.9));
#2884 = DIRECTION('',(0.,1.110223024625E-16,-1.));
#2885 = DIRECTION('',(0.,1.,1.110223024625E-16));
#2886 = DEFINITIONAL_REPRESENTATION('',(#2887),#2891);
#2887 = LINE('',#2888,#2889);
#2888 = CARTESIAN_POINT('',(27.,8.));
#2889 = VECTOR('',#2890,1.);
#2890 = DIRECTION('',(-1.,0.));
#2891 = ( GEOMETRIC_REPRESENTATION_CONTEXT(2) 
PARAMETRIC_REPRESENTATION_CONTEXT() REPRESENTATION_CONTEXT('2D SPACE',''
  ) );
#2892 = ORIENTED_EDGE('',*,*,#2893,.F.);
#2893 = EDGE_CURVE('',#2894,#2866,#2896,.T.);
#2894 = VERTEX_POINT('',#2895);
#2895 = CARTESIAN_POINT('',(30.5,15.,39.9));
#2896 = SURFACE_CURVE('',#2897,(#2901,#2908),.PCURVE_S1.);
#2897 = LINE('',#2898,#2899);
#2898 = CARTESIAN_POINT('',(30.5,15.,39.9));
#2899 = VECTOR('',#2900,1.);
#2900 = DIRECTION('',(0.,-1.110223024625E-16,1.));
#2901 = PCURVE('',#156,#2902);
#2902 = DEFINITIONAL_REPRESENTATION('',(#2903),#2907);
#2903 = LINE('',#2904,#2905);
#2904 = CARTESIAN_POINT('',(-50.,80.));
#2905 = VECTOR('',#2906,1.);
#2906 = DIRECTION('',(0.,1.));
#2907 = ( GEOMETRIC_REPRESENTATION_CONTEXT(2) 
PARAMETRIC_REPRESENTATION_CONTEXT() REPRESENTATION_CONTEXT('2D SPACE',''
  ) );
#2908 = PCURVE('',#2909,#2914);
#2909 = CYLINDRICAL_SURFACE('',#2910,8.);
#2910 = AXIS2_PLACEMENT_3D('',#2911,#2912,#2913);
#2911 = CARTESIAN_POINT('',(22.5,15.,45.9));
#2912 = DIRECTION('',(0.,1.110223024625E-16,-1.));
#2913 = DIRECTION('',(0.,1.,1.110223024625E-16));
#2914 = DEFINITIONAL_REPRESENTATION('',(#2915),#2919);
#2915 = LINE('',#2916,#2917);
#2916 = CARTESIAN_POINT('',(1.570796326795,6.));
#2917 = VECTOR('',#2918,1.);
#2918 = DIRECTION('',(0.,-1.));
#2919 = ( GEOMETRIC_REPRESENTATION_CONTEXT(2) 
PARAMETRIC_REPRESENTATION_CONTEXT() REPRESENTATION_CONTEXT('2D SPACE',''
  ) );
#2920 = ORIENTED_EDGE('',*,*,#2921,.F.);
#2921 = EDGE_CURVE('',#2922,#2894,#2924,.T.);
#2922 = VERTEX_POINT('',#2923);
#2923 = CARTESIAN_POINT('',(30.5,24.5,39.9));
#2924 = SURFACE_CURVE('',#2925,(#2929,#2936),.PCURVE_S1.);
#2925 = LINE('',#2926,#2927);
#2926 = CARTESIAN_POINT('',(30.5,69.,39.9));
#2927 = VECTOR('',#2928,1.);
#2928 = DIRECTION('',(0.,-1.,-1.110223024625E-16));
#2929 = PCURVE('',#156,#2930);
#2930 = DEFINITIONAL_REPRESENTATION('',(#2931),#2935);
#2931 = LINE('',#2932,#2933);
#2932 = CARTESIAN_POINT('',(4.,80.));
#2933 = VECTOR('',#2934,1.);
#2934 = DIRECTION('',(-1.,0.));
#2935 = ( GEOMETRIC_REPRESENTATION_CONTEXT(2) 
PARAMETRIC_REPRESENTATION_CONTEXT() REPRESENTATION_CONTEXT('2D SPACE',''
  ) );
#2936 = PCURVE('',#2937,#2942);
#2937 = PLANE('',#2938);
#2938 = AXIS2_PLACEMENT_3D('',#2939,#2940,#2941);
#2939 = CARTESIAN_POINT('',(22.5,42.,39.9));
#2940 = DIRECTION('',(0.,1.110223024625E-16,-1.));
#2941 = DIRECTION('',(0.,1.,1.110223024625E-16));
#2942 = DEFINITIONAL_REPRESENTATION('',(#2943),#2947);
#2943 = LINE('',#2944,#2945);
#2944 = CARTESIAN_POINT('',(27.,8.));
#2945 = VECTOR('',#2946,1.);
#2946 = DIRECTION('',(-1.,0.));
#2947 = ( GEOMETRIC_REPRESENTATION_CONTEXT(2) 
PARAMETRIC_REPRESENTATION_CONTEXT() REPRESENTATION_CONTEXT('2D SPACE',''
  ) );
#2948 = ORIENTED_EDGE('',*,*,#2949,.T.);
#2949 = EDGE_CURVE('',#2922,#2650,#2950,.T.);
#2950 = SURFACE_CURVE('',#2951,(#2955,#2962),.PCURVE_S1.);
#2951 = LINE('',#2952,#2953);
#2952 = CARTESIAN_POINT('',(30.5,24.5,42.9));
#2953 = VECTOR('',#2954,1.);
#2954 = DIRECTION('',(0.,1.110223024625E-16,-1.));
#2955 = PCURVE('',#156,#2956);
#2956 = DEFINITIONAL_REPRESENTATION('',(#2957),#2961);
#2957 = LINE('',#2958,#2959);
#2958 = CARTESIAN_POINT('',(-40.5,83.));
#2959 = VECTOR('',#2960,1.);
#2960 = DIRECTION('',(0.,-1.));
#2961 = ( GEOMETRIC_REPRESENTATION_CONTEXT(2) 
PARAMETRIC_REPRESENTATION_CONTEXT() REPRESENTATION_CONTEXT('2D SPACE',''
  ) );
#2962 = PCURVE('',#2963,#2968);
#2963 = PLANE('',#2964);
#2964 = AXIS2_PLACEMENT_3D('',#2965,#2966,#2967);
#2965 = CARTESIAN_POINT('',(14.5,24.5,42.9));
#2966 = DIRECTION('',(0.,1.,1.110223024625E-16));
#2967 = DIRECTION('',(1.,0.,0.));
#2968 = DEFINITIONAL_REPRESENTATION('',(#2969),#2973);
#2969 = LINE('',#2970,#2971);
#2970 = CARTESIAN_POINT('',(16.,0.));
#2971 = VECTOR('',#2972,1.);
#2972 = DIRECTION('',(0.,1.));
#2973 = ( GEOMETRIC_REPRESENTATION_CONTEXT(2) 
PARAMETRIC_REPRESENTATION_CONTEXT() REPRESENTATION_CONTEXT('2D SPACE',''
  ) );
#2974 = ADVANCED_FACE('',(#2975),#128,.T.);
#2975 = FACE_BOUND('',#2976,.T.);
#2976 = EDGE_LOOP('',(#2977,#2978,#2979,#3002));
#2977 = ORIENTED_EDGE('',*,*,#112,.T.);
#2978 = ORIENTED_EDGE('',*,*,#2707,.F.);
#2979 = ORIENTED_EDGE('',*,*,#2980,.F.);
#2980 = EDGE_CURVE('',#2981,#2680,#2983,.T.);
#2981 = VERTEX_POINT('',#2982);
#2982 = CARTESIAN_POINT('',(14.5,29.5,39.9));
#2983 = SURFACE_CURVE('',#2984,(#2988,#2995),.PCURVE_S1.);
#2984 = LINE('',#2985,#2986);
#2985 = CARTESIAN_POINT('',(18.5,29.5,39.9));
#2986 = VECTOR('',#2987,1.);
#2987 = DIRECTION('',(1.,0.,0.));
#2988 = PCURVE('',#128,#2989);
#2989 = DEFINITIONAL_REPRESENTATION('',(#2990),#2994);
#2990 = LINE('',#2991,#2992);
#2991 = CARTESIAN_POINT('',(-12.5,-4.));
#2992 = VECTOR('',#2993,1.);
#2993 = DIRECTION('',(0.,1.));
#2994 = ( GEOMETRIC_REPRESENTATION_CONTEXT(2) 
PARAMETRIC_REPRESENTATION_CONTEXT() REPRESENTATION_CONTEXT('2D SPACE',''
  ) );
#2995 = PCURVE('',#2695,#2996);
#2996 = DEFINITIONAL_REPRESENTATION('',(#2997),#3001);
#2997 = LINE('',#2998,#2999);
#2998 = CARTESIAN_POINT('',(4.,3.));
#2999 = VECTOR('',#3000,1.);
#3000 = DIRECTION('',(1.,0.));
#3001 = ( GEOMETRIC_REPRESENTATION_CONTEXT(2) 
PARAMETRIC_REPRESENTATION_CONTEXT() REPRESENTATION_CONTEXT('2D SPACE',''
  ) );
#3002 = ORIENTED_EDGE('',*,*,#3003,.F.);
#3003 = EDGE_CURVE('',#85,#2981,#3004,.T.);
#3004 = SURFACE_CURVE('',#3005,(#3009,#3016),.PCURVE_S1.);
#3005 = LINE('',#3006,#3007);
#3006 = CARTESIAN_POINT('',(14.5,69.,39.9));
#3007 = VECTOR('',#3008,1.);
#3008 = DIRECTION('',(0.,-1.,-1.110223024625E-16));
#3009 = PCURVE('',#128,#3010);
#3010 = DEFINITIONAL_REPRESENTATION('',(#3011),#3015);
#3011 = LINE('',#3012,#3013);
#3012 = CARTESIAN_POINT('',(27.,-8.));
#3013 = VECTOR('',#3014,1.);
#3014 = DIRECTION('',(-1.,0.));
#3015 = ( GEOMETRIC_REPRESENTATION_CONTEXT(2) 
PARAMETRIC_REPRESENTATION_CONTEXT() REPRESENTATION_CONTEXT('2D SPACE',''
  ) );
#3016 = PCURVE('',#100,#3017);
#3017 = DEFINITIONAL_REPRESENTATION('',(#3018),#3022);
#3018 = LINE('',#3019,#3020);
#3019 = CARTESIAN_POINT('',(4.,80.));
#3020 = VECTOR('',#3021,1.);
#3021 = DIRECTION('',(-1.,0.));
#3022 = ( GEOMETRIC_REPRESENTATION_CONTEXT(2) 
PARAMETRIC_REPRESENTATION_CONTEXT() REPRESENTATION_CONTEXT('2D SPACE',''
  ) );
#3023 = ADVANCED_FACE('',(#3024),#100,.F.);
#3024 = FACE_BOUND('',#3025,.F.);
#3025 = EDGE_LOOP('',(#3026,#3051,#3072,#3073,#3074,#3075,#3098,#3121,
    #3149,#3172,#3195,#3218,#3241,#3269,#3297,#3325,#3348,#3371));
#3026 = ORIENTED_EDGE('',*,*,#3027,.T.);
#3027 = EDGE_CURVE('',#3028,#3030,#3032,.T.);
#3028 = VERTEX_POINT('',#3029);
#3029 = CARTESIAN_POINT('',(14.5,24.5,5.495603971895E-15));
#3030 = VERTEX_POINT('',#3031);
#3031 = CARTESIAN_POINT('',(14.5,29.5,6.050715484207E-15));
#3032 = SURFACE_CURVE('',#3033,(#3037,#3044),.PCURVE_S1.);
#3033 = LINE('',#3034,#3035);
#3034 = CARTESIAN_POINT('',(14.5,-25.,0.));
#3035 = VECTOR('',#3036,1.);
#3036 = DIRECTION('',(0.,1.,1.110223024625E-16));
#3037 = PCURVE('',#100,#3038);
#3038 = DEFINITIONAL_REPRESENTATION('',(#3039),#3043);
#3039 = LINE('',#3040,#3041);
#3040 = CARTESIAN_POINT('',(-90.,40.1));
#3041 = VECTOR('',#3042,1.);
#3042 = DIRECTION('',(1.,0.));
#3043 = ( GEOMETRIC_REPRESENTATION_CONTEXT(2) 
PARAMETRIC_REPRESENTATION_CONTEXT() REPRESENTATION_CONTEXT('2D SPACE',''
  ) );
#3044 = PCURVE('',#2667,#3045);
#3045 = DEFINITIONAL_REPRESENTATION('',(#3046),#3050);
#3046 = LINE('',#3047,#3048);
#3047 = CARTESIAN_POINT('',(90.,122.));
#3048 = VECTOR('',#3049,1.);
#3049 = DIRECTION('',(1.,0.));
#3050 = ( GEOMETRIC_REPRESENTATION_CONTEXT(2) 
PARAMETRIC_REPRESENTATION_CONTEXT() REPRESENTATION_CONTEXT('2D SPACE',''
  ) );
#3051 = ORIENTED_EDGE('',*,*,#3052,.F.);
#3052 = EDGE_CURVE('',#2981,#3030,#3053,.T.);
#3053 = SURFACE_CURVE('',#3054,(#3058,#3065),.PCURVE_S1.);
#3054 = LINE('',#3055,#3056);
#3055 = CARTESIAN_POINT('',(14.5,29.5,42.9));
#3056 = VECTOR('',#3057,1.);
#3057 = DIRECTION('',(0.,1.110223024625E-16,-1.));
#3058 = PCURVE('',#100,#3059);
#3059 = DEFINITIONAL_REPRESENTATION('',(#3060),#3064);
#3060 = LINE('',#3061,#3062);
#3061 = CARTESIAN_POINT('',(-35.5,83.));
#3062 = VECTOR('',#3063,1.);
#3063 = DIRECTION('',(0.,-1.));
#3064 = ( GEOMETRIC_REPRESENTATION_CONTEXT(2) 
PARAMETRIC_REPRESENTATION_CONTEXT() REPRESENTATION_CONTEXT('2D SPACE',''
  ) );
#3065 = PCURVE('',#2695,#3066);
#3066 = DEFINITIONAL_REPRESENTATION('',(#3067),#3071);
#3067 = LINE('',#3068,#3069);
#3068 = CARTESIAN_POINT('',(0.,0.));
#3069 = VECTOR('',#3070,1.);
#3070 = DIRECTION('',(0.,1.));
#3071 = ( GEOMETRIC_REPRESENTATION_CONTEXT(2) 
PARAMETRIC_REPRESENTATION_CONTEXT() REPRESENTATION_CONTEXT('2D SPACE',''
  ) );
#3072 = ORIENTED_EDGE('',*,*,#3003,.F.);
#3073 = ORIENTED_EDGE('',*,*,#84,.T.);
#3074 = ORIENTED_EDGE('',*,*,#2445,.T.);
#3075 = ORIENTED_EDGE('',*,*,#3076,.F.);
#3076 = EDGE_CURVE('',#3077,#2446,#3079,.T.);
#3077 = VERTEX_POINT('',#3078);
#3078 = CARTESIAN_POINT('',(14.5,73.,65.9));
#3079 = SURFACE_CURVE('',#3080,(#3084,#3091),.PCURVE_S1.);
#3080 = LINE('',#3081,#3082);
#3081 = CARTESIAN_POINT('',(14.5,73.,65.9));
#3082 = VECTOR('',#3083,1.);
#3083 = DIRECTION('',(0.,1.110223024625E-16,-1.));
#3084 = PCURVE('',#100,#3085);
#3085 = DEFINITIONAL_REPRESENTATION('',(#3086),#3090);
#3086 = LINE('',#3087,#3088);
#3087 = CARTESIAN_POINT('',(8.,106.));
#3088 = VECTOR('',#3089,1.);
#3089 = DIRECTION('',(0.,-1.));
#3090 = ( GEOMETRIC_REPRESENTATION_CONTEXT(2) 
PARAMETRIC_REPRESENTATION_CONTEXT() REPRESENTATION_CONTEXT('2D SPACE',''
  ) );
#3091 = PCURVE('',#2484,#3092);
#3092 = DEFINITIONAL_REPRESENTATION('',(#3093),#3097);
#3093 = LINE('',#3094,#3095);
#3094 = CARTESIAN_POINT('',(0.,0.));
#3095 = VECTOR('',#3096,1.);
#3096 = DIRECTION('',(0.,1.));
#3097 = ( GEOMETRIC_REPRESENTATION_CONTEXT(2) 
PARAMETRIC_REPRESENTATION_CONTEXT() REPRESENTATION_CONTEXT('2D SPACE',''
  ) );
#3098 = ORIENTED_EDGE('',*,*,#3099,.F.);
#3099 = EDGE_CURVE('',#3100,#3077,#3102,.T.);
#3100 = VERTEX_POINT('',#3101);
#3101 = CARTESIAN_POINT('',(14.5,36.,65.9));
#3102 = SURFACE_CURVE('',#3103,(#3107,#3114),.PCURVE_S1.);
#3103 = LINE('',#3104,#3105);
#3104 = CARTESIAN_POINT('',(14.5,36.,65.9));
#3105 = VECTOR('',#3106,1.);
#3106 = DIRECTION('',(0.,1.,1.110223024625E-16));
#3107 = PCURVE('',#100,#3108);
#3108 = DEFINITIONAL_REPRESENTATION('',(#3109),#3113);
#3109 = LINE('',#3110,#3111);
#3110 = CARTESIAN_POINT('',(-29.,106.));
#3111 = VECTOR('',#3112,1.);
#3112 = DIRECTION('',(1.,0.));
#3113 = ( GEOMETRIC_REPRESENTATION_CONTEXT(2) 
PARAMETRIC_REPRESENTATION_CONTEXT() REPRESENTATION_CONTEXT('2D SPACE',''
  ) );
#3114 = PCURVE('',#2769,#3115);
#3115 = DEFINITIONAL_REPRESENTATION('',(#3116),#3120);
#3116 = LINE('',#3117,#3118);
#3117 = CARTESIAN_POINT('',(-29.,0.));
#3118 = VECTOR('',#3119,1.);
#3119 = DIRECTION('',(1.,0.));
#3120 = ( GEOMETRIC_REPRESENTATION_CONTEXT(2) 
PARAMETRIC_REPRESENTATION_CONTEXT() REPRESENTATION_CONTEXT('2D SPACE',''
  ) );
#3121 = ORIENTED_EDGE('',*,*,#3122,.T.);
#3122 = EDGE_CURVE('',#3100,#3123,#3125,.T.);
#3123 = VERTEX_POINT('',#3124);
#3124 = CARTESIAN_POINT('',(14.5,36.,59.9));
#3125 = SURFACE_CURVE('',#3126,(#3130,#3137),.PCURVE_S1.);
#3126 = LINE('',#3127,#3128);
#3127 = CARTESIAN_POINT('',(14.5,36.,62.9));
#3128 = VECTOR('',#3129,1.);
#3129 = DIRECTION('',(0.,1.110223024625E-16,-1.));
#3130 = PCURVE('',#100,#3131);
#3131 = DEFINITIONAL_REPRESENTATION('',(#3132),#3136);
#3132 = LINE('',#3133,#3134);
#3133 = CARTESIAN_POINT('',(-29.,103.));
#3134 = VECTOR('',#3135,1.);
#3135 = DIRECTION('',(0.,-1.));
#3136 = ( GEOMETRIC_REPRESENTATION_CONTEXT(2) 
PARAMETRIC_REPRESENTATION_CONTEXT() REPRESENTATION_CONTEXT('2D SPACE',''
  ) );
#3137 = PCURVE('',#3138,#3143);
#3138 = PLANE('',#3139);
#3139 = AXIS2_PLACEMENT_3D('',#3140,#3141,#3142);
#3140 = CARTESIAN_POINT('',(7.1,36.,62.9));
#3141 = DIRECTION('',(0.,1.,1.110223024625E-16));
#3142 = DIRECTION('',(1.,0.,0.));
#3143 = DEFINITIONAL_REPRESENTATION('',(#3144),#3148);
#3144 = LINE('',#3145,#3146);
#3145 = CARTESIAN_POINT('',(7.4,0.));
#3146 = VECTOR('',#3147,1.);
#3147 = DIRECTION('',(0.,1.));
#3148 = ( GEOMETRIC_REPRESENTATION_CONTEXT(2) 
PARAMETRIC_REPRESENTATION_CONTEXT() REPRESENTATION_CONTEXT('2D SPACE',''
  ) );
#3149 = ORIENTED_EDGE('',*,*,#3150,.T.);
#3150 = EDGE_CURVE('',#3123,#3151,#3153,.T.);
#3151 = VERTEX_POINT('',#3152);
#3152 = CARTESIAN_POINT('',(14.5,65.,59.9));
#3153 = SURFACE_CURVE('',#3154,(#3158,#3165),.PCURVE_S1.);
#3154 = LINE('',#3155,#3156);
#3155 = CARTESIAN_POINT('',(14.5,15.,59.9));
#3156 = VECTOR('',#3157,1.);
#3157 = DIRECTION('',(0.,1.,1.110223024625E-16));
#3158 = PCURVE('',#100,#3159);
#3159 = DEFINITIONAL_REPRESENTATION('',(#3160),#3164);
#3160 = LINE('',#3161,#3162);
#3161 = CARTESIAN_POINT('',(-50.,100.));
#3162 = VECTOR('',#3163,1.);
#3163 = DIRECTION('',(1.,0.));
#3164 = ( GEOMETRIC_REPRESENTATION_CONTEXT(2) 
PARAMETRIC_REPRESENTATION_CONTEXT() REPRESENTATION_CONTEXT('2D SPACE',''
  ) );
#3165 = PCURVE('',#2825,#3166);
#3166 = DEFINITIONAL_REPRESENTATION('',(#3167),#3171);
#3167 = LINE('',#3168,#3169);
#3168 = CARTESIAN_POINT('',(-27.,-8.));
#3169 = VECTOR('',#3170,1.);
#3170 = DIRECTION('',(1.,0.));
#3171 = ( GEOMETRIC_REPRESENTATION_CONTEXT(2) 
PARAMETRIC_REPRESENTATION_CONTEXT() REPRESENTATION_CONTEXT('2D SPACE',''
  ) );
#3172 = ORIENTED_EDGE('',*,*,#3173,.T.);
#3173 = EDGE_CURVE('',#3151,#3174,#3176,.T.);
#3174 = VERTEX_POINT('',#3175);
#3175 = CARTESIAN_POINT('',(14.5,65.,45.9));
#3176 = SURFACE_CURVE('',#3177,(#3181,#3188),.PCURVE_S1.);
#3177 = LINE('',#3178,#3179);
#3178 = CARTESIAN_POINT('',(14.5,65.,65.9));
#3179 = VECTOR('',#3180,1.);
#3180 = DIRECTION('',(0.,1.110223024625E-16,-1.));
#3181 = PCURVE('',#100,#3182);
#3182 = DEFINITIONAL_REPRESENTATION('',(#3183),#3187);
#3183 = LINE('',#3184,#3185);
#3184 = CARTESIAN_POINT('',(-2.442490654175E-15,106.));
#3185 = VECTOR('',#3186,1.);
#3186 = DIRECTION('',(0.,-1.));
#3187 = ( GEOMETRIC_REPRESENTATION_CONTEXT(2) 
PARAMETRIC_REPRESENTATION_CONTEXT() REPRESENTATION_CONTEXT('2D SPACE',''
  ) );
#3188 = PCURVE('',#2853,#3189);
#3189 = DEFINITIONAL_REPRESENTATION('',(#3190),#3194);
#3190 = LINE('',#3191,#3192);
#3191 = CARTESIAN_POINT('',(0.,0.));
#3192 = VECTOR('',#3193,1.);
#3193 = DIRECTION('',(0.,1.));
#3194 = ( GEOMETRIC_REPRESENTATION_CONTEXT(2) 
PARAMETRIC_REPRESENTATION_CONTEXT() REPRESENTATION_CONTEXT('2D SPACE',''
  ) );
#3195 = ORIENTED_EDGE('',*,*,#3196,.F.);
#3196 = EDGE_CURVE('',#3197,#3174,#3199,.T.);
#3197 = VERTEX_POINT('',#3198);
#3198 = CARTESIAN_POINT('',(14.5,15.,45.9));
#3199 = SURFACE_CURVE('',#3200,(#3204,#3211),.PCURVE_S1.);
#3200 = LINE('',#3201,#3202);
#3201 = CARTESIAN_POINT('',(14.5,15.,45.9));
#3202 = VECTOR('',#3203,1.);
#3203 = DIRECTION('',(0.,1.,1.110223024625E-16));
#3204 = PCURVE('',#100,#3205);
#3205 = DEFINITIONAL_REPRESENTATION('',(#3206),#3210);
#3206 = LINE('',#3207,#3208);
#3207 = CARTESIAN_POINT('',(-50.,86.));
#3208 = VECTOR('',#3209,1.);
#3209 = DIRECTION('',(1.,0.));
#3210 = ( GEOMETRIC_REPRESENTATION_CONTEXT(2) 
PARAMETRIC_REPRESENTATION_CONTEXT() REPRESENTATION_CONTEXT('2D SPACE',''
  ) );
#3211 = PCURVE('',#2881,#3212);
#3212 = DEFINITIONAL_REPRESENTATION('',(#3213),#3217);
#3213 = LINE('',#3214,#3215);
#3214 = CARTESIAN_POINT('',(-27.,-8.));
#3215 = VECTOR('',#3216,1.);
#3216 = DIRECTION('',(1.,0.));
#3217 = ( GEOMETRIC_REPRESENTATION_CONTEXT(2) 
PARAMETRIC_REPRESENTATION_CONTEXT() REPRESENTATION_CONTEXT('2D SPACE',''
  ) );
#3218 = ORIENTED_EDGE('',*,*,#3219,.F.);
#3219 = EDGE_CURVE('',#3220,#3197,#3222,.T.);
#3220 = VERTEX_POINT('',#3221);
#3221 = CARTESIAN_POINT('',(14.5,15.,45.4));
#3222 = SURFACE_CURVE('',#3223,(#3227,#3234),.PCURVE_S1.);
#3223 = LINE('',#3224,#3225);
#3224 = CARTESIAN_POINT('',(14.5,15.,39.9));
#3225 = VECTOR('',#3226,1.);
#3226 = DIRECTION('',(0.,-1.110223024625E-16,1.));
#3227 = PCURVE('',#100,#3228);
#3228 = DEFINITIONAL_REPRESENTATION('',(#3229),#3233);
#3229 = LINE('',#3230,#3231);
#3230 = CARTESIAN_POINT('',(-50.,80.));
#3231 = VECTOR('',#3232,1.);
#3232 = DIRECTION('',(0.,1.));
#3233 = ( GEOMETRIC_REPRESENTATION_CONTEXT(2) 
PARAMETRIC_REPRESENTATION_CONTEXT() REPRESENTATION_CONTEXT('2D SPACE',''
  ) );
#3234 = PCURVE('',#2909,#3235);
#3235 = DEFINITIONAL_REPRESENTATION('',(#3236),#3240);
#3236 = LINE('',#3237,#3238);
#3237 = CARTESIAN_POINT('',(4.712388980385,6.));
#3238 = VECTOR('',#3239,1.);
#3239 = DIRECTION('',(0.,-1.));
#3240 = ( GEOMETRIC_REPRESENTATION_CONTEXT(2) 
PARAMETRIC_REPRESENTATION_CONTEXT() REPRESENTATION_CONTEXT('2D SPACE',''
  ) );
#3241 = ORIENTED_EDGE('',*,*,#3242,.F.);
#3242 = EDGE_CURVE('',#3243,#3220,#3245,.T.);
#3243 = VERTEX_POINT('',#3244);
#3244 = CARTESIAN_POINT('',(14.5,15.67591879244,45.4));
#3245 = SURFACE_CURVE('',#3246,(#3250,#3257),.PCURVE_S1.);
#3246 = LINE('',#3247,#3248);
#3247 = CARTESIAN_POINT('',(14.5,12.5,45.4));
#3248 = VECTOR('',#3249,1.);
#3249 = DIRECTION('',(0.,-1.,-1.110223024625E-16));
#3250 = PCURVE('',#100,#3251);
#3251 = DEFINITIONAL_REPRESENTATION('',(#3252),#3256);
#3252 = LINE('',#3253,#3254);
#3253 = CARTESIAN_POINT('',(-52.5,85.5));
#3254 = VECTOR('',#3255,1.);
#3255 = DIRECTION('',(-1.,0.));
#3256 = ( GEOMETRIC_REPRESENTATION_CONTEXT(2) 
PARAMETRIC_REPRESENTATION_CONTEXT() REPRESENTATION_CONTEXT('2D SPACE',''
  ) );
#3257 = PCURVE('',#3258,#3263);
#3258 = PLANE('',#3259);
#3259 = AXIS2_PLACEMENT_3D('',#3260,#3261,#3262);
#3260 = CARTESIAN_POINT('',(15.,10.,45.4));
#3261 = DIRECTION('',(0.,1.110223024625E-16,-1.));
#3262 = DIRECTION('',(0.,1.,1.110223024625E-16));
#3263 = DEFINITIONAL_REPRESENTATION('',(#3264),#3268);
#3264 = LINE('',#3265,#3266);
#3265 = CARTESIAN_POINT('',(2.5,-0.5));
#3266 = VECTOR('',#3267,1.);
#3267 = DIRECTION('',(-1.,0.));
#3268 = ( GEOMETRIC_REPRESENTATION_CONTEXT(2) 
PARAMETRIC_REPRESENTATION_CONTEXT() REPRESENTATION_CONTEXT('2D SPACE',''
  ) );
#3269 = ORIENTED_EDGE('',*,*,#3270,.T.);
#3270 = EDGE_CURVE('',#3243,#3271,#3273,.T.);
#3271 = VERTEX_POINT('',#3272);
#3272 = CARTESIAN_POINT('',(14.5,15.67591879244,40.4));
#3273 = SURFACE_CURVE('',#3274,(#3278,#3285),.PCURVE_S1.);
#3274 = LINE('',#3275,#3276);
#3275 = CARTESIAN_POINT('',(14.5,15.67591879244,42.9));
#3276 = VECTOR('',#3277,1.);
#3277 = DIRECTION('',(0.,1.110223024625E-16,-1.));
#3278 = PCURVE('',#100,#3279);
#3279 = DEFINITIONAL_REPRESENTATION('',(#3280),#3284);
#3280 = LINE('',#3281,#3282);
#3281 = CARTESIAN_POINT('',(-49.32408120756,83.));
#3282 = VECTOR('',#3283,1.);
#3283 = DIRECTION('',(0.,-1.));
#3284 = ( GEOMETRIC_REPRESENTATION_CONTEXT(2) 
PARAMETRIC_REPRESENTATION_CONTEXT() REPRESENTATION_CONTEXT('2D SPACE',''
  ) );
#3285 = PCURVE('',#3286,#3291);
#3286 = PLANE('',#3287);
#3287 = AXIS2_PLACEMENT_3D('',#3288,#3289,#3290);
#3288 = CARTESIAN_POINT('',(4.726499018874,9.160251471689,42.9));
#3289 = DIRECTION('',(-0.554700196225,0.832050294338,9.2376139442E-17));
#3290 = DIRECTION('',(0.832050294338,0.554700196225,6.158409296133E-17)
  );
#3291 = DEFINITIONAL_REPRESENTATION('',(#3292),#3296);
#3292 = LINE('',#3293,#3294);
#3293 = CARTESIAN_POINT('',(11.746286309416,7.233843880295E-16));
#3294 = VECTOR('',#3295,1.);
#3295 = DIRECTION('',(0.,1.));
#3296 = ( GEOMETRIC_REPRESENTATION_CONTEXT(2) 
PARAMETRIC_REPRESENTATION_CONTEXT() REPRESENTATION_CONTEXT('2D SPACE',''
  ) );
#3297 = ORIENTED_EDGE('',*,*,#3298,.T.);
#3298 = EDGE_CURVE('',#3271,#3299,#3301,.T.);
#3299 = VERTEX_POINT('',#3300);
#3300 = CARTESIAN_POINT('',(14.5,15.,40.4));
#3301 = SURFACE_CURVE('',#3302,(#3306,#3313),.PCURVE_S1.);
#3302 = LINE('',#3303,#3304);
#3303 = CARTESIAN_POINT('',(14.5,12.5,40.4));
#3304 = VECTOR('',#3305,1.);
#3305 = DIRECTION('',(0.,-1.,-1.110223024625E-16));
#3306 = PCURVE('',#100,#3307);
#3307 = DEFINITIONAL_REPRESENTATION('',(#3308),#3312);
#3308 = LINE('',#3309,#3310);
#3309 = CARTESIAN_POINT('',(-52.5,80.5));
#3310 = VECTOR('',#3311,1.);
#3311 = DIRECTION('',(-1.,0.));
#3312 = ( GEOMETRIC_REPRESENTATION_CONTEXT(2) 
PARAMETRIC_REPRESENTATION_CONTEXT() REPRESENTATION_CONTEXT('2D SPACE',''
  ) );
#3313 = PCURVE('',#3314,#3319);
#3314 = PLANE('',#3315);
#3315 = AXIS2_PLACEMENT_3D('',#3316,#3317,#3318);
#3316 = CARTESIAN_POINT('',(15.,10.,40.4));
#3317 = DIRECTION('',(0.,1.110223024625E-16,-1.));
#3318 = DIRECTION('',(0.,1.,1.110223024625E-16));
#3319 = DEFINITIONAL_REPRESENTATION('',(#3320),#3324);
#3320 = LINE('',#3321,#3322);
#3321 = CARTESIAN_POINT('',(2.5,-0.5));
#3322 = VECTOR('',#3323,1.);
#3323 = DIRECTION('',(-1.,0.));
#3324 = ( GEOMETRIC_REPRESENTATION_CONTEXT(2) 
PARAMETRIC_REPRESENTATION_CONTEXT() REPRESENTATION_CONTEXT('2D SPACE',''
  ) );
#3325 = ORIENTED_EDGE('',*,*,#3326,.F.);
#3326 = EDGE_CURVE('',#3327,#3299,#3329,.T.);
#3327 = VERTEX_POINT('',#3328);
#3328 = CARTESIAN_POINT('',(14.5,15.,39.9));
#3329 = SURFACE_CURVE('',#3330,(#3334,#3341),.PCURVE_S1.);
#3330 = LINE('',#3331,#3332);
#3331 = CARTESIAN_POINT('',(14.5,15.,39.9));
#3332 = VECTOR('',#3333,1.);
#3333 = DIRECTION('',(0.,-1.110223024625E-16,1.));
#3334 = PCURVE('',#100,#3335);
#3335 = DEFINITIONAL_REPRESENTATION('',(#3336),#3340);
#3336 = LINE('',#3337,#3338);
#3337 = CARTESIAN_POINT('',(-50.,80.));
#3338 = VECTOR('',#3339,1.);
#3339 = DIRECTION('',(0.,1.));
#3340 = ( GEOMETRIC_REPRESENTATION_CONTEXT(2) 
PARAMETRIC_REPRESENTATION_CONTEXT() REPRESENTATION_CONTEXT('2D SPACE',''
  ) );
#3341 = PCURVE('',#2909,#3342);
#3342 = DEFINITIONAL_REPRESENTATION('',(#3343),#3347);
#3343 = LINE('',#3344,#3345);
#3344 = CARTESIAN_POINT('',(4.712388980385,6.));
#3345 = VECTOR('',#3346,1.);
#3346 = DIRECTION('',(0.,-1.));
#3347 = ( GEOMETRIC_REPRESENTATION_CONTEXT(2) 
PARAMETRIC_REPRESENTATION_CONTEXT() REPRESENTATION_CONTEXT('2D SPACE',''
  ) );
#3348 = ORIENTED_EDGE('',*,*,#3349,.T.);
#3349 = EDGE_CURVE('',#3327,#3350,#3352,.T.);
#3350 = VERTEX_POINT('',#3351);
#3351 = CARTESIAN_POINT('',(14.5,24.5,39.9));
#3352 = SURFACE_CURVE('',#3353,(#3357,#3364),.PCURVE_S1.);
#3353 = LINE('',#3354,#3355);
#3354 = CARTESIAN_POINT('',(14.5,15.,39.9));
#3355 = VECTOR('',#3356,1.);
#3356 = DIRECTION('',(0.,1.,1.110223024625E-16));
#3357 = PCURVE('',#100,#3358);
#3358 = DEFINITIONAL_REPRESENTATION('',(#3359),#3363);
#3359 = LINE('',#3360,#3361);
#3360 = CARTESIAN_POINT('',(-50.,80.));
#3361 = VECTOR('',#3362,1.);
#3362 = DIRECTION('',(1.,0.));
#3363 = ( GEOMETRIC_REPRESENTATION_CONTEXT(2) 
PARAMETRIC_REPRESENTATION_CONTEXT() REPRESENTATION_CONTEXT('2D SPACE',''
  ) );
#3364 = PCURVE('',#2937,#3365);
#3365 = DEFINITIONAL_REPRESENTATION('',(#3366),#3370);
#3366 = LINE('',#3367,#3368);
#3367 = CARTESIAN_POINT('',(-27.,-8.));
#3368 = VECTOR('',#3369,1.);
#3369 = DIRECTION('',(1.,0.));
#3370 = ( GEOMETRIC_REPRESENTATION_CONTEXT(2) 
PARAMETRIC_REPRESENTATION_CONTEXT() REPRESENTATION_CONTEXT('2D SPACE',''
  ) );
#3371 = ORIENTED_EDGE('',*,*,#3372,.T.);
#3372 = EDGE_CURVE('',#3350,#3028,#3373,.T.);
#3373 = SURFACE_CURVE('',#3374,(#3378,#3385),.PCURVE_S1.);
#3374 = LINE('',#3375,#3376);
#3375 = CARTESIAN_POINT('',(14.5,24.5,42.9));
#3376 = VECTOR('',#3377,1.);
#3377 = DIRECTION('',(0.,1.110223024625E-16,-1.));
#3378 = PCURVE('',#100,#3379);
#3379 = DEFINITIONAL_REPRESENTATION('',(#3380),#3384);
#3380 = LINE('',#3381,#3382);
#3381 = CARTESIAN_POINT('',(-40.5,83.));
#3382 = VECTOR('',#3383,1.);
#3383 = DIRECTION('',(0.,-1.));
#3384 = ( GEOMETRIC_REPRESENTATION_CONTEXT(2) 
PARAMETRIC_REPRESENTATION_CONTEXT() REPRESENTATION_CONTEXT('2D SPACE',''
  ) );
#3385 = PCURVE('',#2963,#3386);
#3386 = DEFINITIONAL_REPRESENTATION('',(#3387),#3391);
#3387 = LINE('',#3388,#3389);
#3388 = CARTESIAN_POINT('',(0.,0.));
#3389 = VECTOR('',#3390,1.);
#3390 = DIRECTION('',(0.,1.));
#3391 = ( GEOMETRIC_REPRESENTATION_CONTEXT(2) 
PARAMETRIC_REPRESENTATION_CONTEXT() REPRESENTATION_CONTEXT('2D SPACE',''
  ) );
#3392 = ADVANCED_FACE('',(#3393),#485,.F.);
#3393 = FACE_BOUND('',#3394,.F.);
#3394 = EDGE_LOOP('',(#3395,#3396,#3397,#3420,#3448,#3471,#3499,#3522,
    #3543,#3544,#3545,#3571,#3572,#3595,#3623,#3646,#3674,#3702,#3723,
    #3724,#3747,#3768));
#3395 = ORIENTED_EDGE('',*,*,#467,.T.);
#3396 = ORIENTED_EDGE('',*,*,#568,.T.);
#3397 = ORIENTED_EDGE('',*,*,#3398,.F.);
#3398 = EDGE_CURVE('',#3399,#569,#3401,.T.);
#3399 = VERTEX_POINT('',#3400);
#3400 = CARTESIAN_POINT('',(21.5,140.,11.9));
#3401 = SURFACE_CURVE('',#3402,(#3406,#3413),.PCURVE_S1.);
#3402 = LINE('',#3403,#3404);
#3403 = CARTESIAN_POINT('',(21.5,140.,11.9));
#3404 = VECTOR('',#3405,1.);
#3405 = DIRECTION('',(0.,1.110223024625E-16,-1.));
#3406 = PCURVE('',#485,#3407);
#3407 = DEFINITIONAL_REPRESENTATION('',(#3408),#3412);
#3408 = LINE('',#3409,#3410);
#3409 = CARTESIAN_POINT('',(136.,-67.));
#3410 = VECTOR('',#3411,1.);
#3411 = DIRECTION('',(0.,1.));
#3412 = ( GEOMETRIC_REPRESENTATION_CONTEXT(2) 
PARAMETRIC_REPRESENTATION_CONTEXT() REPRESENTATION_CONTEXT('2D SPACE',''
  ) );
#3413 = PCURVE('',#607,#3414);
#3414 = DEFINITIONAL_REPRESENTATION('',(#3415),#3419);
#3415 = LINE('',#3416,#3417);
#3416 = CARTESIAN_POINT('',(12.,-1.33226762955E-15));
#3417 = VECTOR('',#3418,1.);
#3418 = DIRECTION('',(0.,-1.));
#3419 = ( GEOMETRIC_REPRESENTATION_CONTEXT(2) 
PARAMETRIC_REPRESENTATION_CONTEXT() REPRESENTATION_CONTEXT('2D SPACE',''
  ) );
#3420 = ORIENTED_EDGE('',*,*,#3421,.F.);
#3421 = EDGE_CURVE('',#3422,#3399,#3424,.T.);
#3422 = VERTEX_POINT('',#3423);
#3423 = CARTESIAN_POINT('',(14.5,140.,11.9));
#3424 = SURFACE_CURVE('',#3425,(#3429,#3436),.PCURVE_S1.);
#3425 = LINE('',#3426,#3427);
#3426 = CARTESIAN_POINT('',(11.5,140.,11.9));
#3427 = VECTOR('',#3428,1.);
#3428 = DIRECTION('',(1.,0.,0.));
#3429 = PCURVE('',#485,#3430);
#3430 = DEFINITIONAL_REPRESENTATION('',(#3431),#3435);
#3431 = LINE('',#3432,#3433);
#3432 = CARTESIAN_POINT('',(146.,-67.));
#3433 = VECTOR('',#3434,1.);
#3434 = DIRECTION('',(-1.,0.));
#3435 = ( GEOMETRIC_REPRESENTATION_CONTEXT(2) 
PARAMETRIC_REPRESENTATION_CONTEXT() REPRESENTATION_CONTEXT('2D SPACE',''
  ) );
#3436 = PCURVE('',#3437,#3442);
#3437 = PLANE('',#3438);
#3438 = AXIS2_PLACEMENT_3D('',#3439,#3440,#3441);
#3439 = CARTESIAN_POINT('',(11.5,128.,11.9));
#3440 = DIRECTION('',(0.,1.110223024625E-16,-1.));
#3441 = DIRECTION('',(0.,1.,1.110223024625E-16));
#3442 = DEFINITIONAL_REPRESENTATION('',(#3443),#3447);
#3443 = LINE('',#3444,#3445);
#3444 = CARTESIAN_POINT('',(12.,0.));
#3445 = VECTOR('',#3446,1.);
#3446 = DIRECTION('',(0.,1.));
#3447 = ( GEOMETRIC_REPRESENTATION_CONTEXT(2) 
PARAMETRIC_REPRESENTATION_CONTEXT() REPRESENTATION_CONTEXT('2D SPACE',''
  ) );
#3448 = ORIENTED_EDGE('',*,*,#3449,.F.);
#3449 = EDGE_CURVE('',#3450,#3422,#3452,.T.);
#3450 = VERTEX_POINT('',#3451);
#3451 = CARTESIAN_POINT('',(14.5,140.,53.4));
#3452 = SURFACE_CURVE('',#3453,(#3457,#3464),.PCURVE_S1.);
#3453 = LINE('',#3454,#3455);
#3454 = CARTESIAN_POINT('',(14.5,140.,53.4));
#3455 = VECTOR('',#3456,1.);
#3456 = DIRECTION('',(0.,1.110223024625E-16,-1.));
#3457 = PCURVE('',#485,#3458);
#3458 = DEFINITIONAL_REPRESENTATION('',(#3459),#3463);
#3459 = LINE('',#3460,#3461);
#3460 = CARTESIAN_POINT('',(143.,-108.5));
#3461 = VECTOR('',#3462,1.);
#3462 = DIRECTION('',(0.,1.));
#3463 = ( GEOMETRIC_REPRESENTATION_CONTEXT(2) 
PARAMETRIC_REPRESENTATION_CONTEXT() REPRESENTATION_CONTEXT('2D SPACE',''
  ) );
#3464 = PCURVE('',#663,#3465);
#3465 = DEFINITIONAL_REPRESENTATION('',(#3466),#3470);
#3466 = LINE('',#3467,#3468);
#3467 = CARTESIAN_POINT('',(71.,6.328271240363E-15));
#3468 = VECTOR('',#3469,1.);
#3469 = DIRECTION('',(0.,-1.));
#3470 = ( GEOMETRIC_REPRESENTATION_CONTEXT(2) 
PARAMETRIC_REPRESENTATION_CONTEXT() REPRESENTATION_CONTEXT('2D SPACE',''
  ) );
#3471 = ORIENTED_EDGE('',*,*,#3472,.F.);
#3472 = EDGE_CURVE('',#3473,#3450,#3475,.T.);
#3473 = VERTEX_POINT('',#3474);
#3474 = CARTESIAN_POINT('',(35.5,140.,53.4));
#3475 = SURFACE_CURVE('',#3476,(#3480,#3487),.PCURVE_S1.);
#3476 = LINE('',#3477,#3478);
#3477 = CARTESIAN_POINT('',(157.5,140.,53.4));
#3478 = VECTOR('',#3479,1.);
#3479 = DIRECTION('',(-1.,0.,0.));
#3480 = PCURVE('',#485,#3481);
#3481 = DEFINITIONAL_REPRESENTATION('',(#3482),#3486);
#3482 = LINE('',#3483,#3484);
#3483 = CARTESIAN_POINT('',(0.,-108.5));
#3484 = VECTOR('',#3485,1.);
#3485 = DIRECTION('',(1.,0.));
#3486 = ( GEOMETRIC_REPRESENTATION_CONTEXT(2) 
PARAMETRIC_REPRESENTATION_CONTEXT() REPRESENTATION_CONTEXT('2D SPACE',''
  ) );
#3487 = PCURVE('',#3488,#3493);
#3488 = PLANE('',#3489);
#3489 = AXIS2_PLACEMENT_3D('',#3490,#3491,#3492);
#3490 = CARTESIAN_POINT('',(81.056485355649,99.140167364017,53.4));
#3491 = DIRECTION('',(-0.,-1.110223024625E-16,1.));
#3492 = DIRECTION('',(0.,-1.,-1.110223024625E-16));
#3493 = DEFINITIONAL_REPRESENTATION('',(#3494),#3498);
#3494 = LINE('',#3495,#3496);
#3495 = CARTESIAN_POINT('',(-40.85983263598,76.443514644351));
#3496 = VECTOR('',#3497,1.);
#3497 = DIRECTION('',(-0.,-1.));
#3498 = ( GEOMETRIC_REPRESENTATION_CONTEXT(2) 
PARAMETRIC_REPRESENTATION_CONTEXT() REPRESENTATION_CONTEXT('2D SPACE',''
  ) );
#3499 = ORIENTED_EDGE('',*,*,#3500,.T.);
#3500 = EDGE_CURVE('',#3473,#3501,#3503,.T.);
#3501 = VERTEX_POINT('',#3502);
#3502 = CARTESIAN_POINT('',(35.5,140.,52.9));
#3503 = SURFACE_CURVE('',#3504,(#3508,#3515),.PCURVE_S1.);
#3504 = LINE('',#3505,#3506);
#3505 = CARTESIAN_POINT('',(35.5,140.,56.9));
#3506 = VECTOR('',#3507,1.);
#3507 = DIRECTION('',(0.,1.110223024625E-16,-1.));
#3508 = PCURVE('',#485,#3509);
#3509 = DEFINITIONAL_REPRESENTATION('',(#3510),#3514);
#3510 = LINE('',#3511,#3512);
#3511 = CARTESIAN_POINT('',(122.,-112.));
#3512 = VECTOR('',#3513,1.);
#3513 = DIRECTION('',(0.,1.));
#3514 = ( GEOMETRIC_REPRESENTATION_CONTEXT(2) 
PARAMETRIC_REPRESENTATION_CONTEXT() REPRESENTATION_CONTEXT('2D SPACE',''
  ) );
#3515 = PCURVE('',#1365,#3516);
#3516 = DEFINITIONAL_REPRESENTATION('',(#3517),#3521);
#3517 = LINE('',#3518,#3519);
#3518 = CARTESIAN_POINT('',(71.,6.328271240363E-15));
#3519 = VECTOR('',#3520,1.);
#3520 = DIRECTION('',(0.,-1.));
#3521 = ( GEOMETRIC_REPRESENTATION_CONTEXT(2) 
PARAMETRIC_REPRESENTATION_CONTEXT() REPRESENTATION_CONTEXT('2D SPACE',''
  ) );
#3522 = ORIENTED_EDGE('',*,*,#3523,.T.);
#3523 = EDGE_CURVE('',#3501,#1849,#3524,.T.);
#3524 = SURFACE_CURVE('',#3525,(#3529,#3536),.PCURVE_S1.);
#3525 = LINE('',#3526,#3527);
#3526 = CARTESIAN_POINT('',(35.5,140.,52.9));
#3527 = VECTOR('',#3528,1.);
#3528 = DIRECTION('',(1.,0.,0.));
#3529 = PCURVE('',#485,#3530);
#3530 = DEFINITIONAL_REPRESENTATION('',(#3531),#3535);
#3531 = LINE('',#3532,#3533);
#3532 = CARTESIAN_POINT('',(122.,-108.));
#3533 = VECTOR('',#3534,1.);
#3534 = DIRECTION('',(-1.,0.));
#3535 = ( GEOMETRIC_REPRESENTATION_CONTEXT(2) 
PARAMETRIC_REPRESENTATION_CONTEXT() REPRESENTATION_CONTEXT('2D SPACE',''
  ) );
#3536 = PCURVE('',#1864,#3537);
#3537 = DEFINITIONAL_REPRESENTATION('',(#3538),#3542);
#3538 = LINE('',#3539,#3540);
#3539 = CARTESIAN_POINT('',(71.,0.));
#3540 = VECTOR('',#3541,1.);
#3541 = DIRECTION('',(0.,1.));
#3542 = ( GEOMETRIC_REPRESENTATION_CONTEXT(2) 
PARAMETRIC_REPRESENTATION_CONTEXT() REPRESENTATION_CONTEXT('2D SPACE',''
  ) );
#3543 = ORIENTED_EDGE('',*,*,#1876,.F.);
#3544 = ORIENTED_EDGE('',*,*,#2274,.F.);
#3545 = ORIENTED_EDGE('',*,*,#3546,.F.);
#3546 = EDGE_CURVE('',#2168,#2247,#3547,.T.);
#3547 = SURFACE_CURVE('',#3548,(#3552,#3559),.PCURVE_S1.);
#3548 = LINE('',#3549,#3550);
#3549 = CARTESIAN_POINT('',(157.5,140.,53.4));
#3550 = VECTOR('',#3551,1.);
#3551 = DIRECTION('',(-1.,0.,0.));
#3552 = PCURVE('',#485,#3553);
#3553 = DEFINITIONAL_REPRESENTATION('',(#3554),#3558);
#3554 = LINE('',#3555,#3556);
#3555 = CARTESIAN_POINT('',(0.,-108.5));
#3556 = VECTOR('',#3557,1.);
#3557 = DIRECTION('',(1.,0.));
#3558 = ( GEOMETRIC_REPRESENTATION_CONTEXT(2) 
PARAMETRIC_REPRESENTATION_CONTEXT() REPRESENTATION_CONTEXT('2D SPACE',''
  ) );
#3559 = PCURVE('',#3560,#3565);
#3560 = PLANE('',#3561);
#3561 = AXIS2_PLACEMENT_3D('',#3562,#3563,#3564);
#3562 = CARTESIAN_POINT('',(82.5,139.,53.4));
#3563 = DIRECTION('',(0.,1.110223024625E-16,-1.));
#3564 = DIRECTION('',(0.,1.,1.110223024625E-16));
#3565 = DEFINITIONAL_REPRESENTATION('',(#3566),#3570);
#3566 = LINE('',#3567,#3568);
#3567 = CARTESIAN_POINT('',(1.,75.));
#3568 = VECTOR('',#3569,1.);
#3569 = DIRECTION('',(0.,-1.));
#3570 = ( GEOMETRIC_REPRESENTATION_CONTEXT(2) 
PARAMETRIC_REPRESENTATION_CONTEXT() REPRESENTATION_CONTEXT('2D SPACE',''
  ) );
#3571 = ORIENTED_EDGE('',*,*,#2167,.F.);
#3572 = ORIENTED_EDGE('',*,*,#3573,.T.);
#3573 = EDGE_CURVE('',#2140,#3574,#3576,.T.);
#3574 = VERTEX_POINT('',#3575);
#3575 = CARTESIAN_POINT('',(153.5,140.,11.9));
#3576 = SURFACE_CURVE('',#3577,(#3581,#3588),.PCURVE_S1.);
#3577 = LINE('',#3578,#3579);
#3578 = CARTESIAN_POINT('',(153.5,140.,53.4));
#3579 = VECTOR('',#3580,1.);
#3580 = DIRECTION('',(0.,1.110223024625E-16,-1.));
#3581 = PCURVE('',#485,#3582);
#3582 = DEFINITIONAL_REPRESENTATION('',(#3583),#3587);
#3583 = LINE('',#3584,#3585);
#3584 = CARTESIAN_POINT('',(4.,-108.5));
#3585 = VECTOR('',#3586,1.);
#3586 = DIRECTION('',(0.,1.));
#3587 = ( GEOMETRIC_REPRESENTATION_CONTEXT(2) 
PARAMETRIC_REPRESENTATION_CONTEXT() REPRESENTATION_CONTEXT('2D SPACE',''
  ) );
#3588 = PCURVE('',#2155,#3589);
#3589 = DEFINITIONAL_REPRESENTATION('',(#3590),#3594);
#3590 = LINE('',#3591,#3592);
#3591 = CARTESIAN_POINT('',(71.,6.328271240363E-15));
#3592 = VECTOR('',#3593,1.);
#3593 = DIRECTION('',(0.,-1.));
#3594 = ( GEOMETRIC_REPRESENTATION_CONTEXT(2) 
PARAMETRIC_REPRESENTATION_CONTEXT() REPRESENTATION_CONTEXT('2D SPACE',''
  ) );
#3595 = ORIENTED_EDGE('',*,*,#3596,.F.);
#3596 = EDGE_CURVE('',#3597,#3574,#3599,.T.);
#3597 = VERTEX_POINT('',#3598);
#3598 = CARTESIAN_POINT('',(152.5,140.,11.9));
#3599 = SURFACE_CURVE('',#3600,(#3604,#3611),.PCURVE_S1.);
#3600 = LINE('',#3601,#3602);
#3601 = CARTESIAN_POINT('',(145.5,140.,11.9));
#3602 = VECTOR('',#3603,1.);
#3603 = DIRECTION('',(1.,0.,0.));
#3604 = PCURVE('',#485,#3605);
#3605 = DEFINITIONAL_REPRESENTATION('',(#3606),#3610);
#3606 = LINE('',#3607,#3608);
#3607 = CARTESIAN_POINT('',(12.,-67.));
#3608 = VECTOR('',#3609,1.);
#3609 = DIRECTION('',(-1.,0.));
#3610 = ( GEOMETRIC_REPRESENTATION_CONTEXT(2) 
PARAMETRIC_REPRESENTATION_CONTEXT() REPRESENTATION_CONTEXT('2D SPACE',''
  ) );
#3611 = PCURVE('',#3612,#3617);
#3612 = PLANE('',#3613);
#3613 = AXIS2_PLACEMENT_3D('',#3614,#3615,#3616);
#3614 = CARTESIAN_POINT('',(145.5,128.,11.9));
#3615 = DIRECTION('',(0.,1.110223024625E-16,-1.));
#3616 = DIRECTION('',(0.,1.,1.110223024625E-16));
#3617 = DEFINITIONAL_REPRESENTATION('',(#3618),#3622);
#3618 = LINE('',#3619,#3620);
#3619 = CARTESIAN_POINT('',(12.,0.));
#3620 = VECTOR('',#3621,1.);
#3621 = DIRECTION('',(0.,1.));
#3622 = ( GEOMETRIC_REPRESENTATION_CONTEXT(2) 
PARAMETRIC_REPRESENTATION_CONTEXT() REPRESENTATION_CONTEXT('2D SPACE',''
  ) );
#3623 = ORIENTED_EDGE('',*,*,#3624,.F.);
#3624 = EDGE_CURVE('',#3625,#3597,#3627,.T.);
#3625 = VERTEX_POINT('',#3626);
#3626 = CARTESIAN_POINT('',(152.5,140.,1.831867990632E-14));
#3627 = SURFACE_CURVE('',#3628,(#3632,#3639),.PCURVE_S1.);
#3628 = LINE('',#3629,#3630);
#3629 = CARTESIAN_POINT('',(152.5,140.,32.65));
#3630 = VECTOR('',#3631,1.);
#3631 = DIRECTION('',(0.,-1.110223024625E-16,1.));
#3632 = PCURVE('',#485,#3633);
#3633 = DEFINITIONAL_REPRESENTATION('',(#3634),#3638);
#3634 = LINE('',#3635,#3636);
#3635 = CARTESIAN_POINT('',(5.,-87.75));
#3636 = VECTOR('',#3637,1.);
#3637 = DIRECTION('',(0.,-1.));
#3638 = ( GEOMETRIC_REPRESENTATION_CONTEXT(2) 
PARAMETRIC_REPRESENTATION_CONTEXT() REPRESENTATION_CONTEXT('2D SPACE',''
  ) );
#3639 = PCURVE('',#2206,#3640);
#3640 = DEFINITIONAL_REPRESENTATION('',(#3641),#3645);
#3641 = LINE('',#3642,#3643);
#3642 = CARTESIAN_POINT('',(1.,-20.75));
#3643 = VECTOR('',#3644,1.);
#3644 = DIRECTION('',(0.,1.));
#3645 = ( GEOMETRIC_REPRESENTATION_CONTEXT(2) 
PARAMETRIC_REPRESENTATION_CONTEXT() REPRESENTATION_CONTEXT('2D SPACE',''
  ) );
#3646 = ORIENTED_EDGE('',*,*,#3647,.T.);
#3647 = EDGE_CURVE('',#3625,#3648,#3650,.T.);
#3648 = VERTEX_POINT('',#3649);
#3649 = CARTESIAN_POINT('',(157.5,140.,1.831867990632E-14));
#3650 = SURFACE_CURVE('',#3651,(#3655,#3662),.PCURVE_S1.);
#3651 = LINE('',#3652,#3653);
#3652 = CARTESIAN_POINT('',(25.,140.,1.831867990632E-14));
#3653 = VECTOR('',#3654,1.);
#3654 = DIRECTION('',(1.,0.,0.));
#3655 = PCURVE('',#485,#3656);
#3656 = DEFINITIONAL_REPRESENTATION('',(#3657),#3661);
#3657 = LINE('',#3658,#3659);
#3658 = CARTESIAN_POINT('',(132.5,-55.1));
#3659 = VECTOR('',#3660,1.);
#3660 = DIRECTION('',(-1.,0.));
#3661 = ( GEOMETRIC_REPRESENTATION_CONTEXT(2) 
PARAMETRIC_REPRESENTATION_CONTEXT() REPRESENTATION_CONTEXT('2D SPACE',''
  ) );
#3662 = PCURVE('',#3663,#3668);
#3663 = PLANE('',#3664);
#3664 = AXIS2_PLACEMENT_3D('',#3665,#3666,#3667);
#3665 = CARTESIAN_POINT('',(-107.5,-115.,-9.992007221626E-15));
#3666 = DIRECTION('',(0.,1.110223024625E-16,-1.));
#3667 = DIRECTION('',(0.,1.,1.110223024625E-16));
#3668 = DEFINITIONAL_REPRESENTATION('',(#3669),#3673);
#3669 = LINE('',#3670,#3671);
#3670 = CARTESIAN_POINT('',(255.,132.5));
#3671 = VECTOR('',#3672,1.);
#3672 = DIRECTION('',(0.,1.));
#3673 = ( GEOMETRIC_REPRESENTATION_CONTEXT(2) 
PARAMETRIC_REPRESENTATION_CONTEXT() REPRESENTATION_CONTEXT('2D SPACE',''
  ) );
#3674 = ORIENTED_EDGE('',*,*,#3675,.F.);
#3675 = EDGE_CURVE('',#3676,#3648,#3678,.T.);
#3676 = VERTEX_POINT('',#3677);
#3677 = CARTESIAN_POINT('',(157.5,140.,56.4));
#3678 = SURFACE_CURVE('',#3679,(#3683,#3690),.PCURVE_S1.);
#3679 = LINE('',#3680,#3681);
#3680 = CARTESIAN_POINT('',(157.5,140.,56.4));
#3681 = VECTOR('',#3682,1.);
#3682 = DIRECTION('',(0.,1.110223024625E-16,-1.));
#3683 = PCURVE('',#485,#3684);
#3684 = DEFINITIONAL_REPRESENTATION('',(#3685),#3689);
#3685 = LINE('',#3686,#3687);
#3686 = CARTESIAN_POINT('',(0.,-111.5));
#3687 = VECTOR('',#3688,1.);
#3688 = DIRECTION('',(0.,1.));
#3689 = ( GEOMETRIC_REPRESENTATION_CONTEXT(2) 
PARAMETRIC_REPRESENTATION_CONTEXT() REPRESENTATION_CONTEXT('2D SPACE',''
  ) );
#3690 = PCURVE('',#3691,#3696);
#3691 = PLANE('',#3692);
#3692 = AXIS2_PLACEMENT_3D('',#3693,#3694,#3695);
#3693 = CARTESIAN_POINT('',(157.5,69.,-55.1));
#3694 = DIRECTION('',(-1.,0.,0.));
#3695 = DIRECTION('',(0.,1.,1.110223024625E-16));
#3696 = DEFINITIONAL_REPRESENTATION('',(#3697),#3701);
#3697 = LINE('',#3698,#3699);
#3698 = CARTESIAN_POINT('',(71.,-111.5));
#3699 = VECTOR('',#3700,1.);
#3700 = DIRECTION('',(0.,1.));
#3701 = ( GEOMETRIC_REPRESENTATION_CONTEXT(2) 
PARAMETRIC_REPRESENTATION_CONTEXT() REPRESENTATION_CONTEXT('2D SPACE',''
  ) );
#3702 = ORIENTED_EDGE('',*,*,#3703,.T.);
#3703 = EDGE_CURVE('',#3676,#1539,#3704,.T.);
#3704 = SURFACE_CURVE('',#3705,(#3709,#3716),.PCURVE_S1.);
#3705 = LINE('',#3706,#3707);
#3706 = CARTESIAN_POINT('',(157.5,140.,56.4));
#3707 = VECTOR('',#3708,1.);
#3708 = DIRECTION('',(-1.,0.,0.));
#3709 = PCURVE('',#485,#3710);
#3710 = DEFINITIONAL_REPRESENTATION('',(#3711),#3715);
#3711 = LINE('',#3712,#3713);
#3712 = CARTESIAN_POINT('',(0.,-111.5));
#3713 = VECTOR('',#3714,1.);
#3714 = DIRECTION('',(1.,0.));
#3715 = ( GEOMETRIC_REPRESENTATION_CONTEXT(2) 
PARAMETRIC_REPRESENTATION_CONTEXT() REPRESENTATION_CONTEXT('2D SPACE',''
  ) );
#3716 = PCURVE('',#1633,#3717);
#3717 = DEFINITIONAL_REPRESENTATION('',(#3718),#3722);
#3718 = LINE('',#3719,#3720);
#3719 = CARTESIAN_POINT('',(-40.85983263598,76.443514644351));
#3720 = VECTOR('',#3721,1.);
#3721 = DIRECTION('',(-0.,-1.));
#3722 = ( GEOMETRIC_REPRESENTATION_CONTEXT(2) 
PARAMETRIC_REPRESENTATION_CONTEXT() REPRESENTATION_CONTEXT('2D SPACE',''
  ) );
#3723 = ORIENTED_EDGE('',*,*,#1536,.F.);
#3724 = ORIENTED_EDGE('',*,*,#3725,.F.);
#3725 = EDGE_CURVE('',#3726,#1537,#3728,.T.);
#3726 = VERTEX_POINT('',#3727);
#3727 = CARTESIAN_POINT('',(35.5,140.,56.9));
#3728 = SURFACE_CURVE('',#3729,(#3733,#3740),.PCURVE_S1.);
#3729 = LINE('',#3730,#3731);
#3730 = CARTESIAN_POINT('',(35.5,140.,56.9));
#3731 = VECTOR('',#3732,1.);
#3732 = DIRECTION('',(1.,0.,0.));
#3733 = PCURVE('',#485,#3734);
#3734 = DEFINITIONAL_REPRESENTATION('',(#3735),#3739);
#3735 = LINE('',#3736,#3737);
#3736 = CARTESIAN_POINT('',(122.,-112.));
#3737 = VECTOR('',#3738,1.);
#3738 = DIRECTION('',(-1.,0.));
#3739 = ( GEOMETRIC_REPRESENTATION_CONTEXT(2) 
PARAMETRIC_REPRESENTATION_CONTEXT() REPRESENTATION_CONTEXT('2D SPACE',''
  ) );
#3740 = PCURVE('',#1577,#3741);
#3741 = DEFINITIONAL_REPRESENTATION('',(#3742),#3746);
#3742 = LINE('',#3743,#3744);
#3743 = CARTESIAN_POINT('',(71.,0.));
#3744 = VECTOR('',#3745,1.);
#3745 = DIRECTION('',(0.,1.));
#3746 = ( GEOMETRIC_REPRESENTATION_CONTEXT(2) 
PARAMETRIC_REPRESENTATION_CONTEXT() REPRESENTATION_CONTEXT('2D SPACE',''
  ) );
#3747 = ORIENTED_EDGE('',*,*,#3748,.T.);
#3748 = EDGE_CURVE('',#3726,#2421,#3749,.T.);
#3749 = SURFACE_CURVE('',#3750,(#3754,#3761),.PCURVE_S1.);
#3750 = LINE('',#3751,#3752);
#3751 = CARTESIAN_POINT('',(35.5,140.,56.9));
#3752 = VECTOR('',#3753,1.);
#3753 = DIRECTION('',(0.,1.110223024625E-16,-1.));
#3754 = PCURVE('',#485,#3755);
#3755 = DEFINITIONAL_REPRESENTATION('',(#3756),#3760);
#3756 = LINE('',#3757,#3758);
#3757 = CARTESIAN_POINT('',(122.,-112.));
#3758 = VECTOR('',#3759,1.);
#3759 = DIRECTION('',(0.,1.));
#3760 = ( GEOMETRIC_REPRESENTATION_CONTEXT(2) 
PARAMETRIC_REPRESENTATION_CONTEXT() REPRESENTATION_CONTEXT('2D SPACE',''
  ) );
#3761 = PCURVE('',#1365,#3762);
#3762 = DEFINITIONAL_REPRESENTATION('',(#3763),#3767);
#3763 = LINE('',#3764,#3765);
#3764 = CARTESIAN_POINT('',(71.,6.328271240363E-15));
#3765 = VECTOR('',#3766,1.);
#3766 = DIRECTION('',(0.,-1.));
#3767 = ( GEOMETRIC_REPRESENTATION_CONTEXT(2) 
PARAMETRIC_REPRESENTATION_CONTEXT() REPRESENTATION_CONTEXT('2D SPACE',''
  ) );
#3768 = ORIENTED_EDGE('',*,*,#2420,.T.);
#3769 = ADVANCED_FACE('',(#3770,#3842),#796,.T.);
#3770 = FACE_BOUND('',#3771,.T.);
#3771 = EDGE_LOOP('',(#3772,#3773,#3796,#3819,#3840,#3841));
#3772 = ORIENTED_EDGE('',*,*,#782,.T.);
#3773 = ORIENTED_EDGE('',*,*,#3774,.T.);
#3774 = EDGE_CURVE('',#760,#3775,#3777,.T.);
#3775 = VERTEX_POINT('',#3776);
#3776 = CARTESIAN_POINT('',(14.5,73.,53.4));
#3777 = SURFACE_CURVE('',#3778,(#3782,#3789),.PCURVE_S1.);
#3778 = LINE('',#3779,#3780);
#3779 = CARTESIAN_POINT('',(14.5,73.,-53.6));
#3780 = VECTOR('',#3781,1.);
#3781 = DIRECTION('',(0.,-1.110223024625E-16,1.));
#3782 = PCURVE('',#796,#3783);
#3783 = DEFINITIONAL_REPRESENTATION('',(#3784),#3788);
#3784 = LINE('',#3785,#3786);
#3785 = CARTESIAN_POINT('',(4.,107.));
#3786 = VECTOR('',#3787,1.);
#3787 = DIRECTION('',(0.,-1.));
#3788 = ( GEOMETRIC_REPRESENTATION_CONTEXT(2) 
PARAMETRIC_REPRESENTATION_CONTEXT() REPRESENTATION_CONTEXT('2D SPACE',''
  ) );
#3789 = PCURVE('',#663,#3790);
#3790 = DEFINITIONAL_REPRESENTATION('',(#3791),#3795);
#3791 = LINE('',#3792,#3793);
#3792 = CARTESIAN_POINT('',(4.,-107.));
#3793 = VECTOR('',#3794,1.);
#3794 = DIRECTION('',(0.,1.));
#3795 = ( GEOMETRIC_REPRESENTATION_CONTEXT(2) 
PARAMETRIC_REPRESENTATION_CONTEXT() REPRESENTATION_CONTEXT('2D SPACE',''
  ) );
#3796 = ORIENTED_EDGE('',*,*,#3797,.T.);
#3797 = EDGE_CURVE('',#3775,#3798,#3800,.T.);
#3798 = VERTEX_POINT('',#3799);
#3799 = CARTESIAN_POINT('',(35.5,73.,53.4));
#3800 = SURFACE_CURVE('',#3801,(#3805,#3812),.PCURVE_S1.);
#3801 = LINE('',#3802,#3803);
#3802 = CARTESIAN_POINT('',(14.5,73.,53.4));
#3803 = VECTOR('',#3804,1.);
#3804 = DIRECTION('',(1.,0.,0.));
#3805 = PCURVE('',#796,#3806);
#3806 = DEFINITIONAL_REPRESENTATION('',(#3807),#3811);
#3807 = LINE('',#3808,#3809);
#3808 = CARTESIAN_POINT('',(4.,0.));
#3809 = VECTOR('',#3810,1.);
#3810 = DIRECTION('',(1.,0.));
#3811 = ( GEOMETRIC_REPRESENTATION_CONTEXT(2) 
PARAMETRIC_REPRESENTATION_CONTEXT() REPRESENTATION_CONTEXT('2D SPACE',''
  ) );
#3812 = PCURVE('',#3488,#3813);
#3813 = DEFINITIONAL_REPRESENTATION('',(#3814),#3818);
#3814 = LINE('',#3815,#3816);
#3815 = CARTESIAN_POINT('',(26.140167364017,-66.55648535564));
#3816 = VECTOR('',#3817,1.);
#3817 = DIRECTION('',(0.,1.));
#3818 = ( GEOMETRIC_REPRESENTATION_CONTEXT(2) 
PARAMETRIC_REPRESENTATION_CONTEXT() REPRESENTATION_CONTEXT('2D SPACE',''
  ) );
#3819 = ORIENTED_EDGE('',*,*,#3820,.F.);
#3820 = EDGE_CURVE('',#1327,#3798,#3821,.T.);
#3821 = SURFACE_CURVE('',#3822,(#3826,#3833),.PCURVE_S1.);
#3822 = LINE('',#3823,#3824);
#3823 = CARTESIAN_POINT('',(35.5,73.,55.15));
#3824 = VECTOR('',#3825,1.);
#3825 = DIRECTION('',(0.,-1.110223024625E-16,1.));
#3826 = PCURVE('',#796,#3827);
#3827 = DEFINITIONAL_REPRESENTATION('',(#3828),#3832);
#3828 = LINE('',#3829,#3830);
#3829 = CARTESIAN_POINT('',(25.,-1.75));
#3830 = VECTOR('',#3831,1.);
#3831 = DIRECTION('',(0.,-1.));
#3832 = ( GEOMETRIC_REPRESENTATION_CONTEXT(2) 
PARAMETRIC_REPRESENTATION_CONTEXT() REPRESENTATION_CONTEXT('2D SPACE',''
  ) );
#3833 = PCURVE('',#1365,#3834);
#3834 = DEFINITIONAL_REPRESENTATION('',(#3835),#3839);
#3835 = LINE('',#3836,#3837);
#3836 = CARTESIAN_POINT('',(4.,-1.75));
#3837 = VECTOR('',#3838,1.);
#3838 = DIRECTION('',(0.,1.));
#3839 = ( GEOMETRIC_REPRESENTATION_CONTEXT(2) 
PARAMETRIC_REPRESENTATION_CONTEXT() REPRESENTATION_CONTEXT('2D SPACE',''
  ) );
#3840 = ORIENTED_EDGE('',*,*,#1326,.T.);
#3841 = ORIENTED_EDGE('',*,*,#873,.T.);
#3842 = FACE_BOUND('',#3843,.T.);
#3843 = EDGE_LOOP('',(#3844,#3874,#3902,#3930));
#3844 = ORIENTED_EDGE('',*,*,#3845,.T.);
#3845 = EDGE_CURVE('',#3846,#3848,#3850,.T.);
#3846 = VERTEX_POINT('',#3847);
#3847 = CARTESIAN_POINT('',(15.571796769725,73.,39.9));
#3848 = VERTEX_POINT('',#3849);
#3849 = CARTESIAN_POINT('',(29.428203230275,73.,39.9));
#3850 = SURFACE_CURVE('',#3851,(#3855,#3862),.PCURVE_S1.);
#3851 = LINE('',#3852,#3853);
#3852 = CARTESIAN_POINT('',(14.5,73.,39.9));
#3853 = VECTOR('',#3854,1.);
#3854 = DIRECTION('',(1.,0.,0.));
#3855 = PCURVE('',#796,#3856);
#3856 = DEFINITIONAL_REPRESENTATION('',(#3857),#3861);
#3857 = LINE('',#3858,#3859);
#3858 = CARTESIAN_POINT('',(4.,13.5));
#3859 = VECTOR('',#3860,1.);
#3860 = DIRECTION('',(1.,0.));
#3861 = ( GEOMETRIC_REPRESENTATION_CONTEXT(2) 
PARAMETRIC_REPRESENTATION_CONTEXT() REPRESENTATION_CONTEXT('2D SPACE',''
  ) );
#3862 = PCURVE('',#3863,#3868);
#3863 = PLANE('',#3864);
#3864 = AXIS2_PLACEMENT_3D('',#3865,#3866,#3867);
#3865 = CARTESIAN_POINT('',(22.5,42.,39.9));
#3866 = DIRECTION('',(0.,1.110223024625E-16,-1.));
#3867 = DIRECTION('',(0.,1.,1.110223024625E-16));
#3868 = DEFINITIONAL_REPRESENTATION('',(#3869),#3873);
#3869 = LINE('',#3870,#3871);
#3870 = CARTESIAN_POINT('',(31.,-8.));
#3871 = VECTOR('',#3872,1.);
#3872 = DIRECTION('',(0.,1.));
#3873 = ( GEOMETRIC_REPRESENTATION_CONTEXT(2) 
PARAMETRIC_REPRESENTATION_CONTEXT() REPRESENTATION_CONTEXT('2D SPACE',''
  ) );
#3874 = ORIENTED_EDGE('',*,*,#3875,.F.);
#3875 = EDGE_CURVE('',#3876,#3848,#3878,.T.);
#3876 = VERTEX_POINT('',#3877);
#3877 = CARTESIAN_POINT('',(29.428203230276,73.,45.9));
#3878 = SURFACE_CURVE('',#3879,(#3883,#3890),.PCURVE_S1.);
#3879 = LINE('',#3880,#3881);
#3880 = CARTESIAN_POINT('',(29.428203230276,73.,45.9));
#3881 = VECTOR('',#3882,1.);
#3882 = DIRECTION('',(0.,1.110223024625E-16,-1.));
#3883 = PCURVE('',#796,#3884);
#3884 = DEFINITIONAL_REPRESENTATION('',(#3885),#3889);
#3885 = LINE('',#3886,#3887);
#3886 = CARTESIAN_POINT('',(18.928203230276,7.5));
#3887 = VECTOR('',#3888,1.);
#3888 = DIRECTION('',(0.,1.));
#3889 = ( GEOMETRIC_REPRESENTATION_CONTEXT(2) 
PARAMETRIC_REPRESENTATION_CONTEXT() REPRESENTATION_CONTEXT('2D SPACE',''
  ) );
#3890 = PCURVE('',#3891,#3896);
#3891 = CYLINDRICAL_SURFACE('',#3892,8.);
#3892 = AXIS2_PLACEMENT_3D('',#3893,#3894,#3895);
#3893 = CARTESIAN_POINT('',(22.5,69.,45.9));
#3894 = DIRECTION('',(0.,1.110223024625E-16,-1.));
#3895 = DIRECTION('',(0.,1.,1.110223024625E-16));
#3896 = DEFINITIONAL_REPRESENTATION('',(#3897),#3901);
#3897 = LINE('',#3898,#3899);
#3898 = CARTESIAN_POINT('',(7.330382858376,0.));
#3899 = VECTOR('',#3900,1.);
#3900 = DIRECTION('',(0.,1.));
#3901 = ( GEOMETRIC_REPRESENTATION_CONTEXT(2) 
PARAMETRIC_REPRESENTATION_CONTEXT() REPRESENTATION_CONTEXT('2D SPACE',''
  ) );
#3902 = ORIENTED_EDGE('',*,*,#3903,.F.);
#3903 = EDGE_CURVE('',#3904,#3876,#3906,.T.);
#3904 = VERTEX_POINT('',#3905);
#3905 = CARTESIAN_POINT('',(15.571796769724,73.,45.9));
#3906 = SURFACE_CURVE('',#3907,(#3911,#3918),.PCURVE_S1.);
#3907 = LINE('',#3908,#3909);
#3908 = CARTESIAN_POINT('',(16.5,73.,45.9));
#3909 = VECTOR('',#3910,1.);
#3910 = DIRECTION('',(1.,0.,0.));
#3911 = PCURVE('',#796,#3912);
#3912 = DEFINITIONAL_REPRESENTATION('',(#3913),#3917);
#3913 = LINE('',#3914,#3915);
#3914 = CARTESIAN_POINT('',(6.,7.5));
#3915 = VECTOR('',#3916,1.);
#3916 = DIRECTION('',(1.,0.));
#3917 = ( GEOMETRIC_REPRESENTATION_CONTEXT(2) 
PARAMETRIC_REPRESENTATION_CONTEXT() REPRESENTATION_CONTEXT('2D SPACE',''
  ) );
#3918 = PCURVE('',#3919,#3924);
#3919 = PLANE('',#3920);
#3920 = AXIS2_PLACEMENT_3D('',#3921,#3922,#3923);
#3921 = CARTESIAN_POINT('',(22.5,42.,45.9));
#3922 = DIRECTION('',(0.,1.110223024625E-16,-1.));
#3923 = DIRECTION('',(0.,1.,1.110223024625E-16));
#3924 = DEFINITIONAL_REPRESENTATION('',(#3925),#3929);
#3925 = LINE('',#3926,#3927);
#3926 = CARTESIAN_POINT('',(31.,-6.));
#3927 = VECTOR('',#3928,1.);
#3928 = DIRECTION('',(0.,1.));
#3929 = ( GEOMETRIC_REPRESENTATION_CONTEXT(2) 
PARAMETRIC_REPRESENTATION_CONTEXT() REPRESENTATION_CONTEXT('2D SPACE',''
  ) );
#3930 = ORIENTED_EDGE('',*,*,#3931,.T.);
#3931 = EDGE_CURVE('',#3904,#3846,#3932,.T.);
#3932 = SURFACE_CURVE('',#3933,(#3937,#3944),.PCURVE_S1.);
#3933 = LINE('',#3934,#3935);
#3934 = CARTESIAN_POINT('',(15.571796769724,73.,45.9));
#3935 = VECTOR('',#3936,1.);
#3936 = DIRECTION('',(0.,1.110223024625E-16,-1.));
#3937 = PCURVE('',#796,#3938);
#3938 = DEFINITIONAL_REPRESENTATION('',(#3939),#3943);
#3939 = LINE('',#3940,#3941);
#3940 = CARTESIAN_POINT('',(5.071796769724,7.5));
#3941 = VECTOR('',#3942,1.);
#3942 = DIRECTION('',(0.,1.));
#3943 = ( GEOMETRIC_REPRESENTATION_CONTEXT(2) 
PARAMETRIC_REPRESENTATION_CONTEXT() REPRESENTATION_CONTEXT('2D SPACE',''
  ) );
#3944 = PCURVE('',#3891,#3945);
#3945 = DEFINITIONAL_REPRESENTATION('',(#3946),#3950);
#3946 = LINE('',#3947,#3948);
#3947 = CARTESIAN_POINT('',(5.235987755983,0.));
#3948 = VECTOR('',#3949,1.);
#3949 = DIRECTION('',(0.,1.));
#3950 = ( GEOMETRIC_REPRESENTATION_CONTEXT(2) 
PARAMETRIC_REPRESENTATION_CONTEXT() REPRESENTATION_CONTEXT('2D SPACE',''
  ) );
#3951 = ADVANCED_FACE('',(#3952),#663,.T.);
#3952 = FACE_BOUND('',#3953,.T.);
#3953 = EDGE_LOOP('',(#3954,#3975,#3976,#3977,#4000,#4028,#4049,#4050,
    #4073,#4094));
#3954 = ORIENTED_EDGE('',*,*,#3955,.F.);
#3955 = EDGE_CURVE('',#3775,#3450,#3956,.T.);
#3956 = SURFACE_CURVE('',#3957,(#3961,#3968),.PCURVE_S1.);
#3957 = LINE('',#3958,#3959);
#3958 = CARTESIAN_POINT('',(14.5,69.,53.4));
#3959 = VECTOR('',#3960,1.);
#3960 = DIRECTION('',(0.,1.,1.110223024625E-16));
#3961 = PCURVE('',#663,#3962);
#3962 = DEFINITIONAL_REPRESENTATION('',(#3963),#3967);
#3963 = LINE('',#3964,#3965);
#3964 = CARTESIAN_POINT('',(0.,0.));
#3965 = VECTOR('',#3966,1.);
#3966 = DIRECTION('',(1.,0.));
#3967 = ( GEOMETRIC_REPRESENTATION_CONTEXT(2) 
PARAMETRIC_REPRESENTATION_CONTEXT() REPRESENTATION_CONTEXT('2D SPACE',''
  ) );
#3968 = PCURVE('',#3488,#3969);
#3969 = DEFINITIONAL_REPRESENTATION('',(#3970),#3974);
#3970 = LINE('',#3971,#3972);
#3971 = CARTESIAN_POINT('',(30.140167364017,-66.55648535564));
#3972 = VECTOR('',#3973,1.);
#3973 = DIRECTION('',(-1.,0.));
#3974 = ( GEOMETRIC_REPRESENTATION_CONTEXT(2) 
PARAMETRIC_REPRESENTATION_CONTEXT() REPRESENTATION_CONTEXT('2D SPACE',''
  ) );
#3975 = ORIENTED_EDGE('',*,*,#3774,.F.);
#3976 = ORIENTED_EDGE('',*,*,#759,.T.);
#3977 = ORIENTED_EDGE('',*,*,#3978,.T.);
#3978 = EDGE_CURVE('',#732,#3979,#3981,.T.);
#3979 = VERTEX_POINT('',#3980);
#3980 = CARTESIAN_POINT('',(14.5,83.,11.9));
#3981 = SURFACE_CURVE('',#3982,(#3986,#3993),.PCURVE_S1.);
#3982 = LINE('',#3983,#3984);
#3983 = CARTESIAN_POINT('',(14.5,83.,32.65));
#3984 = VECTOR('',#3985,1.);
#3985 = DIRECTION('',(0.,-1.110223024625E-16,1.));
#3986 = PCURVE('',#663,#3987);
#3987 = DEFINITIONAL_REPRESENTATION('',(#3988),#3992);
#3988 = LINE('',#3989,#3990);
#3989 = CARTESIAN_POINT('',(14.,-20.75));
#3990 = VECTOR('',#3991,1.);
#3991 = DIRECTION('',(0.,1.));
#3992 = ( GEOMETRIC_REPRESENTATION_CONTEXT(2) 
PARAMETRIC_REPRESENTATION_CONTEXT() REPRESENTATION_CONTEXT('2D SPACE',''
  ) );
#3993 = PCURVE('',#747,#3994);
#3994 = DEFINITIONAL_REPRESENTATION('',(#3995),#3999);
#3995 = LINE('',#3996,#3997);
#3996 = CARTESIAN_POINT('',(3.,-20.75));
#3997 = VECTOR('',#3998,1.);
#3998 = DIRECTION('',(0.,-1.));
#3999 = ( GEOMETRIC_REPRESENTATION_CONTEXT(2) 
PARAMETRIC_REPRESENTATION_CONTEXT() REPRESENTATION_CONTEXT('2D SPACE',''
  ) );
#4000 = ORIENTED_EDGE('',*,*,#4001,.T.);
#4001 = EDGE_CURVE('',#3979,#4002,#4004,.T.);
#4002 = VERTEX_POINT('',#4003);
#4003 = CARTESIAN_POINT('',(14.5,95.,11.9));
#4004 = SURFACE_CURVE('',#4005,(#4009,#4016),.PCURVE_S1.);
#4005 = LINE('',#4006,#4007);
#4006 = CARTESIAN_POINT('',(14.5,76.,11.9));
#4007 = VECTOR('',#4008,1.);
#4008 = DIRECTION('',(0.,1.,1.110223024625E-16));
#4009 = PCURVE('',#663,#4010);
#4010 = DEFINITIONAL_REPRESENTATION('',(#4011),#4015);
#4011 = LINE('',#4012,#4013);
#4012 = CARTESIAN_POINT('',(7.,-41.5));
#4013 = VECTOR('',#4014,1.);
#4014 = DIRECTION('',(1.,0.));
#4015 = ( GEOMETRIC_REPRESENTATION_CONTEXT(2) 
PARAMETRIC_REPRESENTATION_CONTEXT() REPRESENTATION_CONTEXT('2D SPACE',''
  ) );
#4016 = PCURVE('',#4017,#4022);
#4017 = PLANE('',#4018);
#4018 = AXIS2_PLACEMENT_3D('',#4019,#4020,#4021);
#4019 = CARTESIAN_POINT('',(11.5,83.,11.9));
#4020 = DIRECTION('',(0.,1.110223024625E-16,-1.));
#4021 = DIRECTION('',(0.,1.,1.110223024625E-16));
#4022 = DEFINITIONAL_REPRESENTATION('',(#4023),#4027);
#4023 = LINE('',#4024,#4025);
#4024 = CARTESIAN_POINT('',(-7.,3.));
#4025 = VECTOR('',#4026,1.);
#4026 = DIRECTION('',(1.,0.));
#4027 = ( GEOMETRIC_REPRESENTATION_CONTEXT(2) 
PARAMETRIC_REPRESENTATION_CONTEXT() REPRESENTATION_CONTEXT('2D SPACE',''
  ) );
#4028 = ORIENTED_EDGE('',*,*,#4029,.F.);
#4029 = EDGE_CURVE('',#648,#4002,#4030,.T.);
#4030 = SURFACE_CURVE('',#4031,(#4035,#4042),.PCURVE_S1.);
#4031 = LINE('',#4032,#4033);
#4032 = CARTESIAN_POINT('',(14.5,95.,32.65));
#4033 = VECTOR('',#4034,1.);
#4034 = DIRECTION('',(0.,-1.110223024625E-16,1.));
#4035 = PCURVE('',#663,#4036);
#4036 = DEFINITIONAL_REPRESENTATION('',(#4037),#4041);
#4037 = LINE('',#4038,#4039);
#4038 = CARTESIAN_POINT('',(26.,-20.75));
#4039 = VECTOR('',#4040,1.);
#4040 = DIRECTION('',(0.,1.));
#4041 = ( GEOMETRIC_REPRESENTATION_CONTEXT(2) 
PARAMETRIC_REPRESENTATION_CONTEXT() REPRESENTATION_CONTEXT('2D SPACE',''
  ) );
#4042 = PCURVE('',#691,#4043);
#4043 = DEFINITIONAL_REPRESENTATION('',(#4044),#4048);
#4044 = LINE('',#4045,#4046);
#4045 = CARTESIAN_POINT('',(3.,-20.75));
#4046 = VECTOR('',#4047,1.);
#4047 = DIRECTION('',(0.,-1.));
#4048 = ( GEOMETRIC_REPRESENTATION_CONTEXT(2) 
PARAMETRIC_REPRESENTATION_CONTEXT() REPRESENTATION_CONTEXT('2D SPACE',''
  ) );
#4049 = ORIENTED_EDGE('',*,*,#647,.T.);
#4050 = ORIENTED_EDGE('',*,*,#4051,.T.);
#4051 = EDGE_CURVE('',#620,#4052,#4054,.T.);
#4052 = VERTEX_POINT('',#4053);
#4053 = CARTESIAN_POINT('',(14.5,128.,11.9));
#4054 = SURFACE_CURVE('',#4055,(#4059,#4066),.PCURVE_S1.);
#4055 = LINE('',#4056,#4057);
#4056 = CARTESIAN_POINT('',(14.5,128.,32.65));
#4057 = VECTOR('',#4058,1.);
#4058 = DIRECTION('',(0.,-1.110223024625E-16,1.));
#4059 = PCURVE('',#663,#4060);
#4060 = DEFINITIONAL_REPRESENTATION('',(#4061),#4065);
#4061 = LINE('',#4062,#4063);
#4062 = CARTESIAN_POINT('',(59.,-20.75));
#4063 = VECTOR('',#4064,1.);
#4064 = DIRECTION('',(0.,1.));
#4065 = ( GEOMETRIC_REPRESENTATION_CONTEXT(2) 
PARAMETRIC_REPRESENTATION_CONTEXT() REPRESENTATION_CONTEXT('2D SPACE',''
  ) );
#4066 = PCURVE('',#635,#4067);
#4067 = DEFINITIONAL_REPRESENTATION('',(#4068),#4072);
#4068 = LINE('',#4069,#4070);
#4069 = CARTESIAN_POINT('',(3.,-20.75));
#4070 = VECTOR('',#4071,1.);
#4071 = DIRECTION('',(0.,-1.));
#4072 = ( GEOMETRIC_REPRESENTATION_CONTEXT(2) 
PARAMETRIC_REPRESENTATION_CONTEXT() REPRESENTATION_CONTEXT('2D SPACE',''
  ) );
#4073 = ORIENTED_EDGE('',*,*,#4074,.T.);
#4074 = EDGE_CURVE('',#4052,#3422,#4075,.T.);
#4075 = SURFACE_CURVE('',#4076,(#4080,#4087),.PCURVE_S1.);
#4076 = LINE('',#4077,#4078);
#4077 = CARTESIAN_POINT('',(14.5,98.5,11.9));
#4078 = VECTOR('',#4079,1.);
#4079 = DIRECTION('',(0.,1.,1.110223024625E-16));
#4080 = PCURVE('',#663,#4081);
#4081 = DEFINITIONAL_REPRESENTATION('',(#4082),#4086);
#4082 = LINE('',#4083,#4084);
#4083 = CARTESIAN_POINT('',(29.5,-41.5));
#4084 = VECTOR('',#4085,1.);
#4085 = DIRECTION('',(1.,0.));
#4086 = ( GEOMETRIC_REPRESENTATION_CONTEXT(2) 
PARAMETRIC_REPRESENTATION_CONTEXT() REPRESENTATION_CONTEXT('2D SPACE',''
  ) );
#4087 = PCURVE('',#3437,#4088);
#4088 = DEFINITIONAL_REPRESENTATION('',(#4089),#4093);
#4089 = LINE('',#4090,#4091);
#4090 = CARTESIAN_POINT('',(-29.5,3.));
#4091 = VECTOR('',#4092,1.);
#4092 = DIRECTION('',(1.,0.));
#4093 = ( GEOMETRIC_REPRESENTATION_CONTEXT(2) 
PARAMETRIC_REPRESENTATION_CONTEXT() REPRESENTATION_CONTEXT('2D SPACE',''
  ) );
#4094 = ORIENTED_EDGE('',*,*,#3449,.F.);
#4095 = ADVANCED_FACE('',(#4096),#747,.F.);
#4096 = FACE_BOUND('',#4097,.F.);
#4097 = EDGE_LOOP('',(#4098,#4099,#4100,#4123));
#4098 = ORIENTED_EDGE('',*,*,#731,.T.);
#4099 = ORIENTED_EDGE('',*,*,#3978,.T.);
#4100 = ORIENTED_EDGE('',*,*,#4101,.T.);
#4101 = EDGE_CURVE('',#3979,#4102,#4104,.T.);
#4102 = VERTEX_POINT('',#4103);
#4103 = CARTESIAN_POINT('',(21.5,83.,11.9));
#4104 = SURFACE_CURVE('',#4105,(#4109,#4116),.PCURVE_S1.);
#4105 = LINE('',#4106,#4107);
#4106 = CARTESIAN_POINT('',(11.5,83.,11.9));
#4107 = VECTOR('',#4108,1.);
#4108 = DIRECTION('',(1.,0.,0.));
#4109 = PCURVE('',#747,#4110);
#4110 = DEFINITIONAL_REPRESENTATION('',(#4111),#4115);
#4111 = LINE('',#4112,#4113);
#4112 = CARTESIAN_POINT('',(0.,0.));
#4113 = VECTOR('',#4114,1.);
#4114 = DIRECTION('',(1.,0.));
#4115 = ( GEOMETRIC_REPRESENTATION_CONTEXT(2) 
PARAMETRIC_REPRESENTATION_CONTEXT() REPRESENTATION_CONTEXT('2D SPACE',''
  ) );
#4116 = PCURVE('',#4017,#4117);
#4117 = DEFINITIONAL_REPRESENTATION('',(#4118),#4122);
#4118 = LINE('',#4119,#4120);
#4119 = CARTESIAN_POINT('',(0.,0.));
#4120 = VECTOR('',#4121,1.);
#4121 = DIRECTION('',(0.,1.));
#4122 = ( GEOMETRIC_REPRESENTATION_CONTEXT(2) 
PARAMETRIC_REPRESENTATION_CONTEXT() REPRESENTATION_CONTEXT('2D SPACE',''
  ) );
#4123 = ORIENTED_EDGE('',*,*,#4124,.T.);
#4124 = EDGE_CURVE('',#4102,#704,#4125,.T.);
#4125 = SURFACE_CURVE('',#4126,(#4130,#4137),.PCURVE_S1.);
#4126 = LINE('',#4127,#4128);
#4127 = CARTESIAN_POINT('',(21.5,83.,11.9));
#4128 = VECTOR('',#4129,1.);
#4129 = DIRECTION('',(0.,1.110223024625E-16,-1.));
#4130 = PCURVE('',#747,#4131);
#4131 = DEFINITIONAL_REPRESENTATION('',(#4132),#4136);
#4132 = LINE('',#4133,#4134);
#4133 = CARTESIAN_POINT('',(10.,0.));
#4134 = VECTOR('',#4135,1.);
#4135 = DIRECTION('',(0.,1.));
#4136 = ( GEOMETRIC_REPRESENTATION_CONTEXT(2) 
PARAMETRIC_REPRESENTATION_CONTEXT() REPRESENTATION_CONTEXT('2D SPACE',''
  ) );
#4137 = PCURVE('',#719,#4138);
#4138 = DEFINITIONAL_REPRESENTATION('',(#4139),#4143);
#4139 = LINE('',#4140,#4141);
#4140 = CARTESIAN_POINT('',(0.,0.));
#4141 = VECTOR('',#4142,1.);
#4142 = DIRECTION('',(0.,-1.));
#4143 = ( GEOMETRIC_REPRESENTATION_CONTEXT(2) 
PARAMETRIC_REPRESENTATION_CONTEXT() REPRESENTATION_CONTEXT('2D SPACE',''
  ) );
#4144 = ADVANCED_FACE('',(#4145),#719,.T.);
#4145 = FACE_BOUND('',#4146,.T.);
#4146 = EDGE_LOOP('',(#4147,#4170,#4191,#4192));
#4147 = ORIENTED_EDGE('',*,*,#4148,.F.);
#4148 = EDGE_CURVE('',#4149,#676,#4151,.T.);
#4149 = VERTEX_POINT('',#4150);
#4150 = CARTESIAN_POINT('',(21.5,95.,11.9));
#4151 = SURFACE_CURVE('',#4152,(#4156,#4163),.PCURVE_S1.);
#4152 = LINE('',#4153,#4154);
#4153 = CARTESIAN_POINT('',(21.5,95.,11.9));
#4154 = VECTOR('',#4155,1.);
#4155 = DIRECTION('',(0.,1.110223024625E-16,-1.));
#4156 = PCURVE('',#719,#4157);
#4157 = DEFINITIONAL_REPRESENTATION('',(#4158),#4162);
#4158 = LINE('',#4159,#4160);
#4159 = CARTESIAN_POINT('',(12.,4.440892098501E-16));
#4160 = VECTOR('',#4161,1.);
#4161 = DIRECTION('',(0.,-1.));
#4162 = ( GEOMETRIC_REPRESENTATION_CONTEXT(2) 
PARAMETRIC_REPRESENTATION_CONTEXT() REPRESENTATION_CONTEXT('2D SPACE',''
  ) );
#4163 = PCURVE('',#691,#4164);
#4164 = DEFINITIONAL_REPRESENTATION('',(#4165),#4169);
#4165 = LINE('',#4166,#4167);
#4166 = CARTESIAN_POINT('',(10.,0.));
#4167 = VECTOR('',#4168,1.);
#4168 = DIRECTION('',(0.,1.));
#4169 = ( GEOMETRIC_REPRESENTATION_CONTEXT(2) 
PARAMETRIC_REPRESENTATION_CONTEXT() REPRESENTATION_CONTEXT('2D SPACE',''
  ) );
#4170 = ORIENTED_EDGE('',*,*,#4171,.F.);
#4171 = EDGE_CURVE('',#4102,#4149,#4172,.T.);
#4172 = SURFACE_CURVE('',#4173,(#4177,#4184),.PCURVE_S1.);
#4173 = LINE('',#4174,#4175);
#4174 = CARTESIAN_POINT('',(21.5,83.,11.9));
#4175 = VECTOR('',#4176,1.);
#4176 = DIRECTION('',(0.,1.,1.110223024625E-16));
#4177 = PCURVE('',#719,#4178);
#4178 = DEFINITIONAL_REPRESENTATION('',(#4179),#4183);
#4179 = LINE('',#4180,#4181);
#4180 = CARTESIAN_POINT('',(0.,0.));
#4181 = VECTOR('',#4182,1.);
#4182 = DIRECTION('',(1.,0.));
#4183 = ( GEOMETRIC_REPRESENTATION_CONTEXT(2) 
PARAMETRIC_REPRESENTATION_CONTEXT() REPRESENTATION_CONTEXT('2D SPACE',''
  ) );
#4184 = PCURVE('',#4017,#4185);
#4185 = DEFINITIONAL_REPRESENTATION('',(#4186),#4190);
#4186 = LINE('',#4187,#4188);
#4187 = CARTESIAN_POINT('',(0.,10.));
#4188 = VECTOR('',#4189,1.);
#4189 = DIRECTION('',(1.,0.));
#4190 = ( GEOMETRIC_REPRESENTATION_CONTEXT(2) 
PARAMETRIC_REPRESENTATION_CONTEXT() REPRESENTATION_CONTEXT('2D SPACE',''
  ) );
#4191 = ORIENTED_EDGE('',*,*,#4124,.T.);
#4192 = ORIENTED_EDGE('',*,*,#703,.T.);
#4193 = ADVANCED_FACE('',(#4194),#691,.T.);
#4194 = FACE_BOUND('',#4195,.T.);
#4195 = EDGE_LOOP('',(#4196,#4197,#4198,#4219));
#4196 = ORIENTED_EDGE('',*,*,#675,.T.);
#4197 = ORIENTED_EDGE('',*,*,#4029,.T.);
#4198 = ORIENTED_EDGE('',*,*,#4199,.T.);
#4199 = EDGE_CURVE('',#4002,#4149,#4200,.T.);
#4200 = SURFACE_CURVE('',#4201,(#4205,#4212),.PCURVE_S1.);
#4201 = LINE('',#4202,#4203);
#4202 = CARTESIAN_POINT('',(11.5,95.,11.9));
#4203 = VECTOR('',#4204,1.);
#4204 = DIRECTION('',(1.,0.,0.));
#4205 = PCURVE('',#691,#4206);
#4206 = DEFINITIONAL_REPRESENTATION('',(#4207),#4211);
#4207 = LINE('',#4208,#4209);
#4208 = CARTESIAN_POINT('',(0.,0.));
#4209 = VECTOR('',#4210,1.);
#4210 = DIRECTION('',(1.,0.));
#4211 = ( GEOMETRIC_REPRESENTATION_CONTEXT(2) 
PARAMETRIC_REPRESENTATION_CONTEXT() REPRESENTATION_CONTEXT('2D SPACE',''
  ) );
#4212 = PCURVE('',#4017,#4213);
#4213 = DEFINITIONAL_REPRESENTATION('',(#4214),#4218);
#4214 = LINE('',#4215,#4216);
#4215 = CARTESIAN_POINT('',(12.,0.));
#4216 = VECTOR('',#4217,1.);
#4217 = DIRECTION('',(0.,1.));
#4218 = ( GEOMETRIC_REPRESENTATION_CONTEXT(2) 
PARAMETRIC_REPRESENTATION_CONTEXT() REPRESENTATION_CONTEXT('2D SPACE',''
  ) );
#4219 = ORIENTED_EDGE('',*,*,#4148,.T.);
#4220 = ADVANCED_FACE('',(#4221),#635,.F.);
#4221 = FACE_BOUND('',#4222,.F.);
#4222 = EDGE_LOOP('',(#4223,#4224,#4225,#4248));
#4223 = ORIENTED_EDGE('',*,*,#619,.T.);
#4224 = ORIENTED_EDGE('',*,*,#4051,.T.);
#4225 = ORIENTED_EDGE('',*,*,#4226,.T.);
#4226 = EDGE_CURVE('',#4052,#4227,#4229,.T.);
#4227 = VERTEX_POINT('',#4228);
#4228 = CARTESIAN_POINT('',(21.5,128.,11.9));
#4229 = SURFACE_CURVE('',#4230,(#4234,#4241),.PCURVE_S1.);
#4230 = LINE('',#4231,#4232);
#4231 = CARTESIAN_POINT('',(11.5,128.,11.9));
#4232 = VECTOR('',#4233,1.);
#4233 = DIRECTION('',(1.,0.,0.));
#4234 = PCURVE('',#635,#4235);
#4235 = DEFINITIONAL_REPRESENTATION('',(#4236),#4240);
#4236 = LINE('',#4237,#4238);
#4237 = CARTESIAN_POINT('',(0.,0.));
#4238 = VECTOR('',#4239,1.);
#4239 = DIRECTION('',(1.,0.));
#4240 = ( GEOMETRIC_REPRESENTATION_CONTEXT(2) 
PARAMETRIC_REPRESENTATION_CONTEXT() REPRESENTATION_CONTEXT('2D SPACE',''
  ) );
#4241 = PCURVE('',#3437,#4242);
#4242 = DEFINITIONAL_REPRESENTATION('',(#4243),#4247);
#4243 = LINE('',#4244,#4245);
#4244 = CARTESIAN_POINT('',(0.,0.));
#4245 = VECTOR('',#4246,1.);
#4246 = DIRECTION('',(0.,1.));
#4247 = ( GEOMETRIC_REPRESENTATION_CONTEXT(2) 
PARAMETRIC_REPRESENTATION_CONTEXT() REPRESENTATION_CONTEXT('2D SPACE',''
  ) );
#4248 = ORIENTED_EDGE('',*,*,#4249,.T.);
#4249 = EDGE_CURVE('',#4227,#592,#4250,.T.);
#4250 = SURFACE_CURVE('',#4251,(#4255,#4262),.PCURVE_S1.);
#4251 = LINE('',#4252,#4253);
#4252 = CARTESIAN_POINT('',(21.5,128.,11.9));
#4253 = VECTOR('',#4254,1.);
#4254 = DIRECTION('',(0.,1.110223024625E-16,-1.));
#4255 = PCURVE('',#635,#4256);
#4256 = DEFINITIONAL_REPRESENTATION('',(#4257),#4261);
#4257 = LINE('',#4258,#4259);
#4258 = CARTESIAN_POINT('',(10.,0.));
#4259 = VECTOR('',#4260,1.);
#4260 = DIRECTION('',(0.,1.));
#4261 = ( GEOMETRIC_REPRESENTATION_CONTEXT(2) 
PARAMETRIC_REPRESENTATION_CONTEXT() REPRESENTATION_CONTEXT('2D SPACE',''
  ) );
#4262 = PCURVE('',#607,#4263);
#4263 = DEFINITIONAL_REPRESENTATION('',(#4264),#4268);
#4264 = LINE('',#4265,#4266);
#4265 = CARTESIAN_POINT('',(0.,0.));
#4266 = VECTOR('',#4267,1.);
#4267 = DIRECTION('',(0.,-1.));
#4268 = ( GEOMETRIC_REPRESENTATION_CONTEXT(2) 
PARAMETRIC_REPRESENTATION_CONTEXT() REPRESENTATION_CONTEXT('2D SPACE',''
  ) );
#4269 = ADVANCED_FACE('',(#4270),#607,.T.);
#4270 = FACE_BOUND('',#4271,.T.);
#4271 = EDGE_LOOP('',(#4272,#4273,#4294,#4295));
#4272 = ORIENTED_EDGE('',*,*,#3398,.F.);
#4273 = ORIENTED_EDGE('',*,*,#4274,.F.);
#4274 = EDGE_CURVE('',#4227,#3399,#4275,.T.);
#4275 = SURFACE_CURVE('',#4276,(#4280,#4287),.PCURVE_S1.);
#4276 = LINE('',#4277,#4278);
#4277 = CARTESIAN_POINT('',(21.5,128.,11.9));
#4278 = VECTOR('',#4279,1.);
#4279 = DIRECTION('',(0.,1.,1.110223024625E-16));
#4280 = PCURVE('',#607,#4281);
#4281 = DEFINITIONAL_REPRESENTATION('',(#4282),#4286);
#4282 = LINE('',#4283,#4284);
#4283 = CARTESIAN_POINT('',(0.,0.));
#4284 = VECTOR('',#4285,1.);
#4285 = DIRECTION('',(1.,0.));
#4286 = ( GEOMETRIC_REPRESENTATION_CONTEXT(2) 
PARAMETRIC_REPRESENTATION_CONTEXT() REPRESENTATION_CONTEXT('2D SPACE',''
  ) );
#4287 = PCURVE('',#3437,#4288);
#4288 = DEFINITIONAL_REPRESENTATION('',(#4289),#4293);
#4289 = LINE('',#4290,#4291);
#4290 = CARTESIAN_POINT('',(0.,10.));
#4291 = VECTOR('',#4292,1.);
#4292 = DIRECTION('',(1.,0.));
#4293 = ( GEOMETRIC_REPRESENTATION_CONTEXT(2) 
PARAMETRIC_REPRESENTATION_CONTEXT() REPRESENTATION_CONTEXT('2D SPACE',''
  ) );
#4294 = ORIENTED_EDGE('',*,*,#4249,.T.);
#4295 = ORIENTED_EDGE('',*,*,#591,.T.);
#4296 = ADVANCED_FACE('',(#4297),#827,.F.);
#4297 = FACE_BOUND('',#4298,.F.);
#4298 = EDGE_LOOP('',(#4299,#4300,#4323,#4345));
#4299 = ORIENTED_EDGE('',*,*,#810,.F.);
#4300 = ORIENTED_EDGE('',*,*,#4301,.F.);
#4301 = EDGE_CURVE('',#4302,#811,#4304,.T.);
#4302 = VERTEX_POINT('',#4303);
#4303 = CARTESIAN_POINT('',(16.5,90.7,11.9));
#4304 = SEAM_CURVE('',#4305,(#4309,#4316),.PCURVE_S1.);
#4305 = LINE('',#4306,#4307);
#4306 = CARTESIAN_POINT('',(16.5,90.7,13.9));
#4307 = VECTOR('',#4308,1.);
#4308 = DIRECTION('',(0.,1.110223024625E-16,-1.));
#4309 = PCURVE('',#827,#4310);
#4310 = DEFINITIONAL_REPRESENTATION('',(#4311),#4315);
#4311 = LINE('',#4312,#4313);
#4312 = CARTESIAN_POINT('',(6.28318530718,-0.));
#4313 = VECTOR('',#4314,1.);
#4314 = DIRECTION('',(0.,1.));
#4315 = ( GEOMETRIC_REPRESENTATION_CONTEXT(2) 
PARAMETRIC_REPRESENTATION_CONTEXT() REPRESENTATION_CONTEXT('2D SPACE',''
  ) );
#4316 = PCURVE('',#827,#4317);
#4317 = DEFINITIONAL_REPRESENTATION('',(#4318),#4322);
#4318 = LINE('',#4319,#4320);
#4319 = CARTESIAN_POINT('',(0.,-0.));
#4320 = VECTOR('',#4321,1.);
#4321 = DIRECTION('',(0.,1.));
#4322 = ( GEOMETRIC_REPRESENTATION_CONTEXT(2) 
PARAMETRIC_REPRESENTATION_CONTEXT() REPRESENTATION_CONTEXT('2D SPACE',''
  ) );
#4323 = ORIENTED_EDGE('',*,*,#4324,.T.);
#4324 = EDGE_CURVE('',#4302,#4302,#4325,.T.);
#4325 = SURFACE_CURVE('',#4326,(#4331,#4338),.PCURVE_S1.);
#4326 = CIRCLE('',#4327,1.7);
#4327 = AXIS2_PLACEMENT_3D('',#4328,#4329,#4330);
#4328 = CARTESIAN_POINT('',(16.5,89.,11.9));
#4329 = DIRECTION('',(0.,1.110223024625E-16,-1.));
#4330 = DIRECTION('',(0.,1.,1.110223024625E-16));
#4331 = PCURVE('',#827,#4332);
#4332 = DEFINITIONAL_REPRESENTATION('',(#4333),#4337);
#4333 = LINE('',#4334,#4335);
#4334 = CARTESIAN_POINT('',(0.,2.));
#4335 = VECTOR('',#4336,1.);
#4336 = DIRECTION('',(1.,0.));
#4337 = ( GEOMETRIC_REPRESENTATION_CONTEXT(2) 
PARAMETRIC_REPRESENTATION_CONTEXT() REPRESENTATION_CONTEXT('2D SPACE',''
  ) );
#4338 = PCURVE('',#4017,#4339);
#4339 = DEFINITIONAL_REPRESENTATION('',(#4340),#4344);
#4340 = CIRCLE('',#4341,1.7);
#4341 = AXIS2_PLACEMENT_2D('',#4342,#4343);
#4342 = CARTESIAN_POINT('',(6.,5.));
#4343 = DIRECTION('',(1.,0.));
#4344 = ( GEOMETRIC_REPRESENTATION_CONTEXT(2) 
PARAMETRIC_REPRESENTATION_CONTEXT() REPRESENTATION_CONTEXT('2D SPACE',''
  ) );
#4345 = ORIENTED_EDGE('',*,*,#4301,.T.);
#4346 = ADVANCED_FACE('',(#4347),#858,.F.);
#4347 = FACE_BOUND('',#4348,.F.);
#4348 = EDGE_LOOP('',(#4349,#4350,#4373,#4395));
#4349 = ORIENTED_EDGE('',*,*,#841,.F.);
#4350 = ORIENTED_EDGE('',*,*,#4351,.F.);
#4351 = EDGE_CURVE('',#4352,#842,#4354,.T.);
#4352 = VERTEX_POINT('',#4353);
#4353 = CARTESIAN_POINT('',(16.5,135.7,11.9));
#4354 = SEAM_CURVE('',#4355,(#4359,#4366),.PCURVE_S1.);
#4355 = LINE('',#4356,#4357);
#4356 = CARTESIAN_POINT('',(16.5,135.7,13.9));
#4357 = VECTOR('',#4358,1.);
#4358 = DIRECTION('',(0.,1.110223024625E-16,-1.));
#4359 = PCURVE('',#858,#4360);
#4360 = DEFINITIONAL_REPRESENTATION('',(#4361),#4365);
#4361 = LINE('',#4362,#4363);
#4362 = CARTESIAN_POINT('',(6.28318530718,-0.));
#4363 = VECTOR('',#4364,1.);
#4364 = DIRECTION('',(0.,1.));
#4365 = ( GEOMETRIC_REPRESENTATION_CONTEXT(2) 
PARAMETRIC_REPRESENTATION_CONTEXT() REPRESENTATION_CONTEXT('2D SPACE',''
  ) );
#4366 = PCURVE('',#858,#4367);
#4367 = DEFINITIONAL_REPRESENTATION('',(#4368),#4372);
#4368 = LINE('',#4369,#4370);
#4369 = CARTESIAN_POINT('',(0.,-0.));
#4370 = VECTOR('',#4371,1.);
#4371 = DIRECTION('',(0.,1.));
#4372 = ( GEOMETRIC_REPRESENTATION_CONTEXT(2) 
PARAMETRIC_REPRESENTATION_CONTEXT() REPRESENTATION_CONTEXT('2D SPACE',''
  ) );
#4373 = ORIENTED_EDGE('',*,*,#4374,.T.);
#4374 = EDGE_CURVE('',#4352,#4352,#4375,.T.);
#4375 = SURFACE_CURVE('',#4376,(#4381,#4388),.PCURVE_S1.);
#4376 = CIRCLE('',#4377,1.7);
#4377 = AXIS2_PLACEMENT_3D('',#4378,#4379,#4380);
#4378 = CARTESIAN_POINT('',(16.5,134.,11.9));
#4379 = DIRECTION('',(0.,1.110223024625E-16,-1.));
#4380 = DIRECTION('',(0.,1.,1.110223024625E-16));
#4381 = PCURVE('',#858,#4382);
#4382 = DEFINITIONAL_REPRESENTATION('',(#4383),#4387);
#4383 = LINE('',#4384,#4385);
#4384 = CARTESIAN_POINT('',(0.,2.));
#4385 = VECTOR('',#4386,1.);
#4386 = DIRECTION('',(1.,0.));
#4387 = ( GEOMETRIC_REPRESENTATION_CONTEXT(2) 
PARAMETRIC_REPRESENTATION_CONTEXT() REPRESENTATION_CONTEXT('2D SPACE',''
  ) );
#4388 = PCURVE('',#3437,#4389);
#4389 = DEFINITIONAL_REPRESENTATION('',(#4390),#4394);
#4390 = CIRCLE('',#4391,1.7);
#4391 = AXIS2_PLACEMENT_2D('',#4392,#4393);
#4392 = CARTESIAN_POINT('',(6.,5.));
#4393 = DIRECTION('',(1.,0.));
#4394 = ( GEOMETRIC_REPRESENTATION_CONTEXT(2) 
PARAMETRIC_REPRESENTATION_CONTEXT() REPRESENTATION_CONTEXT('2D SPACE',''
  ) );
#4395 = ORIENTED_EDGE('',*,*,#4351,.T.);
#4396 = ADVANCED_FACE('',(#4397),#957,.T.);
#4397 = FACE_BOUND('',#4398,.T.);
#4398 = EDGE_LOOP('',(#4399,#4400,#4401,#4402));
#4399 = ORIENTED_EDGE('',*,*,#1048,.F.);
#4400 = ORIENTED_EDGE('',*,*,#941,.T.);
#4401 = ORIENTED_EDGE('',*,*,#1231,.T.);
#4402 = ORIENTED_EDGE('',*,*,#4403,.T.);
#4403 = EDGE_CURVE('',#1232,#1049,#4404,.T.);
#4404 = SURFACE_CURVE('',#4405,(#4409,#4416),.PCURVE_S1.);
#4405 = LINE('',#4406,#4407);
#4406 = CARTESIAN_POINT('',(40.5,71.,31.9));
#4407 = VECTOR('',#4408,1.);
#4408 = DIRECTION('',(0.,1.110223024625E-16,-1.));
#4409 = PCURVE('',#957,#4410);
#4410 = DEFINITIONAL_REPRESENTATION('',(#4411),#4415);
#4411 = LINE('',#4412,#4413);
#4412 = CARTESIAN_POINT('',(6.,0.));
#4413 = VECTOR('',#4414,1.);
#4414 = DIRECTION('',(0.,1.));
#4415 = ( GEOMETRIC_REPRESENTATION_CONTEXT(2) 
PARAMETRIC_REPRESENTATION_CONTEXT() REPRESENTATION_CONTEXT('2D SPACE',''
  ) );
#4416 = PCURVE('',#1087,#4417);
#4417 = DEFINITIONAL_REPRESENTATION('',(#4418),#4422);
#4418 = LINE('',#4419,#4420);
#4419 = CARTESIAN_POINT('',(16.,5.329070518201E-15));
#4420 = VECTOR('',#4421,1.);
#4421 = DIRECTION('',(0.,-1.));
#4422 = ( GEOMETRIC_REPRESENTATION_CONTEXT(2) 
PARAMETRIC_REPRESENTATION_CONTEXT() REPRESENTATION_CONTEXT('2D SPACE',''
  ) );
#4423 = ADVANCED_FACE('',(#4424),#1013,.F.);
#4424 = FACE_BOUND('',#4425,.F.);
#4425 = EDGE_LOOP('',(#4426,#4427,#4428,#4429));
#4426 = ORIENTED_EDGE('',*,*,#995,.F.);
#4427 = ORIENTED_EDGE('',*,*,#1179,.F.);
#4428 = ORIENTED_EDGE('',*,*,#1205,.T.);
#4429 = ORIENTED_EDGE('',*,*,#4430,.F.);
#4430 = EDGE_CURVE('',#998,#1206,#4431,.T.);
#4431 = SURFACE_CURVE('',#4432,(#4436,#4443),.PCURVE_S1.);
#4432 = LINE('',#4433,#4434);
#4433 = CARTESIAN_POINT('',(38.5,55.,34.65));
#4434 = VECTOR('',#4435,1.);
#4435 = DIRECTION('',(0.,-1.110223024625E-16,1.));
#4436 = PCURVE('',#1013,#4437);
#4437 = DEFINITIONAL_REPRESENTATION('',(#4438),#4442);
#4438 = LINE('',#4439,#4440);
#4439 = CARTESIAN_POINT('',(4.,-2.75));
#4440 = VECTOR('',#4441,1.);
#4441 = DIRECTION('',(0.,-1.));
#4442 = ( GEOMETRIC_REPRESENTATION_CONTEXT(2) 
PARAMETRIC_REPRESENTATION_CONTEXT() REPRESENTATION_CONTEXT('2D SPACE',''
  ) );
#4443 = PCURVE('',#1141,#4444);
#4444 = DEFINITIONAL_REPRESENTATION('',(#4445),#4449);
#4445 = LINE('',#4446,#4447);
#4446 = CARTESIAN_POINT('',(2.,-2.75));
#4447 = VECTOR('',#4448,1.);
#4448 = DIRECTION('',(0.,1.));
#4449 = ( GEOMETRIC_REPRESENTATION_CONTEXT(2) 
PARAMETRIC_REPRESENTATION_CONTEXT() REPRESENTATION_CONTEXT('2D SPACE',''
  ) );
#4450 = ADVANCED_FACE('',(#4451),#1141,.F.);
#4451 = FACE_BOUND('',#4452,.F.);
#4452 = EDGE_LOOP('',(#4453,#4476,#4504,#4532,#4560,#4581,#4582,#4583));
#4453 = ORIENTED_EDGE('',*,*,#4454,.F.);
#4454 = EDGE_CURVE('',#4455,#1278,#4457,.T.);
#4455 = VERTEX_POINT('',#4456);
#4456 = CARTESIAN_POINT('',(38.5,57.,37.4));
#4457 = SURFACE_CURVE('',#4458,(#4462,#4469),.PCURVE_S1.);
#4458 = LINE('',#4459,#4460);
#4459 = CARTESIAN_POINT('',(38.5,57.,37.4));
#4460 = VECTOR('',#4461,1.);
#4461 = DIRECTION('',(0.,1.110223024625E-16,-1.));
#4462 = PCURVE('',#1141,#4463);
#4463 = DEFINITIONAL_REPRESENTATION('',(#4464),#4468);
#4464 = LINE('',#4465,#4466);
#4465 = CARTESIAN_POINT('',(4.,-4.440892098501E-16));
#4466 = VECTOR('',#4467,1.);
#4467 = DIRECTION('',(0.,-1.));
#4468 = ( GEOMETRIC_REPRESENTATION_CONTEXT(2) 
PARAMETRIC_REPRESENTATION_CONTEXT() REPRESENTATION_CONTEXT('2D SPACE',''
  ) );
#4469 = PCURVE('',#1115,#4470);
#4470 = DEFINITIONAL_REPRESENTATION('',(#4471),#4475);
#4471 = LINE('',#4472,#4473);
#4472 = CARTESIAN_POINT('',(0.,0.));
#4473 = VECTOR('',#4474,1.);
#4474 = DIRECTION('',(0.,1.));
#4475 = ( GEOMETRIC_REPRESENTATION_CONTEXT(2) 
PARAMETRIC_REPRESENTATION_CONTEXT() REPRESENTATION_CONTEXT('2D SPACE',''
  ) );
#4476 = ORIENTED_EDGE('',*,*,#4477,.F.);
#4477 = EDGE_CURVE('',#4478,#4455,#4480,.T.);
#4478 = VERTEX_POINT('',#4479);
#4479 = CARTESIAN_POINT('',(38.5,53.,37.4));
#4480 = SURFACE_CURVE('',#4481,(#4485,#4492),.PCURVE_S1.);
#4481 = LINE('',#4482,#4483);
#4482 = CARTESIAN_POINT('',(38.5,53.,37.4));
#4483 = VECTOR('',#4484,1.);
#4484 = DIRECTION('',(0.,1.,1.110223024625E-16));
#4485 = PCURVE('',#1141,#4486);
#4486 = DEFINITIONAL_REPRESENTATION('',(#4487),#4491);
#4487 = LINE('',#4488,#4489);
#4488 = CARTESIAN_POINT('',(0.,0.));
#4489 = VECTOR('',#4490,1.);
#4490 = DIRECTION('',(1.,0.));
#4491 = ( GEOMETRIC_REPRESENTATION_CONTEXT(2) 
PARAMETRIC_REPRESENTATION_CONTEXT() REPRESENTATION_CONTEXT('2D SPACE',''
  ) );
#4492 = PCURVE('',#4493,#4498);
#4493 = PLANE('',#4494);
#4494 = AXIS2_PLACEMENT_3D('',#4495,#4496,#4497);
#4495 = CARTESIAN_POINT('',(38.5,53.,37.4));
#4496 = DIRECTION('',(0.,1.110223024625E-16,-1.));
#4497 = DIRECTION('',(0.,1.,1.110223024625E-16));
#4498 = DEFINITIONAL_REPRESENTATION('',(#4499),#4503);
#4499 = LINE('',#4500,#4501);
#4500 = CARTESIAN_POINT('',(0.,0.));
#4501 = VECTOR('',#4502,1.);
#4502 = DIRECTION('',(1.,0.));
#4503 = ( GEOMETRIC_REPRESENTATION_CONTEXT(2) 
PARAMETRIC_REPRESENTATION_CONTEXT() REPRESENTATION_CONTEXT('2D SPACE',''
  ) );
#4504 = ORIENTED_EDGE('',*,*,#4505,.T.);
#4505 = EDGE_CURVE('',#4478,#4506,#4508,.T.);
#4506 = VERTEX_POINT('',#4507);
#4507 = CARTESIAN_POINT('',(38.5,53.,8.659739592076E-15));
#4508 = SURFACE_CURVE('',#4509,(#4513,#4520),.PCURVE_S1.);
#4509 = LINE('',#4510,#4511);
#4510 = CARTESIAN_POINT('',(38.5,53.,37.4));
#4511 = VECTOR('',#4512,1.);
#4512 = DIRECTION('',(0.,1.110223024625E-16,-1.));
#4513 = PCURVE('',#1141,#4514);
#4514 = DEFINITIONAL_REPRESENTATION('',(#4515),#4519);
#4515 = LINE('',#4516,#4517);
#4516 = CARTESIAN_POINT('',(0.,0.));
#4517 = VECTOR('',#4518,1.);
#4518 = DIRECTION('',(0.,-1.));
#4519 = ( GEOMETRIC_REPRESENTATION_CONTEXT(2) 
PARAMETRIC_REPRESENTATION_CONTEXT() REPRESENTATION_CONTEXT('2D SPACE',''
  ) );
#4520 = PCURVE('',#4521,#4526);
#4521 = PLANE('',#4522);
#4522 = AXIS2_PLACEMENT_3D('',#4523,#4524,#4525);
#4523 = CARTESIAN_POINT('',(38.5,53.,37.4));
#4524 = DIRECTION('',(0.,1.,1.110223024625E-16));
#4525 = DIRECTION('',(1.,0.,0.));
#4526 = DEFINITIONAL_REPRESENTATION('',(#4527),#4531);
#4527 = LINE('',#4528,#4529);
#4528 = CARTESIAN_POINT('',(0.,0.));
#4529 = VECTOR('',#4530,1.);
#4530 = DIRECTION('',(0.,1.));
#4531 = ( GEOMETRIC_REPRESENTATION_CONTEXT(2) 
PARAMETRIC_REPRESENTATION_CONTEXT() REPRESENTATION_CONTEXT('2D SPACE',''
  ) );
#4532 = ORIENTED_EDGE('',*,*,#4533,.T.);
#4533 = EDGE_CURVE('',#4506,#4534,#4536,.T.);
#4534 = VERTEX_POINT('',#4535);
#4535 = CARTESIAN_POINT('',(38.5,57.,9.103828801926E-15));
#4536 = SURFACE_CURVE('',#4537,(#4541,#4548),.PCURVE_S1.);
#4537 = LINE('',#4538,#4539);
#4538 = CARTESIAN_POINT('',(38.5,-31.,-6.661338147751E-16));
#4539 = VECTOR('',#4540,1.);
#4540 = DIRECTION('',(0.,1.,1.110223024625E-16));
#4541 = PCURVE('',#1141,#4542);
#4542 = DEFINITIONAL_REPRESENTATION('',(#4543),#4547);
#4543 = LINE('',#4544,#4545);
#4544 = CARTESIAN_POINT('',(-84.,-37.4));
#4545 = VECTOR('',#4546,1.);
#4546 = DIRECTION('',(1.,0.));
#4547 = ( GEOMETRIC_REPRESENTATION_CONTEXT(2) 
PARAMETRIC_REPRESENTATION_CONTEXT() REPRESENTATION_CONTEXT('2D SPACE',''
  ) );
#4548 = PCURVE('',#4549,#4554);
#4549 = PLANE('',#4550);
#4550 = AXIS2_PLACEMENT_3D('',#4551,#4552,#4553);
#4551 = CARTESIAN_POINT('',(-107.5,-115.,-9.992007221626E-15));
#4552 = DIRECTION('',(0.,1.110223024625E-16,-1.));
#4553 = DIRECTION('',(0.,1.,1.110223024625E-16));
#4554 = DEFINITIONAL_REPRESENTATION('',(#4555),#4559);
#4555 = LINE('',#4556,#4557);
#4556 = CARTESIAN_POINT('',(84.,146.));
#4557 = VECTOR('',#4558,1.);
#4558 = DIRECTION('',(1.,0.));
#4559 = ( GEOMETRIC_REPRESENTATION_CONTEXT(2) 
PARAMETRIC_REPRESENTATION_CONTEXT() REPRESENTATION_CONTEXT('2D SPACE',''
  ) );
#4560 = ORIENTED_EDGE('',*,*,#4561,.F.);
#4561 = EDGE_CURVE('',#1100,#4534,#4562,.T.);
#4562 = SURFACE_CURVE('',#4563,(#4567,#4574),.PCURVE_S1.);
#4563 = LINE('',#4564,#4565);
#4564 = CARTESIAN_POINT('',(38.5,57.,37.4));
#4565 = VECTOR('',#4566,1.);
#4566 = DIRECTION('',(0.,1.110223024625E-16,-1.));
#4567 = PCURVE('',#1141,#4568);
#4568 = DEFINITIONAL_REPRESENTATION('',(#4569),#4573);
#4569 = LINE('',#4570,#4571);
#4570 = CARTESIAN_POINT('',(4.,-4.440892098501E-16));
#4571 = VECTOR('',#4572,1.);
#4572 = DIRECTION('',(0.,-1.));
#4573 = ( GEOMETRIC_REPRESENTATION_CONTEXT(2) 
PARAMETRIC_REPRESENTATION_CONTEXT() REPRESENTATION_CONTEXT('2D SPACE',''
  ) );
#4574 = PCURVE('',#1115,#4575);
#4575 = DEFINITIONAL_REPRESENTATION('',(#4576),#4580);
#4576 = LINE('',#4577,#4578);
#4577 = CARTESIAN_POINT('',(0.,0.));
#4578 = VECTOR('',#4579,1.);
#4579 = DIRECTION('',(0.,1.));
#4580 = ( GEOMETRIC_REPRESENTATION_CONTEXT(2) 
PARAMETRIC_REPRESENTATION_CONTEXT() REPRESENTATION_CONTEXT('2D SPACE',''
  ) );
#4581 = ORIENTED_EDGE('',*,*,#1127,.F.);
#4582 = ORIENTED_EDGE('',*,*,#4430,.T.);
#4583 = ORIENTED_EDGE('',*,*,#1300,.T.);
#4584 = ADVANCED_FACE('',(#4585,#4741),#1115,.T.);
#4585 = FACE_BOUND('',#4586,.T.);
#4586 = EDGE_LOOP('',(#4587,#4588,#4611,#4639,#4667,#4696,#4717,#4718,
    #4719,#4740));
#4587 = ORIENTED_EDGE('',*,*,#4454,.F.);
#4588 = ORIENTED_EDGE('',*,*,#4589,.T.);
#4589 = EDGE_CURVE('',#4455,#4590,#4592,.T.);
#4590 = VERTEX_POINT('',#4591);
#4591 = CARTESIAN_POINT('',(62.5,57.,37.4));
#4592 = SURFACE_CURVE('',#4593,(#4597,#4604),.PCURVE_S1.);
#4593 = LINE('',#4594,#4595);
#4594 = CARTESIAN_POINT('',(38.5,57.,37.4));
#4595 = VECTOR('',#4596,1.);
#4596 = DIRECTION('',(1.,0.,0.));
#4597 = PCURVE('',#1115,#4598);
#4598 = DEFINITIONAL_REPRESENTATION('',(#4599),#4603);
#4599 = LINE('',#4600,#4601);
#4600 = CARTESIAN_POINT('',(0.,0.));
#4601 = VECTOR('',#4602,1.);
#4602 = DIRECTION('',(1.,0.));
#4603 = ( GEOMETRIC_REPRESENTATION_CONTEXT(2) 
PARAMETRIC_REPRESENTATION_CONTEXT() REPRESENTATION_CONTEXT('2D SPACE',''
  ) );
#4604 = PCURVE('',#4493,#4605);
#4605 = DEFINITIONAL_REPRESENTATION('',(#4606),#4610);
#4606 = LINE('',#4607,#4608);
#4607 = CARTESIAN_POINT('',(4.,0.));
#4608 = VECTOR('',#4609,1.);
#4609 = DIRECTION('',(0.,1.));
#4610 = ( GEOMETRIC_REPRESENTATION_CONTEXT(2) 
PARAMETRIC_REPRESENTATION_CONTEXT() REPRESENTATION_CONTEXT('2D SPACE',''
  ) );
#4611 = ORIENTED_EDGE('',*,*,#4612,.T.);
#4612 = EDGE_CURVE('',#4590,#4613,#4615,.T.);
#4613 = VERTEX_POINT('',#4614);
#4614 = CARTESIAN_POINT('',(62.5,57.,9.103828801926E-15));
#4615 = SURFACE_CURVE('',#4616,(#4620,#4627),.PCURVE_S1.);
#4616 = LINE('',#4617,#4618);
#4617 = CARTESIAN_POINT('',(62.5,57.,37.4));
#4618 = VECTOR('',#4619,1.);
#4619 = DIRECTION('',(0.,1.110223024625E-16,-1.));
#4620 = PCURVE('',#1115,#4621);
#4621 = DEFINITIONAL_REPRESENTATION('',(#4622),#4626);
#4622 = LINE('',#4623,#4624);
#4623 = CARTESIAN_POINT('',(24.,0.));
#4624 = VECTOR('',#4625,1.);
#4625 = DIRECTION('',(0.,1.));
#4626 = ( GEOMETRIC_REPRESENTATION_CONTEXT(2) 
PARAMETRIC_REPRESENTATION_CONTEXT() REPRESENTATION_CONTEXT('2D SPACE',''
  ) );
#4627 = PCURVE('',#4628,#4633);
#4628 = PLANE('',#4629);
#4629 = AXIS2_PLACEMENT_3D('',#4630,#4631,#4632);
#4630 = CARTESIAN_POINT('',(62.5,53.,37.4));
#4631 = DIRECTION('',(1.,0.,0.));
#4632 = DIRECTION('',(0.,1.,1.110223024625E-16));
#4633 = DEFINITIONAL_REPRESENTATION('',(#4634),#4638);
#4634 = LINE('',#4635,#4636);
#4635 = CARTESIAN_POINT('',(4.,-4.440892098501E-16));
#4636 = VECTOR('',#4637,1.);
#4637 = DIRECTION('',(0.,-1.));
#4638 = ( GEOMETRIC_REPRESENTATION_CONTEXT(2) 
PARAMETRIC_REPRESENTATION_CONTEXT() REPRESENTATION_CONTEXT('2D SPACE',''
  ) );
#4639 = ORIENTED_EDGE('',*,*,#4640,.T.);
#4640 = EDGE_CURVE('',#4613,#4641,#4643,.T.);
#4641 = VERTEX_POINT('',#4642);
#4642 = CARTESIAN_POINT('',(53.798484500494,57.,1.032507412901E-14));
#4643 = SURFACE_CURVE('',#4644,(#4648,#4655),.PCURVE_S1.);
#4644 = LINE('',#4645,#4646);
#4645 = CARTESIAN_POINT('',(-34.5,57.,9.103828801926E-15));
#4646 = VECTOR('',#4647,1.);
#4647 = DIRECTION('',(-1.,0.,0.));
#4648 = PCURVE('',#1115,#4649);
#4649 = DEFINITIONAL_REPRESENTATION('',(#4650),#4654);
#4650 = LINE('',#4651,#4652);
#4651 = CARTESIAN_POINT('',(-73.,37.4));
#4652 = VECTOR('',#4653,1.);
#4653 = DIRECTION('',(-1.,0.));
#4654 = ( GEOMETRIC_REPRESENTATION_CONTEXT(2) 
PARAMETRIC_REPRESENTATION_CONTEXT() REPRESENTATION_CONTEXT('2D SPACE',''
  ) );
#4655 = PCURVE('',#4656,#4661);
#4656 = PLANE('',#4657);
#4657 = AXIS2_PLACEMENT_3D('',#4658,#4659,#4660);
#4658 = CARTESIAN_POINT('',(-107.5,-115.,-9.992007221626E-15));
#4659 = DIRECTION('',(0.,1.110223024625E-16,-1.));
#4660 = DIRECTION('',(0.,1.,1.110223024625E-16));
#4661 = DEFINITIONAL_REPRESENTATION('',(#4662),#4666);
#4662 = LINE('',#4663,#4664);
#4663 = CARTESIAN_POINT('',(172.,73.));
#4664 = VECTOR('',#4665,1.);
#4665 = DIRECTION('',(0.,-1.));
#4666 = ( GEOMETRIC_REPRESENTATION_CONTEXT(2) 
PARAMETRIC_REPRESENTATION_CONTEXT() REPRESENTATION_CONTEXT('2D SPACE',''
  ) );
#4667 = ORIENTED_EDGE('',*,*,#4668,.F.);
#4668 = EDGE_CURVE('',#4669,#4641,#4671,.T.);
#4669 = VERTEX_POINT('',#4670);
#4670 = CARTESIAN_POINT('',(47.201515499506,57.,9.117706589734E-15));
#4671 = SURFACE_CURVE('',#4672,(#4677,#4684),.PCURVE_S1.);
#4672 = CIRCLE('',#4673,3.3);
#4673 = AXIS2_PLACEMENT_3D('',#4674,#4675,#4676);
#4674 = CARTESIAN_POINT('',(50.5,57.,-9.999999999999E-02));
#4675 = DIRECTION('',(-0.,1.,1.110223024625E-16));
#4676 = DIRECTION('',(1.,0.,0.));
#4677 = PCURVE('',#1115,#4678);
#4678 = DEFINITIONAL_REPRESENTATION('',(#4679),#4683);
#4679 = CIRCLE('',#4680,3.3);
#4680 = AXIS2_PLACEMENT_2D('',#4681,#4682);
#4681 = CARTESIAN_POINT('',(12.,37.5));
#4682 = DIRECTION('',(1.,0.));
#4683 = ( GEOMETRIC_REPRESENTATION_CONTEXT(2) 
PARAMETRIC_REPRESENTATION_CONTEXT() REPRESENTATION_CONTEXT('2D SPACE',''
  ) );
#4684 = PCURVE('',#4685,#4690);
#4685 = CYLINDRICAL_SURFACE('',#4686,3.3);
#4686 = AXIS2_PLACEMENT_3D('',#4687,#4688,#4689);
#4687 = CARTESIAN_POINT('',(50.5,51.,-9.999999999999E-02));
#4688 = DIRECTION('',(0.,1.,1.110223024625E-16));
#4689 = DIRECTION('',(1.,0.,0.));
#4690 = DEFINITIONAL_REPRESENTATION('',(#4691),#4695);
#4691 = LINE('',#4692,#4693);
#4692 = CARTESIAN_POINT('',(0.,6.));
#4693 = VECTOR('',#4694,1.);
#4694 = DIRECTION('',(1.,0.));
#4695 = ( GEOMETRIC_REPRESENTATION_CONTEXT(2) 
PARAMETRIC_REPRESENTATION_CONTEXT() REPRESENTATION_CONTEXT('2D SPACE',''
  ) );
#4696 = ORIENTED_EDGE('',*,*,#4697,.T.);
#4697 = EDGE_CURVE('',#4669,#4534,#4698,.T.);
#4698 = SURFACE_CURVE('',#4699,(#4703,#4710),.PCURVE_S1.);
#4699 = LINE('',#4700,#4701);
#4700 = CARTESIAN_POINT('',(-34.5,57.,9.103828801926E-15));
#4701 = VECTOR('',#4702,1.);
#4702 = DIRECTION('',(-1.,0.,0.));
#4703 = PCURVE('',#1115,#4704);
#4704 = DEFINITIONAL_REPRESENTATION('',(#4705),#4709);
#4705 = LINE('',#4706,#4707);
#4706 = CARTESIAN_POINT('',(-73.,37.4));
#4707 = VECTOR('',#4708,1.);
#4708 = DIRECTION('',(-1.,0.));
#4709 = ( GEOMETRIC_REPRESENTATION_CONTEXT(2) 
PARAMETRIC_REPRESENTATION_CONTEXT() REPRESENTATION_CONTEXT('2D SPACE',''
  ) );
#4710 = PCURVE('',#4549,#4711);
#4711 = DEFINITIONAL_REPRESENTATION('',(#4712),#4716);
#4712 = LINE('',#4713,#4714);
#4713 = CARTESIAN_POINT('',(172.,73.));
#4714 = VECTOR('',#4715,1.);
#4715 = DIRECTION('',(0.,-1.));
#4716 = ( GEOMETRIC_REPRESENTATION_CONTEXT(2) 
PARAMETRIC_REPRESENTATION_CONTEXT() REPRESENTATION_CONTEXT('2D SPACE',''
  ) );
#4717 = ORIENTED_EDGE('',*,*,#4561,.F.);
#4718 = ORIENTED_EDGE('',*,*,#1099,.F.);
#4719 = ORIENTED_EDGE('',*,*,#4720,.F.);
#4720 = EDGE_CURVE('',#1255,#1072,#4721,.T.);
#4721 = SURFACE_CURVE('',#4722,(#4726,#4733),.PCURVE_S1.);
#4722 = LINE('',#4723,#4724);
#4723 = CARTESIAN_POINT('',(40.5,57.,34.65));
#4724 = VECTOR('',#4725,1.);
#4725 = DIRECTION('',(0.,1.110223024625E-16,-1.));
#4726 = PCURVE('',#1115,#4727);
#4727 = DEFINITIONAL_REPRESENTATION('',(#4728),#4732);
#4728 = LINE('',#4729,#4730);
#4729 = CARTESIAN_POINT('',(2.,2.75));
#4730 = VECTOR('',#4731,1.);
#4731 = DIRECTION('',(0.,1.));
#4732 = ( GEOMETRIC_REPRESENTATION_CONTEXT(2) 
PARAMETRIC_REPRESENTATION_CONTEXT() REPRESENTATION_CONTEXT('2D SPACE',''
  ) );
#4733 = PCURVE('',#1087,#4734);
#4734 = DEFINITIONAL_REPRESENTATION('',(#4735),#4739);
#4735 = LINE('',#4736,#4737);
#4736 = CARTESIAN_POINT('',(2.,2.75));
#4737 = VECTOR('',#4738,1.);
#4738 = DIRECTION('',(0.,-1.));
#4739 = ( GEOMETRIC_REPRESENTATION_CONTEXT(2) 
PARAMETRIC_REPRESENTATION_CONTEXT() REPRESENTATION_CONTEXT('2D SPACE',''
  ) );
#4740 = ORIENTED_EDGE('',*,*,#1277,.T.);
#4741 = FACE_BOUND('',#4742,.T.);
#4742 = EDGE_LOOP('',(#4743));
#4743 = ORIENTED_EDGE('',*,*,#4744,.F.);
#4744 = EDGE_CURVE('',#4745,#4745,#4747,.T.);
#4745 = VERTEX_POINT('',#4746);
#4746 = CARTESIAN_POINT('',(53.6,57.,26.9));
#4747 = SURFACE_CURVE('',#4748,(#4753,#4760),.PCURVE_S1.);
#4748 = CIRCLE('',#4749,3.1);
#4749 = AXIS2_PLACEMENT_3D('',#4750,#4751,#4752);
#4750 = CARTESIAN_POINT('',(50.5,57.,26.9));
#4751 = DIRECTION('',(-0.,1.,1.110223024625E-16));
#4752 = DIRECTION('',(1.,0.,0.));
#4753 = PCURVE('',#1115,#4754);
#4754 = DEFINITIONAL_REPRESENTATION('',(#4755),#4759);
#4755 = CIRCLE('',#4756,3.1);
#4756 = AXIS2_PLACEMENT_2D('',#4757,#4758);
#4757 = CARTESIAN_POINT('',(12.,10.5));
#4758 = DIRECTION('',(1.,0.));
#4759 = ( GEOMETRIC_REPRESENTATION_CONTEXT(2) 
PARAMETRIC_REPRESENTATION_CONTEXT() REPRESENTATION_CONTEXT('2D SPACE',''
  ) );
#4760 = PCURVE('',#4761,#4766);
#4761 = CYLINDRICAL_SURFACE('',#4762,3.1);
#4762 = AXIS2_PLACEMENT_3D('',#4763,#4764,#4765);
#4763 = CARTESIAN_POINT('',(50.5,51.,26.9));
#4764 = DIRECTION('',(0.,1.,1.110223024625E-16));
#4765 = DIRECTION('',(1.,0.,0.));
#4766 = DEFINITIONAL_REPRESENTATION('',(#4767),#4771);
#4767 = LINE('',#4768,#4769);
#4768 = CARTESIAN_POINT('',(0.,6.));
#4769 = VECTOR('',#4770,1.);
#4770 = DIRECTION('',(1.,0.));
#4771 = ( GEOMETRIC_REPRESENTATION_CONTEXT(2) 
PARAMETRIC_REPRESENTATION_CONTEXT() REPRESENTATION_CONTEXT('2D SPACE',''
  ) );
#4772 = ADVANCED_FACE('',(#4773),#1087,.T.);
#4773 = FACE_BOUND('',#4774,.T.);
#4774 = EDGE_LOOP('',(#4775,#4776,#4777,#4778));
#4775 = ORIENTED_EDGE('',*,*,#1254,.F.);
#4776 = ORIENTED_EDGE('',*,*,#4720,.T.);
#4777 = ORIENTED_EDGE('',*,*,#1071,.T.);
#4778 = ORIENTED_EDGE('',*,*,#4403,.F.);
#4779 = ADVANCED_FACE('',(#4780,#4941),#1500,.F.);
#4780 = FACE_BOUND('',#4781,.F.);
#4781 = EDGE_LOOP('',(#4782,#4805,#4806,#4807,#4830,#4858,#4886,#4915));
#4782 = ORIENTED_EDGE('',*,*,#4783,.F.);
#4783 = EDGE_CURVE('',#1457,#4784,#4786,.T.);
#4784 = VERTEX_POINT('',#4785);
#4785 = CARTESIAN_POINT('',(38.5,107.,1.465494392505E-14));
#4786 = SURFACE_CURVE('',#4787,(#4791,#4798),.PCURVE_S1.);
#4787 = LINE('',#4788,#4789);
#4788 = CARTESIAN_POINT('',(38.5,107.,53.4));
#4789 = VECTOR('',#4790,1.);
#4790 = DIRECTION('',(0.,1.110223024625E-16,-1.));
#4791 = PCURVE('',#1500,#4792);
#4792 = DEFINITIONAL_REPRESENTATION('',(#4793),#4797);
#4793 = LINE('',#4794,#4795);
#4794 = CARTESIAN_POINT('',(0.,0.));
#4795 = VECTOR('',#4796,1.);
#4796 = DIRECTION('',(0.,1.));
#4797 = ( GEOMETRIC_REPRESENTATION_CONTEXT(2) 
PARAMETRIC_REPRESENTATION_CONTEXT() REPRESENTATION_CONTEXT('2D SPACE',''
  ) );
#4798 = PCURVE('',#1472,#4799);
#4799 = DEFINITIONAL_REPRESENTATION('',(#4800),#4804);
#4800 = LINE('',#4801,#4802);
#4801 = CARTESIAN_POINT('',(0.,0.));
#4802 = VECTOR('',#4803,1.);
#4803 = DIRECTION('',(0.,-1.));
#4804 = ( GEOMETRIC_REPRESENTATION_CONTEXT(2) 
PARAMETRIC_REPRESENTATION_CONTEXT() REPRESENTATION_CONTEXT('2D SPACE',''
  ) );
#4805 = ORIENTED_EDGE('',*,*,#1484,.T.);
#4806 = ORIENTED_EDGE('',*,*,#1696,.T.);
#4807 = ORIENTED_EDGE('',*,*,#4808,.T.);
#4808 = EDGE_CURVE('',#1697,#4809,#4811,.T.);
#4809 = VERTEX_POINT('',#4810);
#4810 = CARTESIAN_POINT('',(62.5,107.,53.4));
#4811 = SURFACE_CURVE('',#4812,(#4816,#4823),.PCURVE_S1.);
#4812 = LINE('',#4813,#4814);
#4813 = CARTESIAN_POINT('',(38.5,107.,53.4));
#4814 = VECTOR('',#4815,1.);
#4815 = DIRECTION('',(1.,0.,0.));
#4816 = PCURVE('',#1500,#4817);
#4817 = DEFINITIONAL_REPRESENTATION('',(#4818),#4822);
#4818 = LINE('',#4819,#4820);
#4819 = CARTESIAN_POINT('',(0.,0.));
#4820 = VECTOR('',#4821,1.);
#4821 = DIRECTION('',(1.,0.));
#4822 = ( GEOMETRIC_REPRESENTATION_CONTEXT(2) 
PARAMETRIC_REPRESENTATION_CONTEXT() REPRESENTATION_CONTEXT('2D SPACE',''
  ) );
#4823 = PCURVE('',#1735,#4824);
#4824 = DEFINITIONAL_REPRESENTATION('',(#4825),#4829);
#4825 = LINE('',#4826,#4827);
#4826 = CARTESIAN_POINT('',(0.,0.));
#4827 = VECTOR('',#4828,1.);
#4828 = DIRECTION('',(0.,1.));
#4829 = ( GEOMETRIC_REPRESENTATION_CONTEXT(2) 
PARAMETRIC_REPRESENTATION_CONTEXT() REPRESENTATION_CONTEXT('2D SPACE',''
  ) );
#4830 = ORIENTED_EDGE('',*,*,#4831,.T.);
#4831 = EDGE_CURVE('',#4809,#4832,#4834,.T.);
#4832 = VERTEX_POINT('',#4833);
#4833 = CARTESIAN_POINT('',(62.5,107.,1.465494392505E-14));
#4834 = SURFACE_CURVE('',#4835,(#4839,#4846),.PCURVE_S1.);
#4835 = LINE('',#4836,#4837);
#4836 = CARTESIAN_POINT('',(62.5,107.,53.4));
#4837 = VECTOR('',#4838,1.);
#4838 = DIRECTION('',(0.,1.110223024625E-16,-1.));
#4839 = PCURVE('',#1500,#4840);
#4840 = DEFINITIONAL_REPRESENTATION('',(#4841),#4845);
#4841 = LINE('',#4842,#4843);
#4842 = CARTESIAN_POINT('',(24.,0.));
#4843 = VECTOR('',#4844,1.);
#4844 = DIRECTION('',(0.,1.));
#4845 = ( GEOMETRIC_REPRESENTATION_CONTEXT(2) 
PARAMETRIC_REPRESENTATION_CONTEXT() REPRESENTATION_CONTEXT('2D SPACE',''
  ) );
#4846 = PCURVE('',#4847,#4852);
#4847 = PLANE('',#4848);
#4848 = AXIS2_PLACEMENT_3D('',#4849,#4850,#4851);
#4849 = CARTESIAN_POINT('',(62.5,107.,53.4));
#4850 = DIRECTION('',(1.,0.,0.));
#4851 = DIRECTION('',(0.,1.,1.110223024625E-16));
#4852 = DEFINITIONAL_REPRESENTATION('',(#4853),#4857);
#4853 = LINE('',#4854,#4855);
#4854 = CARTESIAN_POINT('',(0.,0.));
#4855 = VECTOR('',#4856,1.);
#4856 = DIRECTION('',(0.,-1.));
#4857 = ( GEOMETRIC_REPRESENTATION_CONTEXT(2) 
PARAMETRIC_REPRESENTATION_CONTEXT() REPRESENTATION_CONTEXT('2D SPACE',''
  ) );
#4858 = ORIENTED_EDGE('',*,*,#4859,.T.);
#4859 = EDGE_CURVE('',#4832,#4860,#4862,.T.);
#4860 = VERTEX_POINT('',#4861);
#4861 = CARTESIAN_POINT('',(53.798484500494,107.,1.587618925214E-14));
#4862 = SURFACE_CURVE('',#4863,(#4867,#4874),.PCURVE_S1.);
#4863 = LINE('',#4864,#4865);
#4864 = CARTESIAN_POINT('',(-34.5,107.,1.465494392505E-14));
#4865 = VECTOR('',#4866,1.);
#4866 = DIRECTION('',(-1.,0.,0.));
#4867 = PCURVE('',#1500,#4868);
#4868 = DEFINITIONAL_REPRESENTATION('',(#4869),#4873);
#4869 = LINE('',#4870,#4871);
#4870 = CARTESIAN_POINT('',(-73.,53.4));
#4871 = VECTOR('',#4872,1.);
#4872 = DIRECTION('',(-1.,0.));
#4873 = ( GEOMETRIC_REPRESENTATION_CONTEXT(2) 
PARAMETRIC_REPRESENTATION_CONTEXT() REPRESENTATION_CONTEXT('2D SPACE',''
  ) );
#4874 = PCURVE('',#4875,#4880);
#4875 = PLANE('',#4876);
#4876 = AXIS2_PLACEMENT_3D('',#4877,#4878,#4879);
#4877 = CARTESIAN_POINT('',(-107.5,-115.,-9.992007221626E-15));
#4878 = DIRECTION('',(0.,1.110223024625E-16,-1.));
#4879 = DIRECTION('',(0.,1.,1.110223024625E-16));
#4880 = DEFINITIONAL_REPRESENTATION('',(#4881),#4885);
#4881 = LINE('',#4882,#4883);
#4882 = CARTESIAN_POINT('',(222.,73.));
#4883 = VECTOR('',#4884,1.);
#4884 = DIRECTION('',(0.,-1.));
#4885 = ( GEOMETRIC_REPRESENTATION_CONTEXT(2) 
PARAMETRIC_REPRESENTATION_CONTEXT() REPRESENTATION_CONTEXT('2D SPACE',''
  ) );
#4886 = ORIENTED_EDGE('',*,*,#4887,.F.);
#4887 = EDGE_CURVE('',#4888,#4860,#4890,.T.);
#4888 = VERTEX_POINT('',#4889);
#4889 = CARTESIAN_POINT('',(47.201515499506,107.,1.466882171286E-14));
#4890 = SURFACE_CURVE('',#4891,(#4896,#4903),.PCURVE_S1.);
#4891 = CIRCLE('',#4892,3.3);
#4892 = AXIS2_PLACEMENT_3D('',#4893,#4894,#4895);
#4893 = CARTESIAN_POINT('',(50.5,107.,-9.999999999998E-02));
#4894 = DIRECTION('',(-0.,1.,1.110223024625E-16));
#4895 = DIRECTION('',(1.,0.,0.));
#4896 = PCURVE('',#1500,#4897);
#4897 = DEFINITIONAL_REPRESENTATION('',(#4898),#4902);
#4898 = CIRCLE('',#4899,3.3);
#4899 = AXIS2_PLACEMENT_2D('',#4900,#4901);
#4900 = CARTESIAN_POINT('',(12.,53.5));
#4901 = DIRECTION('',(1.,0.));
#4902 = ( GEOMETRIC_REPRESENTATION_CONTEXT(2) 
PARAMETRIC_REPRESENTATION_CONTEXT() REPRESENTATION_CONTEXT('2D SPACE',''
  ) );
#4903 = PCURVE('',#4904,#4909);
#4904 = CYLINDRICAL_SURFACE('',#4905,3.3);
#4905 = AXIS2_PLACEMENT_3D('',#4906,#4907,#4908);
#4906 = CARTESIAN_POINT('',(50.5,105.,-9.999999999998E-02));
#4907 = DIRECTION('',(0.,1.,1.110223024625E-16));
#4908 = DIRECTION('',(1.,0.,0.));
#4909 = DEFINITIONAL_REPRESENTATION('',(#4910),#4914);
#4910 = LINE('',#4911,#4912);
#4911 = CARTESIAN_POINT('',(0.,2.));
#4912 = VECTOR('',#4913,1.);
#4913 = DIRECTION('',(1.,0.));
#4914 = ( GEOMETRIC_REPRESENTATION_CONTEXT(2) 
PARAMETRIC_REPRESENTATION_CONTEXT() REPRESENTATION_CONTEXT('2D SPACE',''
  ) );
#4915 = ORIENTED_EDGE('',*,*,#4916,.T.);
#4916 = EDGE_CURVE('',#4888,#4784,#4917,.T.);
#4917 = SURFACE_CURVE('',#4918,(#4922,#4929),.PCURVE_S1.);
#4918 = LINE('',#4919,#4920);
#4919 = CARTESIAN_POINT('',(-34.5,107.,1.465494392505E-14));
#4920 = VECTOR('',#4921,1.);
#4921 = DIRECTION('',(-1.,0.,0.));
#4922 = PCURVE('',#1500,#4923);
#4923 = DEFINITIONAL_REPRESENTATION('',(#4924),#4928);
#4924 = LINE('',#4925,#4926);
#4925 = CARTESIAN_POINT('',(-73.,53.4));
#4926 = VECTOR('',#4927,1.);
#4927 = DIRECTION('',(-1.,0.));
#4928 = ( GEOMETRIC_REPRESENTATION_CONTEXT(2) 
PARAMETRIC_REPRESENTATION_CONTEXT() REPRESENTATION_CONTEXT('2D SPACE',''
  ) );
#4929 = PCURVE('',#4930,#4935);
#4930 = PLANE('',#4931);
#4931 = AXIS2_PLACEMENT_3D('',#4932,#4933,#4934);
#4932 = CARTESIAN_POINT('',(-107.5,-115.,-9.992007221626E-15));
#4933 = DIRECTION('',(0.,1.110223024625E-16,-1.));
#4934 = DIRECTION('',(0.,1.,1.110223024625E-16));
#4935 = DEFINITIONAL_REPRESENTATION('',(#4936),#4940);
#4936 = LINE('',#4937,#4938);
#4937 = CARTESIAN_POINT('',(222.,73.));
#4938 = VECTOR('',#4939,1.);
#4939 = DIRECTION('',(0.,-1.));
#4940 = ( GEOMETRIC_REPRESENTATION_CONTEXT(2) 
PARAMETRIC_REPRESENTATION_CONTEXT() REPRESENTATION_CONTEXT('2D SPACE',''
  ) );
#4941 = FACE_BOUND('',#4942,.F.);
#4942 = EDGE_LOOP('',(#4943));
#4943 = ORIENTED_EDGE('',*,*,#4944,.F.);
#4944 = EDGE_CURVE('',#4945,#4945,#4947,.T.);
#4945 = VERTEX_POINT('',#4946);
#4946 = CARTESIAN_POINT('',(53.6,107.,26.9));
#4947 = SURFACE_CURVE('',#4948,(#4953,#4960),.PCURVE_S1.);
#4948 = CIRCLE('',#4949,3.1);
#4949 = AXIS2_PLACEMENT_3D('',#4950,#4951,#4952);
#4950 = CARTESIAN_POINT('',(50.5,107.,26.9));
#4951 = DIRECTION('',(-0.,1.,1.110223024625E-16));
#4952 = DIRECTION('',(1.,0.,0.));
#4953 = PCURVE('',#1500,#4954);
#4954 = DEFINITIONAL_REPRESENTATION('',(#4955),#4959);
#4955 = CIRCLE('',#4956,3.1);
#4956 = AXIS2_PLACEMENT_2D('',#4957,#4958);
#4957 = CARTESIAN_POINT('',(12.,26.5));
#4958 = DIRECTION('',(1.,0.));
#4959 = ( GEOMETRIC_REPRESENTATION_CONTEXT(2) 
PARAMETRIC_REPRESENTATION_CONTEXT() REPRESENTATION_CONTEXT('2D SPACE',''
  ) );
#4960 = PCURVE('',#4961,#4966);
#4961 = CYLINDRICAL_SURFACE('',#4962,3.1);
#4962 = AXIS2_PLACEMENT_3D('',#4963,#4964,#4965);
#4963 = CARTESIAN_POINT('',(50.5,105.,26.9));
#4964 = DIRECTION('',(0.,1.,1.110223024625E-16));
#4965 = DIRECTION('',(1.,0.,0.));
#4966 = DEFINITIONAL_REPRESENTATION('',(#4967),#4971);
#4967 = LINE('',#4968,#4969);
#4968 = CARTESIAN_POINT('',(0.,2.));
#4969 = VECTOR('',#4970,1.);
#4970 = DIRECTION('',(1.,0.));
#4971 = ( GEOMETRIC_REPRESENTATION_CONTEXT(2) 
PARAMETRIC_REPRESENTATION_CONTEXT() REPRESENTATION_CONTEXT('2D SPACE',''
  ) );
#4972 = ADVANCED_FACE('',(#4973),#1472,.F.);
#4973 = FACE_BOUND('',#4974,.F.);
#4974 = EDGE_LOOP('',(#4975,#4998,#4999,#5000));
#4975 = ORIENTED_EDGE('',*,*,#4976,.F.);
#4976 = EDGE_CURVE('',#1429,#4977,#4979,.T.);
#4977 = VERTEX_POINT('',#4978);
#4978 = CARTESIAN_POINT('',(38.5,111.,1.50990331349E-14));
#4979 = SURFACE_CURVE('',#4980,(#4984,#4991),.PCURVE_S1.);
#4980 = LINE('',#4981,#4982);
#4981 = CARTESIAN_POINT('',(38.5,111.,53.4));
#4982 = VECTOR('',#4983,1.);
#4983 = DIRECTION('',(0.,1.110223024625E-16,-1.));
#4984 = PCURVE('',#1472,#4985);
#4985 = DEFINITIONAL_REPRESENTATION('',(#4986),#4990);
#4986 = LINE('',#4987,#4988);
#4987 = CARTESIAN_POINT('',(4.,-4.440892098501E-16));
#4988 = VECTOR('',#4989,1.);
#4989 = DIRECTION('',(0.,-1.));
#4990 = ( GEOMETRIC_REPRESENTATION_CONTEXT(2) 
PARAMETRIC_REPRESENTATION_CONTEXT() REPRESENTATION_CONTEXT('2D SPACE',''
  ) );
#4991 = PCURVE('',#1444,#4992);
#4992 = DEFINITIONAL_REPRESENTATION('',(#4993),#4997);
#4993 = LINE('',#4994,#4995);
#4994 = CARTESIAN_POINT('',(0.,0.));
#4995 = VECTOR('',#4996,1.);
#4996 = DIRECTION('',(0.,1.));
#4997 = ( GEOMETRIC_REPRESENTATION_CONTEXT(2) 
PARAMETRIC_REPRESENTATION_CONTEXT() REPRESENTATION_CONTEXT('2D SPACE',''
  ) );
#4998 = ORIENTED_EDGE('',*,*,#1456,.T.);
#4999 = ORIENTED_EDGE('',*,*,#4783,.T.);
#5000 = ORIENTED_EDGE('',*,*,#5001,.T.);
#5001 = EDGE_CURVE('',#4784,#4977,#5002,.T.);
#5002 = SURFACE_CURVE('',#5003,(#5007,#5014),.PCURVE_S1.);
#5003 = LINE('',#5004,#5005);
#5004 = CARTESIAN_POINT('',(38.5,-4.,2.331468351713E-15));
#5005 = VECTOR('',#5006,1.);
#5006 = DIRECTION('',(0.,1.,1.110223024625E-16));
#5007 = PCURVE('',#1472,#5008);
#5008 = DEFINITIONAL_REPRESENTATION('',(#5009),#5013);
#5009 = LINE('',#5010,#5011);
#5010 = CARTESIAN_POINT('',(-111.,-53.4));
#5011 = VECTOR('',#5012,1.);
#5012 = DIRECTION('',(1.,0.));
#5013 = ( GEOMETRIC_REPRESENTATION_CONTEXT(2) 
PARAMETRIC_REPRESENTATION_CONTEXT() REPRESENTATION_CONTEXT('2D SPACE',''
  ) );
#5014 = PCURVE('',#4930,#5015);
#5015 = DEFINITIONAL_REPRESENTATION('',(#5016),#5020);
#5016 = LINE('',#5017,#5018);
#5017 = CARTESIAN_POINT('',(111.,146.));
#5018 = VECTOR('',#5019,1.);
#5019 = DIRECTION('',(1.,0.));
#5020 = ( GEOMETRIC_REPRESENTATION_CONTEXT(2) 
PARAMETRIC_REPRESENTATION_CONTEXT() REPRESENTATION_CONTEXT('2D SPACE',''
  ) );
#5021 = ADVANCED_FACE('',(#5022,#5141),#1444,.T.);
#5022 = FACE_BOUND('',#5023,.T.);
#5023 = EDGE_LOOP('',(#5024,#5025,#5026,#5027,#5050,#5073,#5096,#5120));
#5024 = ORIENTED_EDGE('',*,*,#4976,.F.);
#5025 = ORIENTED_EDGE('',*,*,#1428,.T.);
#5026 = ORIENTED_EDGE('',*,*,#1747,.T.);
#5027 = ORIENTED_EDGE('',*,*,#5028,.T.);
#5028 = EDGE_CURVE('',#1720,#5029,#5031,.T.);
#5029 = VERTEX_POINT('',#5030);
#5030 = CARTESIAN_POINT('',(62.5,111.,53.4));
#5031 = SURFACE_CURVE('',#5032,(#5036,#5043),.PCURVE_S1.);
#5032 = LINE('',#5033,#5034);
#5033 = CARTESIAN_POINT('',(38.5,111.,53.4));
#5034 = VECTOR('',#5035,1.);
#5035 = DIRECTION('',(1.,0.,0.));
#5036 = PCURVE('',#1444,#5037);
#5037 = DEFINITIONAL_REPRESENTATION('',(#5038),#5042);
#5038 = LINE('',#5039,#5040);
#5039 = CARTESIAN_POINT('',(0.,0.));
#5040 = VECTOR('',#5041,1.);
#5041 = DIRECTION('',(1.,0.));
#5042 = ( GEOMETRIC_REPRESENTATION_CONTEXT(2) 
PARAMETRIC_REPRESENTATION_CONTEXT() REPRESENTATION_CONTEXT('2D SPACE',''
  ) );
#5043 = PCURVE('',#1735,#5044);
#5044 = DEFINITIONAL_REPRESENTATION('',(#5045),#5049);
#5045 = LINE('',#5046,#5047);
#5046 = CARTESIAN_POINT('',(4.,0.));
#5047 = VECTOR('',#5048,1.);
#5048 = DIRECTION('',(0.,1.));
#5049 = ( GEOMETRIC_REPRESENTATION_CONTEXT(2) 
PARAMETRIC_REPRESENTATION_CONTEXT() REPRESENTATION_CONTEXT('2D SPACE',''
  ) );
#5050 = ORIENTED_EDGE('',*,*,#5051,.T.);
#5051 = EDGE_CURVE('',#5029,#5052,#5054,.T.);
#5052 = VERTEX_POINT('',#5053);
#5053 = CARTESIAN_POINT('',(62.5,111.,1.50990331349E-14));
#5054 = SURFACE_CURVE('',#5055,(#5059,#5066),.PCURVE_S1.);
#5055 = LINE('',#5056,#5057);
#5056 = CARTESIAN_POINT('',(62.5,111.,53.4));
#5057 = VECTOR('',#5058,1.);
#5058 = DIRECTION('',(0.,1.110223024625E-16,-1.));
#5059 = PCURVE('',#1444,#5060);
#5060 = DEFINITIONAL_REPRESENTATION('',(#5061),#5065);
#5061 = LINE('',#5062,#5063);
#5062 = CARTESIAN_POINT('',(24.,0.));
#5063 = VECTOR('',#5064,1.);
#5064 = DIRECTION('',(0.,1.));
#5065 = ( GEOMETRIC_REPRESENTATION_CONTEXT(2) 
PARAMETRIC_REPRESENTATION_CONTEXT() REPRESENTATION_CONTEXT('2D SPACE',''
  ) );
#5066 = PCURVE('',#4847,#5067);
#5067 = DEFINITIONAL_REPRESENTATION('',(#5068),#5072);
#5068 = LINE('',#5069,#5070);
#5069 = CARTESIAN_POINT('',(4.,-4.440892098501E-16));
#5070 = VECTOR('',#5071,1.);
#5071 = DIRECTION('',(0.,-1.));
#5072 = ( GEOMETRIC_REPRESENTATION_CONTEXT(2) 
PARAMETRIC_REPRESENTATION_CONTEXT() REPRESENTATION_CONTEXT('2D SPACE',''
  ) );
#5073 = ORIENTED_EDGE('',*,*,#5074,.T.);
#5074 = EDGE_CURVE('',#5052,#5075,#5077,.T.);
#5075 = VERTEX_POINT('',#5076);
#5076 = CARTESIAN_POINT('',(53.798484500494,111.,1.632027846199E-14));
#5077 = SURFACE_CURVE('',#5078,(#5082,#5089),.PCURVE_S1.);
#5078 = LINE('',#5079,#5080);
#5079 = CARTESIAN_POINT('',(-34.5,111.,1.50990331349E-14));
#5080 = VECTOR('',#5081,1.);
#5081 = DIRECTION('',(-1.,0.,0.));
#5082 = PCURVE('',#1444,#5083);
#5083 = DEFINITIONAL_REPRESENTATION('',(#5084),#5088);
#5084 = LINE('',#5085,#5086);
#5085 = CARTESIAN_POINT('',(-73.,53.4));
#5086 = VECTOR('',#5087,1.);
#5087 = DIRECTION('',(-1.,0.));
#5088 = ( GEOMETRIC_REPRESENTATION_CONTEXT(2) 
PARAMETRIC_REPRESENTATION_CONTEXT() REPRESENTATION_CONTEXT('2D SPACE',''
  ) );
#5089 = PCURVE('',#4875,#5090);
#5090 = DEFINITIONAL_REPRESENTATION('',(#5091),#5095);
#5091 = LINE('',#5092,#5093);
#5092 = CARTESIAN_POINT('',(226.,73.));
#5093 = VECTOR('',#5094,1.);
#5094 = DIRECTION('',(0.,-1.));
#5095 = ( GEOMETRIC_REPRESENTATION_CONTEXT(2) 
PARAMETRIC_REPRESENTATION_CONTEXT() REPRESENTATION_CONTEXT('2D SPACE',''
  ) );
#5096 = ORIENTED_EDGE('',*,*,#5097,.F.);
#5097 = EDGE_CURVE('',#5098,#5075,#5100,.T.);
#5098 = VERTEX_POINT('',#5099);
#5099 = CARTESIAN_POINT('',(47.201515499506,111.,1.511291092271E-14));
#5100 = SURFACE_CURVE('',#5101,(#5106,#5113),.PCURVE_S1.);
#5101 = CIRCLE('',#5102,3.3);
#5102 = AXIS2_PLACEMENT_3D('',#5103,#5104,#5105);
#5103 = CARTESIAN_POINT('',(50.5,111.,-9.999999999998E-02));
#5104 = DIRECTION('',(-0.,1.,1.110223024625E-16));
#5105 = DIRECTION('',(1.,0.,0.));
#5106 = PCURVE('',#1444,#5107);
#5107 = DEFINITIONAL_REPRESENTATION('',(#5108),#5112);
#5108 = CIRCLE('',#5109,3.3);
#5109 = AXIS2_PLACEMENT_2D('',#5110,#5111);
#5110 = CARTESIAN_POINT('',(12.,53.5));
#5111 = DIRECTION('',(1.,0.));
#5112 = ( GEOMETRIC_REPRESENTATION_CONTEXT(2) 
PARAMETRIC_REPRESENTATION_CONTEXT() REPRESENTATION_CONTEXT('2D SPACE',''
  ) );
#5113 = PCURVE('',#4904,#5114);
#5114 = DEFINITIONAL_REPRESENTATION('',(#5115),#5119);
#5115 = LINE('',#5116,#5117);
#5116 = CARTESIAN_POINT('',(0.,6.));
#5117 = VECTOR('',#5118,1.);
#5118 = DIRECTION('',(1.,0.));
#5119 = ( GEOMETRIC_REPRESENTATION_CONTEXT(2) 
PARAMETRIC_REPRESENTATION_CONTEXT() REPRESENTATION_CONTEXT('2D SPACE',''
  ) );
#5120 = ORIENTED_EDGE('',*,*,#5121,.T.);
#5121 = EDGE_CURVE('',#5098,#4977,#5122,.T.);
#5122 = SURFACE_CURVE('',#5123,(#5127,#5134),.PCURVE_S1.);
#5123 = LINE('',#5124,#5125);
#5124 = CARTESIAN_POINT('',(-34.5,111.,1.50990331349E-14));
#5125 = VECTOR('',#5126,1.);
#5126 = DIRECTION('',(-1.,0.,0.));
#5127 = PCURVE('',#1444,#5128);
#5128 = DEFINITIONAL_REPRESENTATION('',(#5129),#5133);
#5129 = LINE('',#5130,#5131);
#5130 = CARTESIAN_POINT('',(-73.,53.4));
#5131 = VECTOR('',#5132,1.);
#5132 = DIRECTION('',(-1.,0.));
#5133 = ( GEOMETRIC_REPRESENTATION_CONTEXT(2) 
PARAMETRIC_REPRESENTATION_CONTEXT() REPRESENTATION_CONTEXT('2D SPACE',''
  ) );
#5134 = PCURVE('',#4930,#5135);
#5135 = DEFINITIONAL_REPRESENTATION('',(#5136),#5140);
#5136 = LINE('',#5137,#5138);
#5137 = CARTESIAN_POINT('',(226.,73.));
#5138 = VECTOR('',#5139,1.);
#5139 = DIRECTION('',(0.,-1.));
#5140 = ( GEOMETRIC_REPRESENTATION_CONTEXT(2) 
PARAMETRIC_REPRESENTATION_CONTEXT() REPRESENTATION_CONTEXT('2D SPACE',''
  ) );
#5141 = FACE_BOUND('',#5142,.T.);
#5142 = EDGE_LOOP('',(#5143));
#5143 = ORIENTED_EDGE('',*,*,#5144,.F.);
#5144 = EDGE_CURVE('',#5145,#5145,#5147,.T.);
#5145 = VERTEX_POINT('',#5146);
#5146 = CARTESIAN_POINT('',(53.6,111.,26.9));
#5147 = SURFACE_CURVE('',#5148,(#5153,#5160),.PCURVE_S1.);
#5148 = CIRCLE('',#5149,3.1);
#5149 = AXIS2_PLACEMENT_3D('',#5150,#5151,#5152);
#5150 = CARTESIAN_POINT('',(50.5,111.,26.9));
#5151 = DIRECTION('',(-0.,1.,1.110223024625E-16));
#5152 = DIRECTION('',(1.,0.,0.));
#5153 = PCURVE('',#1444,#5154);
#5154 = DEFINITIONAL_REPRESENTATION('',(#5155),#5159);
#5155 = CIRCLE('',#5156,3.1);
#5156 = AXIS2_PLACEMENT_2D('',#5157,#5158);
#5157 = CARTESIAN_POINT('',(12.,26.5));
#5158 = DIRECTION('',(1.,0.));
#5159 = ( GEOMETRIC_REPRESENTATION_CONTEXT(2) 
PARAMETRIC_REPRESENTATION_CONTEXT() REPRESENTATION_CONTEXT('2D SPACE',''
  ) );
#5160 = PCURVE('',#4961,#5161);
#5161 = DEFINITIONAL_REPRESENTATION('',(#5162),#5166);
#5162 = LINE('',#5163,#5164);
#5163 = CARTESIAN_POINT('',(0.,6.));
#5164 = VECTOR('',#5165,1.);
#5165 = DIRECTION('',(1.,0.));
#5166 = ( GEOMETRIC_REPRESENTATION_CONTEXT(2) 
PARAMETRIC_REPRESENTATION_CONTEXT() REPRESENTATION_CONTEXT('2D SPACE',''
  ) );
#5167 = ADVANCED_FACE('',(#5168),#1393,.F.);
#5168 = FACE_BOUND('',#5169,.F.);
#5169 = EDGE_LOOP('',(#5170,#5200,#5228,#5256,#5277,#5278,#5279,#5302,
    #5330,#5358));
#5170 = ORIENTED_EDGE('',*,*,#5171,.T.);
#5171 = EDGE_CURVE('',#5172,#5174,#5176,.T.);
#5172 = VERTEX_POINT('',#5173);
#5173 = CARTESIAN_POINT('',(45.200943480203,118.,1.595945597899E-14));
#5174 = VERTEX_POINT('',#5175);
#5175 = CARTESIAN_POINT('',(34.5,118.,1.587618925214E-14));
#5176 = SURFACE_CURVE('',#5177,(#5181,#5188),.PCURVE_S1.);
#5177 = LINE('',#5178,#5179);
#5178 = CARTESIAN_POINT('',(-36.5,118.,1.587618925214E-14));
#5179 = VECTOR('',#5180,1.);
#5180 = DIRECTION('',(-1.,0.,0.));
#5181 = PCURVE('',#1393,#5182);
#5182 = DEFINITIONAL_REPRESENTATION('',(#5183),#5187);
#5183 = LINE('',#5184,#5185);
#5184 = CARTESIAN_POINT('',(-71.,53.4));
#5185 = VECTOR('',#5186,1.);
#5186 = DIRECTION('',(-1.,0.));
#5187 = ( GEOMETRIC_REPRESENTATION_CONTEXT(2) 
PARAMETRIC_REPRESENTATION_CONTEXT() REPRESENTATION_CONTEXT('2D SPACE',''
  ) );
#5188 = PCURVE('',#5189,#5194);
#5189 = PLANE('',#5190);
#5190 = AXIS2_PLACEMENT_3D('',#5191,#5192,#5193);
#5191 = CARTESIAN_POINT('',(-107.5,-115.,-9.992007221626E-15));
#5192 = DIRECTION('',(0.,1.110223024625E-16,-1.));
#5193 = DIRECTION('',(0.,1.,1.110223024625E-16));
#5194 = DEFINITIONAL_REPRESENTATION('',(#5195),#5199);
#5195 = LINE('',#5196,#5197);
#5196 = CARTESIAN_POINT('',(233.,71.));
#5197 = VECTOR('',#5198,1.);
#5198 = DIRECTION('',(0.,-1.));
#5199 = ( GEOMETRIC_REPRESENTATION_CONTEXT(2) 
PARAMETRIC_REPRESENTATION_CONTEXT() REPRESENTATION_CONTEXT('2D SPACE',''
  ) );
#5200 = ORIENTED_EDGE('',*,*,#5201,.F.);
#5201 = EDGE_CURVE('',#5202,#5174,#5204,.T.);
#5202 = VERTEX_POINT('',#5203);
#5203 = CARTESIAN_POINT('',(34.5,118.,53.4));
#5204 = SURFACE_CURVE('',#5205,(#5209,#5216),.PCURVE_S1.);
#5205 = LINE('',#5206,#5207);
#5206 = CARTESIAN_POINT('',(34.5,118.,53.4));
#5207 = VECTOR('',#5208,1.);
#5208 = DIRECTION('',(0.,1.110223024625E-16,-1.));
#5209 = PCURVE('',#1393,#5210);
#5210 = DEFINITIONAL_REPRESENTATION('',(#5211),#5215);
#5211 = LINE('',#5212,#5213);
#5212 = CARTESIAN_POINT('',(0.,0.));
#5213 = VECTOR('',#5214,1.);
#5214 = DIRECTION('',(0.,1.));
#5215 = ( GEOMETRIC_REPRESENTATION_CONTEXT(2) 
PARAMETRIC_REPRESENTATION_CONTEXT() REPRESENTATION_CONTEXT('2D SPACE',''
  ) );
#5216 = PCURVE('',#5217,#5222);
#5217 = PLANE('',#5218);
#5218 = AXIS2_PLACEMENT_3D('',#5219,#5220,#5221);
#5219 = CARTESIAN_POINT('',(34.5,118.,53.4));
#5220 = DIRECTION('',(1.,0.,0.));
#5221 = DIRECTION('',(0.,1.,1.110223024625E-16));
#5222 = DEFINITIONAL_REPRESENTATION('',(#5223),#5227);
#5223 = LINE('',#5224,#5225);
#5224 = CARTESIAN_POINT('',(0.,0.));
#5225 = VECTOR('',#5226,1.);
#5226 = DIRECTION('',(0.,-1.));
#5227 = ( GEOMETRIC_REPRESENTATION_CONTEXT(2) 
PARAMETRIC_REPRESENTATION_CONTEXT() REPRESENTATION_CONTEXT('2D SPACE',''
  ) );
#5228 = ORIENTED_EDGE('',*,*,#5229,.T.);
#5229 = EDGE_CURVE('',#5202,#5230,#5232,.T.);
#5230 = VERTEX_POINT('',#5231);
#5231 = CARTESIAN_POINT('',(35.5,118.,53.4));
#5232 = SURFACE_CURVE('',#5233,(#5237,#5244),.PCURVE_S1.);
#5233 = LINE('',#5234,#5235);
#5234 = CARTESIAN_POINT('',(34.5,118.,53.4));
#5235 = VECTOR('',#5236,1.);
#5236 = DIRECTION('',(1.,0.,0.));
#5237 = PCURVE('',#1393,#5238);
#5238 = DEFINITIONAL_REPRESENTATION('',(#5239),#5243);
#5239 = LINE('',#5240,#5241);
#5240 = CARTESIAN_POINT('',(0.,0.));
#5241 = VECTOR('',#5242,1.);
#5242 = DIRECTION('',(1.,0.));
#5243 = ( GEOMETRIC_REPRESENTATION_CONTEXT(2) 
PARAMETRIC_REPRESENTATION_CONTEXT() REPRESENTATION_CONTEXT('2D SPACE',''
  ) );
#5244 = PCURVE('',#5245,#5250);
#5245 = PLANE('',#5246);
#5246 = AXIS2_PLACEMENT_3D('',#5247,#5248,#5249);
#5247 = CARTESIAN_POINT('',(34.5,118.,53.4));
#5248 = DIRECTION('',(0.,1.110223024625E-16,-1.));
#5249 = DIRECTION('',(0.,1.,1.110223024625E-16));
#5250 = DEFINITIONAL_REPRESENTATION('',(#5251),#5255);
#5251 = LINE('',#5252,#5253);
#5252 = CARTESIAN_POINT('',(0.,0.));
#5253 = VECTOR('',#5254,1.);
#5254 = DIRECTION('',(0.,1.));
#5255 = ( GEOMETRIC_REPRESENTATION_CONTEXT(2) 
PARAMETRIC_REPRESENTATION_CONTEXT() REPRESENTATION_CONTEXT('2D SPACE',''
  ) );
#5256 = ORIENTED_EDGE('',*,*,#5257,.F.);
#5257 = EDGE_CURVE('',#1350,#5230,#5258,.T.);
#5258 = SURFACE_CURVE('',#5259,(#5263,#5270),.PCURVE_S1.);
#5259 = LINE('',#5260,#5261);
#5260 = CARTESIAN_POINT('',(35.5,118.,55.15));
#5261 = VECTOR('',#5262,1.);
#5262 = DIRECTION('',(0.,-1.110223024625E-16,1.));
#5263 = PCURVE('',#1393,#5264);
#5264 = DEFINITIONAL_REPRESENTATION('',(#5265),#5269);
#5265 = LINE('',#5266,#5267);
#5266 = CARTESIAN_POINT('',(1.,-1.75));
#5267 = VECTOR('',#5268,1.);
#5268 = DIRECTION('',(0.,-1.));
#5269 = ( GEOMETRIC_REPRESENTATION_CONTEXT(2) 
PARAMETRIC_REPRESENTATION_CONTEXT() REPRESENTATION_CONTEXT('2D SPACE',''
  ) );
#5270 = PCURVE('',#1365,#5271);
#5271 = DEFINITIONAL_REPRESENTATION('',(#5272),#5276);
#5272 = LINE('',#5273,#5274);
#5273 = CARTESIAN_POINT('',(49.,-1.75));
#5274 = VECTOR('',#5275,1.);
#5275 = DIRECTION('',(0.,1.));
#5276 = ( GEOMETRIC_REPRESENTATION_CONTEXT(2) 
PARAMETRIC_REPRESENTATION_CONTEXT() REPRESENTATION_CONTEXT('2D SPACE',''
  ) );
#5277 = ORIENTED_EDGE('',*,*,#1377,.T.);
#5278 = ORIENTED_EDGE('',*,*,#1769,.T.);
#5279 = ORIENTED_EDGE('',*,*,#5280,.T.);
#5280 = EDGE_CURVE('',#1770,#5281,#5283,.T.);
#5281 = VERTEX_POINT('',#5282);
#5282 = CARTESIAN_POINT('',(66.5,118.,53.4));
#5283 = SURFACE_CURVE('',#5284,(#5288,#5295),.PCURVE_S1.);
#5284 = LINE('',#5285,#5286);
#5285 = CARTESIAN_POINT('',(34.5,118.,53.4));
#5286 = VECTOR('',#5287,1.);
#5287 = DIRECTION('',(1.,0.,0.));
#5288 = PCURVE('',#1393,#5289);
#5289 = DEFINITIONAL_REPRESENTATION('',(#5290),#5294);
#5290 = LINE('',#5291,#5292);
#5291 = CARTESIAN_POINT('',(0.,0.));
#5292 = VECTOR('',#5293,1.);
#5293 = DIRECTION('',(1.,0.));
#5294 = ( GEOMETRIC_REPRESENTATION_CONTEXT(2) 
PARAMETRIC_REPRESENTATION_CONTEXT() REPRESENTATION_CONTEXT('2D SPACE',''
  ) );
#5295 = PCURVE('',#1808,#5296);
#5296 = DEFINITIONAL_REPRESENTATION('',(#5297),#5301);
#5297 = LINE('',#5298,#5299);
#5298 = CARTESIAN_POINT('',(0.,0.));
#5299 = VECTOR('',#5300,1.);
#5300 = DIRECTION('',(0.,1.));
#5301 = ( GEOMETRIC_REPRESENTATION_CONTEXT(2) 
PARAMETRIC_REPRESENTATION_CONTEXT() REPRESENTATION_CONTEXT('2D SPACE',''
  ) );
#5302 = ORIENTED_EDGE('',*,*,#5303,.T.);
#5303 = EDGE_CURVE('',#5281,#5304,#5306,.T.);
#5304 = VERTEX_POINT('',#5305);
#5305 = CARTESIAN_POINT('',(66.5,118.,1.587618925214E-14));
#5306 = SURFACE_CURVE('',#5307,(#5311,#5318),.PCURVE_S1.);
#5307 = LINE('',#5308,#5309);
#5308 = CARTESIAN_POINT('',(66.5,118.,53.4));
#5309 = VECTOR('',#5310,1.);
#5310 = DIRECTION('',(0.,1.110223024625E-16,-1.));
#5311 = PCURVE('',#1393,#5312);
#5312 = DEFINITIONAL_REPRESENTATION('',(#5313),#5317);
#5313 = LINE('',#5314,#5315);
#5314 = CARTESIAN_POINT('',(32.,0.));
#5315 = VECTOR('',#5316,1.);
#5316 = DIRECTION('',(0.,1.));
#5317 = ( GEOMETRIC_REPRESENTATION_CONTEXT(2) 
PARAMETRIC_REPRESENTATION_CONTEXT() REPRESENTATION_CONTEXT('2D SPACE',''
  ) );
#5318 = PCURVE('',#5319,#5324);
#5319 = PLANE('',#5320);
#5320 = AXIS2_PLACEMENT_3D('',#5321,#5322,#5323);
#5321 = CARTESIAN_POINT('',(66.5,118.,53.4));
#5322 = DIRECTION('',(1.,0.,0.));
#5323 = DIRECTION('',(0.,1.,1.110223024625E-16));
#5324 = DEFINITIONAL_REPRESENTATION('',(#5325),#5329);
#5325 = LINE('',#5326,#5327);
#5326 = CARTESIAN_POINT('',(0.,0.));
#5327 = VECTOR('',#5328,1.);
#5328 = DIRECTION('',(0.,-1.));
#5329 = ( GEOMETRIC_REPRESENTATION_CONTEXT(2) 
PARAMETRIC_REPRESENTATION_CONTEXT() REPRESENTATION_CONTEXT('2D SPACE',''
  ) );
#5330 = ORIENTED_EDGE('',*,*,#5331,.T.);
#5331 = EDGE_CURVE('',#5304,#5332,#5334,.T.);
#5332 = VERTEX_POINT('',#5333);
#5333 = CARTESIAN_POINT('',(55.799056519797,118.,1.791622405989E-14));
#5334 = SURFACE_CURVE('',#5335,(#5339,#5346),.PCURVE_S1.);
#5335 = LINE('',#5336,#5337);
#5336 = CARTESIAN_POINT('',(-36.5,118.,1.587618925214E-14));
#5337 = VECTOR('',#5338,1.);
#5338 = DIRECTION('',(-1.,0.,0.));
#5339 = PCURVE('',#1393,#5340);
#5340 = DEFINITIONAL_REPRESENTATION('',(#5341),#5345);
#5341 = LINE('',#5342,#5343);
#5342 = CARTESIAN_POINT('',(-71.,53.4));
#5343 = VECTOR('',#5344,1.);
#5344 = DIRECTION('',(-1.,0.));
#5345 = ( GEOMETRIC_REPRESENTATION_CONTEXT(2) 
PARAMETRIC_REPRESENTATION_CONTEXT() REPRESENTATION_CONTEXT('2D SPACE',''
  ) );
#5346 = PCURVE('',#5347,#5352);
#5347 = PLANE('',#5348);
#5348 = AXIS2_PLACEMENT_3D('',#5349,#5350,#5351);
#5349 = CARTESIAN_POINT('',(-107.5,-115.,-9.992007221626E-15));
#5350 = DIRECTION('',(0.,1.110223024625E-16,-1.));
#5351 = DIRECTION('',(0.,1.,1.110223024625E-16));
#5352 = DEFINITIONAL_REPRESENTATION('',(#5353),#5357);
#5353 = LINE('',#5354,#5355);
#5354 = CARTESIAN_POINT('',(233.,71.));
#5355 = VECTOR('',#5356,1.);
#5356 = DIRECTION('',(0.,-1.));
#5357 = ( GEOMETRIC_REPRESENTATION_CONTEXT(2) 
PARAMETRIC_REPRESENTATION_CONTEXT() REPRESENTATION_CONTEXT('2D SPACE',''
  ) );
#5358 = ORIENTED_EDGE('',*,*,#5359,.F.);
#5359 = EDGE_CURVE('',#5172,#5332,#5360,.T.);
#5360 = SURFACE_CURVE('',#5361,(#5366,#5373),.PCURVE_S1.);
#5361 = CIRCLE('',#5362,5.3);
#5362 = AXIS2_PLACEMENT_3D('',#5363,#5364,#5365);
#5363 = CARTESIAN_POINT('',(50.5,118.,-9.999999999998E-02));
#5364 = DIRECTION('',(-0.,1.,1.110223024625E-16));
#5365 = DIRECTION('',(1.,0.,0.));
#5366 = PCURVE('',#1393,#5367);
#5367 = DEFINITIONAL_REPRESENTATION('',(#5368),#5372);
#5368 = CIRCLE('',#5369,5.3);
#5369 = AXIS2_PLACEMENT_2D('',#5370,#5371);
#5370 = CARTESIAN_POINT('',(16.,53.5));
#5371 = DIRECTION('',(1.,0.));
#5372 = ( GEOMETRIC_REPRESENTATION_CONTEXT(2) 
PARAMETRIC_REPRESENTATION_CONTEXT() REPRESENTATION_CONTEXT('2D SPACE',''
  ) );
#5373 = PCURVE('',#5374,#5379);
#5374 = CYLINDRICAL_SURFACE('',#5375,5.3);
#5375 = AXIS2_PLACEMENT_3D('',#5376,#5377,#5378);
#5376 = CARTESIAN_POINT('',(50.5,116.,-9.999999999998E-02));
#5377 = DIRECTION('',(0.,1.,1.110223024625E-16));
#5378 = DIRECTION('',(1.,0.,0.));
#5379 = DEFINITIONAL_REPRESENTATION('',(#5380),#5384);
#5380 = LINE('',#5381,#5382);
#5381 = CARTESIAN_POINT('',(0.,2.));
#5382 = VECTOR('',#5383,1.);
#5383 = DIRECTION('',(1.,0.));
#5384 = ( GEOMETRIC_REPRESENTATION_CONTEXT(2) 
PARAMETRIC_REPRESENTATION_CONTEXT() REPRESENTATION_CONTEXT('2D SPACE',''
  ) );
#5385 = ADVANCED_FACE('',(#5386),#1365,.F.);
#5386 = FACE_BOUND('',#5387,.F.);
#5387 = EDGE_LOOP('',(#5388,#5389,#5412,#5433,#5434,#5457,#5478,#5479,
    #5480,#5481,#5504,#5527,#5548,#5549,#5572,#5593));
#5388 = ORIENTED_EDGE('',*,*,#3748,.F.);
#5389 = ORIENTED_EDGE('',*,*,#5390,.F.);
#5390 = EDGE_CURVE('',#5391,#3726,#5393,.T.);
#5391 = VERTEX_POINT('',#5392);
#5392 = CARTESIAN_POINT('',(35.5,69.,56.9));
#5393 = SURFACE_CURVE('',#5394,(#5398,#5405),.PCURVE_S1.);
#5394 = LINE('',#5395,#5396);
#5395 = CARTESIAN_POINT('',(35.5,69.,56.9));
#5396 = VECTOR('',#5397,1.);
#5397 = DIRECTION('',(0.,1.,1.110223024625E-16));
#5398 = PCURVE('',#1365,#5399);
#5399 = DEFINITIONAL_REPRESENTATION('',(#5400),#5404);
#5400 = LINE('',#5401,#5402);
#5401 = CARTESIAN_POINT('',(0.,0.));
#5402 = VECTOR('',#5403,1.);
#5403 = DIRECTION('',(1.,0.));
#5404 = ( GEOMETRIC_REPRESENTATION_CONTEXT(2) 
PARAMETRIC_REPRESENTATION_CONTEXT() REPRESENTATION_CONTEXT('2D SPACE',''
  ) );
#5405 = PCURVE('',#1577,#5406);
#5406 = DEFINITIONAL_REPRESENTATION('',(#5407),#5411);
#5407 = LINE('',#5408,#5409);
#5408 = CARTESIAN_POINT('',(0.,0.));
#5409 = VECTOR('',#5410,1.);
#5410 = DIRECTION('',(1.,0.));
#5411 = ( GEOMETRIC_REPRESENTATION_CONTEXT(2) 
PARAMETRIC_REPRESENTATION_CONTEXT() REPRESENTATION_CONTEXT('2D SPACE',''
  ) );
#5412 = ORIENTED_EDGE('',*,*,#5413,.T.);
#5413 = EDGE_CURVE('',#5391,#169,#5414,.T.);
#5414 = SURFACE_CURVE('',#5415,(#5419,#5426),.PCURVE_S1.);
#5415 = LINE('',#5416,#5417);
#5416 = CARTESIAN_POINT('',(35.5,69.,56.9));
#5417 = VECTOR('',#5418,1.);
#5418 = DIRECTION('',(0.,1.110223024625E-16,-1.));
#5419 = PCURVE('',#1365,#5420);
#5420 = DEFINITIONAL_REPRESENTATION('',(#5421),#5425);
#5421 = LINE('',#5422,#5423);
#5422 = CARTESIAN_POINT('',(0.,0.));
#5423 = VECTOR('',#5424,1.);
#5424 = DIRECTION('',(0.,-1.));
#5425 = ( GEOMETRIC_REPRESENTATION_CONTEXT(2) 
PARAMETRIC_REPRESENTATION_CONTEXT() REPRESENTATION_CONTEXT('2D SPACE',''
  ) );
#5426 = PCURVE('',#1605,#5427);
#5427 = DEFINITIONAL_REPRESENTATION('',(#5428),#5432);
#5428 = LINE('',#5429,#5430);
#5429 = CARTESIAN_POINT('',(0.,0.));
#5430 = VECTOR('',#5431,1.);
#5431 = DIRECTION('',(0.,1.));
#5432 = ( GEOMETRIC_REPRESENTATION_CONTEXT(2) 
PARAMETRIC_REPRESENTATION_CONTEXT() REPRESENTATION_CONTEXT('2D SPACE',''
  ) );
#5433 = ORIENTED_EDGE('',*,*,#2518,.T.);
#5434 = ORIENTED_EDGE('',*,*,#5435,.T.);
#5435 = EDGE_CURVE('',#2519,#5436,#5438,.T.);
#5436 = VERTEX_POINT('',#5437);
#5437 = CARTESIAN_POINT('',(35.5,87.,53.4));
#5438 = SURFACE_CURVE('',#5439,(#5443,#5450),.PCURVE_S1.);
#5439 = LINE('',#5440,#5441);
#5440 = CARTESIAN_POINT('',(35.5,87.,57.9));
#5441 = VECTOR('',#5442,1.);
#5442 = DIRECTION('',(0.,1.110223024625E-16,-1.));
#5443 = PCURVE('',#1365,#5444);
#5444 = DEFINITIONAL_REPRESENTATION('',(#5445),#5449);
#5445 = LINE('',#5446,#5447);
#5446 = CARTESIAN_POINT('',(18.,1.));
#5447 = VECTOR('',#5448,1.);
#5448 = DIRECTION('',(0.,-1.));
#5449 = ( GEOMETRIC_REPRESENTATION_CONTEXT(2) 
PARAMETRIC_REPRESENTATION_CONTEXT() REPRESENTATION_CONTEXT('2D SPACE',''
  ) );
#5450 = PCURVE('',#2557,#5451);
#5451 = DEFINITIONAL_REPRESENTATION('',(#5452),#5456);
#5452 = LINE('',#5453,#5454);
#5453 = CARTESIAN_POINT('',(6.5,1.));
#5454 = VECTOR('',#5455,1.);
#5455 = DIRECTION('',(0.,1.));
#5456 = ( GEOMETRIC_REPRESENTATION_CONTEXT(2) 
PARAMETRIC_REPRESENTATION_CONTEXT() REPRESENTATION_CONTEXT('2D SPACE',''
  ) );
#5457 = ORIENTED_EDGE('',*,*,#5458,.F.);
#5458 = EDGE_CURVE('',#3798,#5436,#5459,.T.);
#5459 = SURFACE_CURVE('',#5460,(#5464,#5471),.PCURVE_S1.);
#5460 = LINE('',#5461,#5462);
#5461 = CARTESIAN_POINT('',(35.5,84.070083682008,53.4));
#5462 = VECTOR('',#5463,1.);
#5463 = DIRECTION('',(0.,1.,1.110223024625E-16));
#5464 = PCURVE('',#1365,#5465);
#5465 = DEFINITIONAL_REPRESENTATION('',(#5466),#5470);
#5466 = LINE('',#5467,#5468);
#5467 = CARTESIAN_POINT('',(15.070083682008,-3.5));
#5468 = VECTOR('',#5469,1.);
#5469 = DIRECTION('',(1.,0.));
#5470 = ( GEOMETRIC_REPRESENTATION_CONTEXT(2) 
PARAMETRIC_REPRESENTATION_CONTEXT() REPRESENTATION_CONTEXT('2D SPACE',''
  ) );
#5471 = PCURVE('',#3488,#5472);
#5472 = DEFINITIONAL_REPRESENTATION('',(#5473),#5477);
#5473 = LINE('',#5474,#5475);
#5474 = CARTESIAN_POINT('',(15.070083682008,-45.55648535564));
#5475 = VECTOR('',#5476,1.);
#5476 = DIRECTION('',(-1.,0.));
#5477 = ( GEOMETRIC_REPRESENTATION_CONTEXT(2) 
PARAMETRIC_REPRESENTATION_CONTEXT() REPRESENTATION_CONTEXT('2D SPACE',''
  ) );
#5478 = ORIENTED_EDGE('',*,*,#3820,.F.);
#5479 = ORIENTED_EDGE('',*,*,#1349,.T.);
#5480 = ORIENTED_EDGE('',*,*,#5257,.T.);
#5481 = ORIENTED_EDGE('',*,*,#5482,.T.);
#5482 = EDGE_CURVE('',#5230,#5483,#5485,.T.);
#5483 = VERTEX_POINT('',#5484);
#5484 = CARTESIAN_POINT('',(35.5,121.,53.4));
#5485 = SURFACE_CURVE('',#5486,(#5490,#5497),.PCURVE_S1.);
#5486 = LINE('',#5487,#5488);
#5487 = CARTESIAN_POINT('',(35.5,93.5,53.4));
#5488 = VECTOR('',#5489,1.);
#5489 = DIRECTION('',(0.,1.,1.110223024625E-16));
#5490 = PCURVE('',#1365,#5491);
#5491 = DEFINITIONAL_REPRESENTATION('',(#5492),#5496);
#5492 = LINE('',#5493,#5494);
#5493 = CARTESIAN_POINT('',(24.5,-3.5));
#5494 = VECTOR('',#5495,1.);
#5495 = DIRECTION('',(1.,0.));
#5496 = ( GEOMETRIC_REPRESENTATION_CONTEXT(2) 
PARAMETRIC_REPRESENTATION_CONTEXT() REPRESENTATION_CONTEXT('2D SPACE',''
  ) );
#5497 = PCURVE('',#5245,#5498);
#5498 = DEFINITIONAL_REPRESENTATION('',(#5499),#5503);
#5499 = LINE('',#5500,#5501);
#5500 = CARTESIAN_POINT('',(-24.5,1.));
#5501 = VECTOR('',#5502,1.);
#5502 = DIRECTION('',(1.,0.));
#5503 = ( GEOMETRIC_REPRESENTATION_CONTEXT(2) 
PARAMETRIC_REPRESENTATION_CONTEXT() REPRESENTATION_CONTEXT('2D SPACE',''
  ) );
#5504 = ORIENTED_EDGE('',*,*,#5505,.F.);
#5505 = EDGE_CURVE('',#5506,#5483,#5508,.T.);
#5506 = VERTEX_POINT('',#5507);
#5507 = CARTESIAN_POINT('',(35.5,121.,52.9));
#5508 = SURFACE_CURVE('',#5509,(#5513,#5520),.PCURVE_S1.);
#5509 = LINE('',#5510,#5511);
#5510 = CARTESIAN_POINT('',(35.5,121.,55.15));
#5511 = VECTOR('',#5512,1.);
#5512 = DIRECTION('',(0.,-1.110223024625E-16,1.));
#5513 = PCURVE('',#1365,#5514);
#5514 = DEFINITIONAL_REPRESENTATION('',(#5515),#5519);
#5515 = LINE('',#5516,#5517);
#5516 = CARTESIAN_POINT('',(52.,-1.75));
#5517 = VECTOR('',#5518,1.);
#5518 = DIRECTION('',(0.,1.));
#5519 = ( GEOMETRIC_REPRESENTATION_CONTEXT(2) 
PARAMETRIC_REPRESENTATION_CONTEXT() REPRESENTATION_CONTEXT('2D SPACE',''
  ) );
#5520 = PCURVE('',#1836,#5521);
#5521 = DEFINITIONAL_REPRESENTATION('',(#5522),#5526);
#5522 = LINE('',#5523,#5524);
#5523 = CARTESIAN_POINT('',(1.,-1.75));
#5524 = VECTOR('',#5525,1.);
#5525 = DIRECTION('',(0.,-1.));
#5526 = ( GEOMETRIC_REPRESENTATION_CONTEXT(2) 
PARAMETRIC_REPRESENTATION_CONTEXT() REPRESENTATION_CONTEXT('2D SPACE',''
  ) );
#5527 = ORIENTED_EDGE('',*,*,#5528,.T.);
#5528 = EDGE_CURVE('',#5506,#3501,#5529,.T.);
#5529 = SURFACE_CURVE('',#5530,(#5534,#5541),.PCURVE_S1.);
#5530 = LINE('',#5531,#5532);
#5531 = CARTESIAN_POINT('',(35.5,69.,52.9));
#5532 = VECTOR('',#5533,1.);
#5533 = DIRECTION('',(0.,1.,1.110223024625E-16));
#5534 = PCURVE('',#1365,#5535);
#5535 = DEFINITIONAL_REPRESENTATION('',(#5536),#5540);
#5536 = LINE('',#5537,#5538);
#5537 = CARTESIAN_POINT('',(-4.440892098501E-16,-4.));
#5538 = VECTOR('',#5539,1.);
#5539 = DIRECTION('',(1.,0.));
#5540 = ( GEOMETRIC_REPRESENTATION_CONTEXT(2) 
PARAMETRIC_REPRESENTATION_CONTEXT() REPRESENTATION_CONTEXT('2D SPACE',''
  ) );
#5541 = PCURVE('',#1864,#5542);
#5542 = DEFINITIONAL_REPRESENTATION('',(#5543),#5547);
#5543 = LINE('',#5544,#5545);
#5544 = CARTESIAN_POINT('',(0.,0.));
#5545 = VECTOR('',#5546,1.);
#5546 = DIRECTION('',(1.,0.));
#5547 = ( GEOMETRIC_REPRESENTATION_CONTEXT(2) 
PARAMETRIC_REPRESENTATION_CONTEXT() REPRESENTATION_CONTEXT('2D SPACE',''
  ) );
#5548 = ORIENTED_EDGE('',*,*,#3500,.F.);
#5549 = ORIENTED_EDGE('',*,*,#5550,.F.);
#5550 = EDGE_CURVE('',#5551,#3473,#5553,.T.);
#5551 = VERTEX_POINT('',#5552);
#5552 = CARTESIAN_POINT('',(35.5,131.,53.4));
#5553 = SURFACE_CURVE('',#5554,(#5558,#5565),.PCURVE_S1.);
#5554 = LINE('',#5555,#5556);
#5555 = CARTESIAN_POINT('',(35.5,84.070083682008,53.4));
#5556 = VECTOR('',#5557,1.);
#5557 = DIRECTION('',(0.,1.,1.110223024625E-16));
#5558 = PCURVE('',#1365,#5559);
#5559 = DEFINITIONAL_REPRESENTATION('',(#5560),#5564);
#5560 = LINE('',#5561,#5562);
#5561 = CARTESIAN_POINT('',(15.070083682008,-3.5));
#5562 = VECTOR('',#5563,1.);
#5563 = DIRECTION('',(1.,0.));
#5564 = ( GEOMETRIC_REPRESENTATION_CONTEXT(2) 
PARAMETRIC_REPRESENTATION_CONTEXT() REPRESENTATION_CONTEXT('2D SPACE',''
  ) );
#5565 = PCURVE('',#3488,#5566);
#5566 = DEFINITIONAL_REPRESENTATION('',(#5567),#5571);
#5567 = LINE('',#5568,#5569);
#5568 = CARTESIAN_POINT('',(15.070083682008,-45.55648535564));
#5569 = VECTOR('',#5570,1.);
#5570 = DIRECTION('',(-1.,0.));
#5571 = ( GEOMETRIC_REPRESENTATION_CONTEXT(2) 
PARAMETRIC_REPRESENTATION_CONTEXT() REPRESENTATION_CONTEXT('2D SPACE',''
  ) );
#5572 = ORIENTED_EDGE('',*,*,#5573,.F.);
#5573 = EDGE_CURVE('',#2598,#5551,#5574,.T.);
#5574 = SURFACE_CURVE('',#5575,(#5579,#5586),.PCURVE_S1.);
#5575 = LINE('',#5576,#5577);
#5576 = CARTESIAN_POINT('',(35.5,131.,57.9));
#5577 = VECTOR('',#5578,1.);
#5578 = DIRECTION('',(0.,1.110223024625E-16,-1.));
#5579 = PCURVE('',#1365,#5580);
#5580 = DEFINITIONAL_REPRESENTATION('',(#5581),#5585);
#5581 = LINE('',#5582,#5583);
#5582 = CARTESIAN_POINT('',(62.,1.));
#5583 = VECTOR('',#5584,1.);
#5584 = DIRECTION('',(0.,-1.));
#5585 = ( GEOMETRIC_REPRESENTATION_CONTEXT(2) 
PARAMETRIC_REPRESENTATION_CONTEXT() REPRESENTATION_CONTEXT('2D SPACE',''
  ) );
#5586 = PCURVE('',#2613,#5587);
#5587 = DEFINITIONAL_REPRESENTATION('',(#5588),#5592);
#5588 = LINE('',#5589,#5590);
#5589 = CARTESIAN_POINT('',(6.5,1.));
#5590 = VECTOR('',#5591,1.);
#5591 = DIRECTION('',(0.,1.));
#5592 = ( GEOMETRIC_REPRESENTATION_CONTEXT(2) 
PARAMETRIC_REPRESENTATION_CONTEXT() REPRESENTATION_CONTEXT('2D SPACE',''
  ) );
#5593 = ORIENTED_EDGE('',*,*,#2625,.T.);
#5594 = ADVANCED_FACE('',(#5595),#1633,.T.);
#5595 = FACE_BOUND('',#5596,.T.);
#5596 = EDGE_LOOP('',(#5597,#5618,#5619,#5642,#5665,#5688,#5709,#5710,
    #5711,#5734,#5757,#5778));
#5597 = ORIENTED_EDGE('',*,*,#5598,.T.);
#5598 = EDGE_CURVE('',#1590,#169,#5599,.T.);
#5599 = SURFACE_CURVE('',#5600,(#5604,#5611),.PCURVE_S1.);
#5600 = LINE('',#5601,#5602);
#5601 = CARTESIAN_POINT('',(58.278242677824,69.,56.4));
#5602 = VECTOR('',#5603,1.);
#5603 = DIRECTION('',(-1.,0.,0.));
#5604 = PCURVE('',#1633,#5605);
#5605 = DEFINITIONAL_REPRESENTATION('',(#5606),#5610);
#5606 = LINE('',#5607,#5608);
#5607 = CARTESIAN_POINT('',(30.140167364017,-22.77824267782));
#5608 = VECTOR('',#5609,1.);
#5609 = DIRECTION('',(-0.,-1.));
#5610 = ( GEOMETRIC_REPRESENTATION_CONTEXT(2) 
PARAMETRIC_REPRESENTATION_CONTEXT() REPRESENTATION_CONTEXT('2D SPACE',''
  ) );
#5611 = PCURVE('',#1605,#5612);
#5612 = DEFINITIONAL_REPRESENTATION('',(#5613),#5617);
#5613 = LINE('',#5614,#5615);
#5614 = CARTESIAN_POINT('',(22.778242677824,0.5));
#5615 = VECTOR('',#5616,1.);
#5616 = DIRECTION('',(-1.,0.));
#5617 = ( GEOMETRIC_REPRESENTATION_CONTEXT(2) 
PARAMETRIC_REPRESENTATION_CONTEXT() REPRESENTATION_CONTEXT('2D SPACE',''
  ) );
#5618 = ORIENTED_EDGE('',*,*,#2371,.T.);
#5619 = ORIENTED_EDGE('',*,*,#5620,.T.);
#5620 = EDGE_CURVE('',#2372,#5621,#5623,.T.);
#5621 = VERTEX_POINT('',#5622);
#5622 = CARTESIAN_POINT('',(65.5,48.,56.4));
#5623 = SURFACE_CURVE('',#5624,(#5628,#5635),.PCURVE_S1.);
#5624 = LINE('',#5625,#5626);
#5625 = CARTESIAN_POINT('',(35.5,48.,56.4));
#5626 = VECTOR('',#5627,1.);
#5627 = DIRECTION('',(1.,0.,0.));
#5628 = PCURVE('',#1633,#5629);
#5629 = DEFINITIONAL_REPRESENTATION('',(#5630),#5634);
#5630 = LINE('',#5631,#5632);
#5631 = CARTESIAN_POINT('',(51.140167364017,-45.55648535564));
#5632 = VECTOR('',#5633,1.);
#5633 = DIRECTION('',(0.,1.));
#5634 = ( GEOMETRIC_REPRESENTATION_CONTEXT(2) 
PARAMETRIC_REPRESENTATION_CONTEXT() REPRESENTATION_CONTEXT('2D SPACE',''
  ) );
#5635 = PCURVE('',#2015,#5636);
#5636 = DEFINITIONAL_REPRESENTATION('',(#5637),#5641);
#5637 = LINE('',#5638,#5639);
#5638 = CARTESIAN_POINT('',(0.,-1.5));
#5639 = VECTOR('',#5640,1.);
#5640 = DIRECTION('',(1.,0.));
#5641 = ( GEOMETRIC_REPRESENTATION_CONTEXT(2) 
PARAMETRIC_REPRESENTATION_CONTEXT() REPRESENTATION_CONTEXT('2D SPACE',''
  ) );
#5642 = ORIENTED_EDGE('',*,*,#5643,.T.);
#5643 = EDGE_CURVE('',#5621,#5644,#5646,.T.);
#5644 = VERTEX_POINT('',#5645);
#5645 = CARTESIAN_POINT('',(65.5,69.,56.4));
#5646 = SURFACE_CURVE('',#5647,(#5651,#5658),.PCURVE_S1.);
#5647 = LINE('',#5648,#5649);
#5648 = CARTESIAN_POINT('',(65.5,48.,56.4));
#5649 = VECTOR('',#5650,1.);
#5650 = DIRECTION('',(0.,1.,1.110223024625E-16));
#5651 = PCURVE('',#1633,#5652);
#5652 = DEFINITIONAL_REPRESENTATION('',(#5653),#5657);
#5653 = LINE('',#5654,#5655);
#5654 = CARTESIAN_POINT('',(51.140167364017,-15.55648535564));
#5655 = VECTOR('',#5656,1.);
#5656 = DIRECTION('',(-1.,0.));
#5657 = ( GEOMETRIC_REPRESENTATION_CONTEXT(2) 
PARAMETRIC_REPRESENTATION_CONTEXT() REPRESENTATION_CONTEXT('2D SPACE',''
  ) );
#5658 = PCURVE('',#2043,#5659);
#5659 = DEFINITIONAL_REPRESENTATION('',(#5660),#5664);
#5660 = LINE('',#5661,#5662);
#5661 = CARTESIAN_POINT('',(1.665334536938E-16,-1.5));
#5662 = VECTOR('',#5663,1.);
#5663 = DIRECTION('',(1.,0.));
#5664 = ( GEOMETRIC_REPRESENTATION_CONTEXT(2) 
PARAMETRIC_REPRESENTATION_CONTEXT() REPRESENTATION_CONTEXT('2D SPACE',''
  ) );
#5665 = ORIENTED_EDGE('',*,*,#5666,.T.);
#5666 = EDGE_CURVE('',#5644,#5667,#5669,.T.);
#5667 = VERTEX_POINT('',#5668);
#5668 = CARTESIAN_POINT('',(157.5,69.,56.4));
#5669 = SURFACE_CURVE('',#5670,(#5674,#5681),.PCURVE_S1.);
#5670 = LINE('',#5671,#5672);
#5671 = CARTESIAN_POINT('',(65.5,69.,56.4));
#5672 = VECTOR('',#5673,1.);
#5673 = DIRECTION('',(1.,0.,0.));
#5674 = PCURVE('',#1633,#5675);
#5675 = DEFINITIONAL_REPRESENTATION('',(#5676),#5680);
#5676 = LINE('',#5677,#5678);
#5677 = CARTESIAN_POINT('',(30.140167364017,-15.55648535564));
#5678 = VECTOR('',#5679,1.);
#5679 = DIRECTION('',(0.,1.));
#5680 = ( GEOMETRIC_REPRESENTATION_CONTEXT(2) 
PARAMETRIC_REPRESENTATION_CONTEXT() REPRESENTATION_CONTEXT('2D SPACE',''
  ) );
#5681 = PCURVE('',#2071,#5682);
#5682 = DEFINITIONAL_REPRESENTATION('',(#5683),#5687);
#5683 = LINE('',#5684,#5685);
#5684 = CARTESIAN_POINT('',(0.,-111.5));
#5685 = VECTOR('',#5686,1.);
#5686 = DIRECTION('',(1.,0.));
#5687 = ( GEOMETRIC_REPRESENTATION_CONTEXT(2) 
PARAMETRIC_REPRESENTATION_CONTEXT() REPRESENTATION_CONTEXT('2D SPACE',''
  ) );
#5688 = ORIENTED_EDGE('',*,*,#5689,.T.);
#5689 = EDGE_CURVE('',#5667,#3676,#5690,.T.);
#5690 = SURFACE_CURVE('',#5691,(#5695,#5702),.PCURVE_S1.);
#5691 = LINE('',#5692,#5693);
#5692 = CARTESIAN_POINT('',(157.5,69.,56.4));
#5693 = VECTOR('',#5694,1.);
#5694 = DIRECTION('',(0.,1.,1.110223024625E-16));
#5695 = PCURVE('',#1633,#5696);
#5696 = DEFINITIONAL_REPRESENTATION('',(#5697),#5701);
#5697 = LINE('',#5698,#5699);
#5698 = CARTESIAN_POINT('',(30.140167364017,76.443514644351));
#5699 = VECTOR('',#5700,1.);
#5700 = DIRECTION('',(-1.,0.));
#5701 = ( GEOMETRIC_REPRESENTATION_CONTEXT(2) 
PARAMETRIC_REPRESENTATION_CONTEXT() REPRESENTATION_CONTEXT('2D SPACE',''
  ) );
#5702 = PCURVE('',#3691,#5703);
#5703 = DEFINITIONAL_REPRESENTATION('',(#5704),#5708);
#5704 = LINE('',#5705,#5706);
#5705 = CARTESIAN_POINT('',(1.237898672457E-14,-111.5));
#5706 = VECTOR('',#5707,1.);
#5707 = DIRECTION('',(1.,0.));
#5708 = ( GEOMETRIC_REPRESENTATION_CONTEXT(2) 
PARAMETRIC_REPRESENTATION_CONTEXT() REPRESENTATION_CONTEXT('2D SPACE',''
  ) );
#5709 = ORIENTED_EDGE('',*,*,#3703,.T.);
#5710 = ORIENTED_EDGE('',*,*,#1950,.F.);
#5711 = ORIENTED_EDGE('',*,*,#5712,.F.);
#5712 = EDGE_CURVE('',#5713,#1923,#5715,.T.);
#5713 = VERTEX_POINT('',#5714);
#5714 = CARTESIAN_POINT('',(142.,131.,56.4));
#5715 = SURFACE_CURVE('',#5716,(#5720,#5727),.PCURVE_S1.);
#5716 = LINE('',#5717,#5718);
#5717 = CARTESIAN_POINT('',(55.028242677824,131.,56.4));
#5718 = VECTOR('',#5719,1.);
#5719 = DIRECTION('',(-1.,0.,0.));
#5720 = PCURVE('',#1633,#5721);
#5721 = DEFINITIONAL_REPRESENTATION('',(#5722),#5726);
#5722 = LINE('',#5723,#5724);
#5723 = CARTESIAN_POINT('',(-31.85983263598,-26.02824267782));
#5724 = VECTOR('',#5725,1.);
#5725 = DIRECTION('',(-0.,-1.));
#5726 = ( GEOMETRIC_REPRESENTATION_CONTEXT(2) 
PARAMETRIC_REPRESENTATION_CONTEXT() REPRESENTATION_CONTEXT('2D SPACE',''
  ) );
#5727 = PCURVE('',#1938,#5728);
#5728 = DEFINITIONAL_REPRESENTATION('',(#5729),#5733);
#5729 = LINE('',#5730,#5731);
#5730 = CARTESIAN_POINT('',(26.028242677824,2.5));
#5731 = VECTOR('',#5732,1.);
#5732 = DIRECTION('',(-1.,0.));
#5733 = ( GEOMETRIC_REPRESENTATION_CONTEXT(2) 
PARAMETRIC_REPRESENTATION_CONTEXT() REPRESENTATION_CONTEXT('2D SPACE',''
  ) );
#5734 = ORIENTED_EDGE('',*,*,#5735,.F.);
#5735 = EDGE_CURVE('',#5736,#5713,#5738,.T.);
#5736 = VERTEX_POINT('',#5737);
#5737 = CARTESIAN_POINT('',(142.,87.,56.4));
#5738 = SURFACE_CURVE('',#5739,(#5743,#5750),.PCURVE_S1.);
#5739 = LINE('',#5740,#5741);
#5740 = CARTESIAN_POINT('',(142.,93.070083682008,56.4));
#5741 = VECTOR('',#5742,1.);
#5742 = DIRECTION('',(0.,1.,1.110223024625E-16));
#5743 = PCURVE('',#1633,#5744);
#5744 = DEFINITIONAL_REPRESENTATION('',(#5745),#5749);
#5745 = LINE('',#5746,#5747);
#5746 = CARTESIAN_POINT('',(6.070083682008,60.943514644351));
#5747 = VECTOR('',#5748,1.);
#5748 = DIRECTION('',(-1.,0.));
#5749 = ( GEOMETRIC_REPRESENTATION_CONTEXT(2) 
PARAMETRIC_REPRESENTATION_CONTEXT() REPRESENTATION_CONTEXT('2D SPACE',''
  ) );
#5750 = PCURVE('',#2335,#5751);
#5751 = DEFINITIONAL_REPRESENTATION('',(#5752),#5756);
#5752 = LINE('',#5753,#5754);
#5753 = CARTESIAN_POINT('',(6.070083682008,-2.5));
#5754 = VECTOR('',#5755,1.);
#5755 = DIRECTION('',(1.,0.));
#5756 = ( GEOMETRIC_REPRESENTATION_CONTEXT(2) 
PARAMETRIC_REPRESENTATION_CONTEXT() REPRESENTATION_CONTEXT('2D SPACE',''
  ) );
#5757 = ORIENTED_EDGE('',*,*,#5758,.T.);
#5758 = EDGE_CURVE('',#5736,#1618,#5759,.T.);
#5759 = SURFACE_CURVE('',#5760,(#5764,#5771),.PCURVE_S1.);
#5760 = LINE('',#5761,#5762);
#5761 = CARTESIAN_POINT('',(55.028242677824,87.,56.4));
#5762 = VECTOR('',#5763,1.);
#5763 = DIRECTION('',(-1.,0.,0.));
#5764 = PCURVE('',#1633,#5765);
#5765 = DEFINITIONAL_REPRESENTATION('',(#5766),#5770);
#5766 = LINE('',#5767,#5768);
#5767 = CARTESIAN_POINT('',(12.140167364017,-26.02824267782));
#5768 = VECTOR('',#5769,1.);
#5769 = DIRECTION('',(-0.,-1.));
#5770 = ( GEOMETRIC_REPRESENTATION_CONTEXT(2) 
PARAMETRIC_REPRESENTATION_CONTEXT() REPRESENTATION_CONTEXT('2D SPACE',''
  ) );
#5771 = PCURVE('',#1661,#5772);
#5772 = DEFINITIONAL_REPRESENTATION('',(#5773),#5777);
#5773 = LINE('',#5774,#5775);
#5774 = CARTESIAN_POINT('',(26.028242677824,2.5));
#5775 = VECTOR('',#5776,1.);
#5776 = DIRECTION('',(-1.,0.));
#5777 = ( GEOMETRIC_REPRESENTATION_CONTEXT(2) 
PARAMETRIC_REPRESENTATION_CONTEXT() REPRESENTATION_CONTEXT('2D SPACE',''
  ) );
#5778 = ORIENTED_EDGE('',*,*,#1617,.F.);
#5779 = ADVANCED_FACE('',(#5780),#1938,.F.);
#5780 = FACE_BOUND('',#5781,.F.);
#5781 = EDGE_LOOP('',(#5782,#5783,#5784,#5805));
#5782 = ORIENTED_EDGE('',*,*,#1922,.F.);
#5783 = ORIENTED_EDGE('',*,*,#5712,.F.);
#5784 = ORIENTED_EDGE('',*,*,#5785,.T.);
#5785 = EDGE_CURVE('',#5713,#2297,#5786,.T.);
#5786 = SURFACE_CURVE('',#5787,(#5791,#5798),.PCURVE_S1.);
#5787 = LINE('',#5788,#5789);
#5788 = CARTESIAN_POINT('',(142.,131.,58.9));
#5789 = VECTOR('',#5790,1.);
#5790 = DIRECTION('',(0.,1.110223024625E-16,-1.));
#5791 = PCURVE('',#1938,#5792);
#5792 = DEFINITIONAL_REPRESENTATION('',(#5793),#5797);
#5793 = LINE('',#5794,#5795);
#5794 = CARTESIAN_POINT('',(113.,0.));
#5795 = VECTOR('',#5796,1.);
#5796 = DIRECTION('',(0.,1.));
#5797 = ( GEOMETRIC_REPRESENTATION_CONTEXT(2) 
PARAMETRIC_REPRESENTATION_CONTEXT() REPRESENTATION_CONTEXT('2D SPACE',''
  ) );
#5798 = PCURVE('',#2335,#5799);
#5799 = DEFINITIONAL_REPRESENTATION('',(#5800),#5804);
#5800 = LINE('',#5801,#5802);
#5801 = CARTESIAN_POINT('',(44.,-4.884981308351E-15));
#5802 = VECTOR('',#5803,1.);
#5803 = DIRECTION('',(0.,-1.));
#5804 = ( GEOMETRIC_REPRESENTATION_CONTEXT(2) 
PARAMETRIC_REPRESENTATION_CONTEXT() REPRESENTATION_CONTEXT('2D SPACE',''
  ) );
#5805 = ORIENTED_EDGE('',*,*,#2296,.T.);
#5806 = ADVANCED_FACE('',(#5807),#1864,.T.);
#5807 = FACE_BOUND('',#5808,.T.);
#5808 = EDGE_LOOP('',(#5809,#5830,#5831,#5832));
#5809 = ORIENTED_EDGE('',*,*,#5810,.F.);
#5810 = EDGE_CURVE('',#5506,#1821,#5811,.T.);
#5811 = SURFACE_CURVE('',#5812,(#5816,#5823),.PCURVE_S1.);
#5812 = LINE('',#5813,#5814);
#5813 = CARTESIAN_POINT('',(35.,121.,52.9));
#5814 = VECTOR('',#5815,1.);
#5815 = DIRECTION('',(1.,0.,0.));
#5816 = PCURVE('',#1864,#5817);
#5817 = DEFINITIONAL_REPRESENTATION('',(#5818),#5822);
#5818 = LINE('',#5819,#5820);
#5819 = CARTESIAN_POINT('',(52.,-0.5));
#5820 = VECTOR('',#5821,1.);
#5821 = DIRECTION('',(0.,1.));
#5822 = ( GEOMETRIC_REPRESENTATION_CONTEXT(2) 
PARAMETRIC_REPRESENTATION_CONTEXT() REPRESENTATION_CONTEXT('2D SPACE',''
  ) );
#5823 = PCURVE('',#1836,#5824);
#5824 = DEFINITIONAL_REPRESENTATION('',(#5825),#5829);
#5825 = LINE('',#5826,#5827);
#5826 = CARTESIAN_POINT('',(0.5,0.5));
#5827 = VECTOR('',#5828,1.);
#5828 = DIRECTION('',(1.,0.));
#5829 = ( GEOMETRIC_REPRESENTATION_CONTEXT(2) 
PARAMETRIC_REPRESENTATION_CONTEXT() REPRESENTATION_CONTEXT('2D SPACE',''
  ) );
#5830 = ORIENTED_EDGE('',*,*,#5528,.T.);
#5831 = ORIENTED_EDGE('',*,*,#3523,.T.);
#5832 = ORIENTED_EDGE('',*,*,#1848,.F.);
#5833 = ADVANCED_FACE('',(#5834),#1836,.T.);
#5834 = FACE_BOUND('',#5835,.T.);
#5835 = EDGE_LOOP('',(#5836,#5861,#5884,#5905,#5906,#5907,#5908,#5931,
    #5954,#5977));
#5836 = ORIENTED_EDGE('',*,*,#5837,.T.);
#5837 = EDGE_CURVE('',#5838,#5840,#5842,.T.);
#5838 = VERTEX_POINT('',#5839);
#5839 = CARTESIAN_POINT('',(45.200943480203,121.,1.629252288637E-14));
#5840 = VERTEX_POINT('',#5841);
#5841 = CARTESIAN_POINT('',(34.5,121.,1.620925615953E-14));
#5842 = SURFACE_CURVE('',#5843,(#5847,#5854),.PCURVE_S1.);
#5843 = LINE('',#5844,#5845);
#5844 = CARTESIAN_POINT('',(-36.5,121.,1.620925615953E-14));
#5845 = VECTOR('',#5846,1.);
#5846 = DIRECTION('',(-1.,0.,0.));
#5847 = PCURVE('',#1836,#5848);
#5848 = DEFINITIONAL_REPRESENTATION('',(#5849),#5853);
#5849 = LINE('',#5850,#5851);
#5850 = CARTESIAN_POINT('',(-71.,53.4));
#5851 = VECTOR('',#5852,1.);
#5852 = DIRECTION('',(-1.,0.));
#5853 = ( GEOMETRIC_REPRESENTATION_CONTEXT(2) 
PARAMETRIC_REPRESENTATION_CONTEXT() REPRESENTATION_CONTEXT('2D SPACE',''
  ) );
#5854 = PCURVE('',#5189,#5855);
#5855 = DEFINITIONAL_REPRESENTATION('',(#5856),#5860);
#5856 = LINE('',#5857,#5858);
#5857 = CARTESIAN_POINT('',(236.,71.));
#5858 = VECTOR('',#5859,1.);
#5859 = DIRECTION('',(0.,-1.));
#5860 = ( GEOMETRIC_REPRESENTATION_CONTEXT(2) 
PARAMETRIC_REPRESENTATION_CONTEXT() REPRESENTATION_CONTEXT('2D SPACE',''
  ) );
#5861 = ORIENTED_EDGE('',*,*,#5862,.F.);
#5862 = EDGE_CURVE('',#5863,#5840,#5865,.T.);
#5863 = VERTEX_POINT('',#5864);
#5864 = CARTESIAN_POINT('',(34.5,121.,53.4));
#5865 = SURFACE_CURVE('',#5866,(#5870,#5877),.PCURVE_S1.);
#5866 = LINE('',#5867,#5868);
#5867 = CARTESIAN_POINT('',(34.5,121.,53.4));
#5868 = VECTOR('',#5869,1.);
#5869 = DIRECTION('',(0.,1.110223024625E-16,-1.));
#5870 = PCURVE('',#1836,#5871);
#5871 = DEFINITIONAL_REPRESENTATION('',(#5872),#5876);
#5872 = LINE('',#5873,#5874);
#5873 = CARTESIAN_POINT('',(0.,0.));
#5874 = VECTOR('',#5875,1.);
#5875 = DIRECTION('',(0.,1.));
#5876 = ( GEOMETRIC_REPRESENTATION_CONTEXT(2) 
PARAMETRIC_REPRESENTATION_CONTEXT() REPRESENTATION_CONTEXT('2D SPACE',''
  ) );
#5877 = PCURVE('',#5217,#5878);
#5878 = DEFINITIONAL_REPRESENTATION('',(#5879),#5883);
#5879 = LINE('',#5880,#5881);
#5880 = CARTESIAN_POINT('',(3.,-3.330669073875E-16));
#5881 = VECTOR('',#5882,1.);
#5882 = DIRECTION('',(0.,-1.));
#5883 = ( GEOMETRIC_REPRESENTATION_CONTEXT(2) 
PARAMETRIC_REPRESENTATION_CONTEXT() REPRESENTATION_CONTEXT('2D SPACE',''
  ) );
#5884 = ORIENTED_EDGE('',*,*,#5885,.T.);
#5885 = EDGE_CURVE('',#5863,#5483,#5886,.T.);
#5886 = SURFACE_CURVE('',#5887,(#5891,#5898),.PCURVE_S1.);
#5887 = LINE('',#5888,#5889);
#5888 = CARTESIAN_POINT('',(34.5,121.,53.4));
#5889 = VECTOR('',#5890,1.);
#5890 = DIRECTION('',(1.,0.,0.));
#5891 = PCURVE('',#1836,#5892);
#5892 = DEFINITIONAL_REPRESENTATION('',(#5893),#5897);
#5893 = LINE('',#5894,#5895);
#5894 = CARTESIAN_POINT('',(0.,0.));
#5895 = VECTOR('',#5896,1.);
#5896 = DIRECTION('',(1.,0.));
#5897 = ( GEOMETRIC_REPRESENTATION_CONTEXT(2) 
PARAMETRIC_REPRESENTATION_CONTEXT() REPRESENTATION_CONTEXT('2D SPACE',''
  ) );
#5898 = PCURVE('',#5245,#5899);
#5899 = DEFINITIONAL_REPRESENTATION('',(#5900),#5904);
#5900 = LINE('',#5901,#5902);
#5901 = CARTESIAN_POINT('',(3.,0.));
#5902 = VECTOR('',#5903,1.);
#5903 = DIRECTION('',(0.,1.));
#5904 = ( GEOMETRIC_REPRESENTATION_CONTEXT(2) 
PARAMETRIC_REPRESENTATION_CONTEXT() REPRESENTATION_CONTEXT('2D SPACE',''
  ) );
#5905 = ORIENTED_EDGE('',*,*,#5505,.F.);
#5906 = ORIENTED_EDGE('',*,*,#5810,.T.);
#5907 = ORIENTED_EDGE('',*,*,#1820,.T.);
#5908 = ORIENTED_EDGE('',*,*,#5909,.T.);
#5909 = EDGE_CURVE('',#1793,#5910,#5912,.T.);
#5910 = VERTEX_POINT('',#5911);
#5911 = CARTESIAN_POINT('',(66.5,121.,53.4));
#5912 = SURFACE_CURVE('',#5913,(#5917,#5924),.PCURVE_S1.);
#5913 = LINE('',#5914,#5915);
#5914 = CARTESIAN_POINT('',(34.5,121.,53.4));
#5915 = VECTOR('',#5916,1.);
#5916 = DIRECTION('',(1.,0.,0.));
#5917 = PCURVE('',#1836,#5918);
#5918 = DEFINITIONAL_REPRESENTATION('',(#5919),#5923);
#5919 = LINE('',#5920,#5921);
#5920 = CARTESIAN_POINT('',(0.,0.));
#5921 = VECTOR('',#5922,1.);
#5922 = DIRECTION('',(1.,0.));
#5923 = ( GEOMETRIC_REPRESENTATION_CONTEXT(2) 
PARAMETRIC_REPRESENTATION_CONTEXT() REPRESENTATION_CONTEXT('2D SPACE',''
  ) );
#5924 = PCURVE('',#1808,#5925);
#5925 = DEFINITIONAL_REPRESENTATION('',(#5926),#5930);
#5926 = LINE('',#5927,#5928);
#5927 = CARTESIAN_POINT('',(3.,0.));
#5928 = VECTOR('',#5929,1.);
#5929 = DIRECTION('',(0.,1.));
#5930 = ( GEOMETRIC_REPRESENTATION_CONTEXT(2) 
PARAMETRIC_REPRESENTATION_CONTEXT() REPRESENTATION_CONTEXT('2D SPACE',''
  ) );
#5931 = ORIENTED_EDGE('',*,*,#5932,.T.);
#5932 = EDGE_CURVE('',#5910,#5933,#5935,.T.);
#5933 = VERTEX_POINT('',#5934);
#5934 = CARTESIAN_POINT('',(66.5,121.,1.620925615953E-14));
#5935 = SURFACE_CURVE('',#5936,(#5940,#5947),.PCURVE_S1.);
#5936 = LINE('',#5937,#5938);
#5937 = CARTESIAN_POINT('',(66.5,121.,53.4));
#5938 = VECTOR('',#5939,1.);
#5939 = DIRECTION('',(0.,1.110223024625E-16,-1.));
#5940 = PCURVE('',#1836,#5941);
#5941 = DEFINITIONAL_REPRESENTATION('',(#5942),#5946);
#5942 = LINE('',#5943,#5944);
#5943 = CARTESIAN_POINT('',(32.,0.));
#5944 = VECTOR('',#5945,1.);
#5945 = DIRECTION('',(0.,1.));
#5946 = ( GEOMETRIC_REPRESENTATION_CONTEXT(2) 
PARAMETRIC_REPRESENTATION_CONTEXT() REPRESENTATION_CONTEXT('2D SPACE',''
  ) );
#5947 = PCURVE('',#5319,#5948);
#5948 = DEFINITIONAL_REPRESENTATION('',(#5949),#5953);
#5949 = LINE('',#5950,#5951);
#5950 = CARTESIAN_POINT('',(3.,-3.330669073875E-16));
#5951 = VECTOR('',#5952,1.);
#5952 = DIRECTION('',(0.,-1.));
#5953 = ( GEOMETRIC_REPRESENTATION_CONTEXT(2) 
PARAMETRIC_REPRESENTATION_CONTEXT() REPRESENTATION_CONTEXT('2D SPACE',''
  ) );
#5954 = ORIENTED_EDGE('',*,*,#5955,.T.);
#5955 = EDGE_CURVE('',#5933,#5956,#5958,.T.);
#5956 = VERTEX_POINT('',#5957);
#5957 = CARTESIAN_POINT('',(55.799056519797,121.,1.824929096728E-14));
#5958 = SURFACE_CURVE('',#5959,(#5963,#5970),.PCURVE_S1.);
#5959 = LINE('',#5960,#5961);
#5960 = CARTESIAN_POINT('',(-36.5,121.,1.620925615953E-14));
#5961 = VECTOR('',#5962,1.);
#5962 = DIRECTION('',(-1.,0.,0.));
#5963 = PCURVE('',#1836,#5964);
#5964 = DEFINITIONAL_REPRESENTATION('',(#5965),#5969);
#5965 = LINE('',#5966,#5967);
#5966 = CARTESIAN_POINT('',(-71.,53.4));
#5967 = VECTOR('',#5968,1.);
#5968 = DIRECTION('',(-1.,0.));
#5969 = ( GEOMETRIC_REPRESENTATION_CONTEXT(2) 
PARAMETRIC_REPRESENTATION_CONTEXT() REPRESENTATION_CONTEXT('2D SPACE',''
  ) );
#5970 = PCURVE('',#5347,#5971);
#5971 = DEFINITIONAL_REPRESENTATION('',(#5972),#5976);
#5972 = LINE('',#5973,#5974);
#5973 = CARTESIAN_POINT('',(236.,71.));
#5974 = VECTOR('',#5975,1.);
#5975 = DIRECTION('',(0.,-1.));
#5976 = ( GEOMETRIC_REPRESENTATION_CONTEXT(2) 
PARAMETRIC_REPRESENTATION_CONTEXT() REPRESENTATION_CONTEXT('2D SPACE',''
  ) );
#5977 = ORIENTED_EDGE('',*,*,#5978,.F.);
#5978 = EDGE_CURVE('',#5838,#5956,#5979,.T.);
#5979 = SURFACE_CURVE('',#5980,(#5985,#5992),.PCURVE_S1.);
#5980 = CIRCLE('',#5981,5.3);
#5981 = AXIS2_PLACEMENT_3D('',#5982,#5983,#5984);
#5982 = CARTESIAN_POINT('',(50.5,121.,-9.999999999998E-02));
#5983 = DIRECTION('',(-0.,1.,1.110223024625E-16));
#5984 = DIRECTION('',(1.,0.,0.));
#5985 = PCURVE('',#1836,#5986);
#5986 = DEFINITIONAL_REPRESENTATION('',(#5987),#5991);
#5987 = CIRCLE('',#5988,5.3);
#5988 = AXIS2_PLACEMENT_2D('',#5989,#5990);
#5989 = CARTESIAN_POINT('',(16.,53.5));
#5990 = DIRECTION('',(1.,0.));
#5991 = ( GEOMETRIC_REPRESENTATION_CONTEXT(2) 
PARAMETRIC_REPRESENTATION_CONTEXT() REPRESENTATION_CONTEXT('2D SPACE',''
  ) );
#5992 = PCURVE('',#5374,#5993);
#5993 = DEFINITIONAL_REPRESENTATION('',(#5994),#5998);
#5994 = LINE('',#5995,#5996);
#5995 = CARTESIAN_POINT('',(0.,5.));
#5996 = VECTOR('',#5997,1.);
#5997 = DIRECTION('',(1.,0.));
#5998 = ( GEOMETRIC_REPRESENTATION_CONTEXT(2) 
PARAMETRIC_REPRESENTATION_CONTEXT() REPRESENTATION_CONTEXT('2D SPACE',''
  ) );
#5999 = ADVANCED_FACE('',(#6000),#1808,.F.);
#6000 = FACE_BOUND('',#6001,.F.);
#6001 = EDGE_LOOP('',(#6002,#6003,#6004,#6005));
#6002 = ORIENTED_EDGE('',*,*,#5280,.F.);
#6003 = ORIENTED_EDGE('',*,*,#1792,.T.);
#6004 = ORIENTED_EDGE('',*,*,#5909,.T.);
#6005 = ORIENTED_EDGE('',*,*,#6006,.F.);
#6006 = EDGE_CURVE('',#5281,#5910,#6007,.T.);
#6007 = SURFACE_CURVE('',#6008,(#6012,#6019),.PCURVE_S1.);
#6008 = LINE('',#6009,#6010);
#6009 = CARTESIAN_POINT('',(66.5,118.,53.4));
#6010 = VECTOR('',#6011,1.);
#6011 = DIRECTION('',(0.,1.,1.110223024625E-16));
#6012 = PCURVE('',#1808,#6013);
#6013 = DEFINITIONAL_REPRESENTATION('',(#6014),#6018);
#6014 = LINE('',#6015,#6016);
#6015 = CARTESIAN_POINT('',(0.,32.));
#6016 = VECTOR('',#6017,1.);
#6017 = DIRECTION('',(1.,0.));
#6018 = ( GEOMETRIC_REPRESENTATION_CONTEXT(2) 
PARAMETRIC_REPRESENTATION_CONTEXT() REPRESENTATION_CONTEXT('2D SPACE',''
  ) );
#6019 = PCURVE('',#5319,#6020);
#6020 = DEFINITIONAL_REPRESENTATION('',(#6021),#6025);
#6021 = LINE('',#6022,#6023);
#6022 = CARTESIAN_POINT('',(0.,0.));
#6023 = VECTOR('',#6024,1.);
#6024 = DIRECTION('',(1.,0.));
#6025 = ( GEOMETRIC_REPRESENTATION_CONTEXT(2) 
PARAMETRIC_REPRESENTATION_CONTEXT() REPRESENTATION_CONTEXT('2D SPACE',''
  ) );
#6026 = ADVANCED_FACE('',(#6027),#1735,.F.);
#6027 = FACE_BOUND('',#6028,.F.);
#6028 = EDGE_LOOP('',(#6029,#6030,#6031,#6032));
#6029 = ORIENTED_EDGE('',*,*,#4808,.F.);
#6030 = ORIENTED_EDGE('',*,*,#1719,.T.);
#6031 = ORIENTED_EDGE('',*,*,#5028,.T.);
#6032 = ORIENTED_EDGE('',*,*,#6033,.F.);
#6033 = EDGE_CURVE('',#4809,#5029,#6034,.T.);
#6034 = SURFACE_CURVE('',#6035,(#6039,#6046),.PCURVE_S1.);
#6035 = LINE('',#6036,#6037);
#6036 = CARTESIAN_POINT('',(62.5,107.,53.4));
#6037 = VECTOR('',#6038,1.);
#6038 = DIRECTION('',(0.,1.,1.110223024625E-16));
#6039 = PCURVE('',#1735,#6040);
#6040 = DEFINITIONAL_REPRESENTATION('',(#6041),#6045);
#6041 = LINE('',#6042,#6043);
#6042 = CARTESIAN_POINT('',(0.,24.));
#6043 = VECTOR('',#6044,1.);
#6044 = DIRECTION('',(1.,0.));
#6045 = ( GEOMETRIC_REPRESENTATION_CONTEXT(2) 
PARAMETRIC_REPRESENTATION_CONTEXT() REPRESENTATION_CONTEXT('2D SPACE',''
  ) );
#6046 = PCURVE('',#4847,#6047);
#6047 = DEFINITIONAL_REPRESENTATION('',(#6048),#6052);
#6048 = LINE('',#6049,#6050);
#6049 = CARTESIAN_POINT('',(0.,0.));
#6050 = VECTOR('',#6051,1.);
#6051 = DIRECTION('',(1.,0.));
#6052 = ( GEOMETRIC_REPRESENTATION_CONTEXT(2) 
PARAMETRIC_REPRESENTATION_CONTEXT() REPRESENTATION_CONTEXT('2D SPACE',''
  ) );
#6053 = ADVANCED_FACE('',(#6054),#1661,.T.);
#6054 = FACE_BOUND('',#6055,.T.);
#6055 = EDGE_LOOP('',(#6056,#6057,#6058,#6079));
#6056 = ORIENTED_EDGE('',*,*,#1645,.F.);
#6057 = ORIENTED_EDGE('',*,*,#5758,.F.);
#6058 = ORIENTED_EDGE('',*,*,#6059,.T.);
#6059 = EDGE_CURVE('',#5736,#2320,#6060,.T.);
#6060 = SURFACE_CURVE('',#6061,(#6065,#6072),.PCURVE_S1.);
#6061 = LINE('',#6062,#6063);
#6062 = CARTESIAN_POINT('',(142.,87.,58.9));
#6063 = VECTOR('',#6064,1.);
#6064 = DIRECTION('',(0.,1.110223024625E-16,-1.));
#6065 = PCURVE('',#1661,#6066);
#6066 = DEFINITIONAL_REPRESENTATION('',(#6067),#6071);
#6067 = LINE('',#6068,#6069);
#6068 = CARTESIAN_POINT('',(113.,0.));
#6069 = VECTOR('',#6070,1.);
#6070 = DIRECTION('',(0.,1.));
#6071 = ( GEOMETRIC_REPRESENTATION_CONTEXT(2) 
PARAMETRIC_REPRESENTATION_CONTEXT() REPRESENTATION_CONTEXT('2D SPACE',''
  ) );
#6072 = PCURVE('',#2335,#6073);
#6073 = DEFINITIONAL_REPRESENTATION('',(#6074),#6078);
#6074 = LINE('',#6075,#6076);
#6075 = CARTESIAN_POINT('',(0.,0.));
#6076 = VECTOR('',#6077,1.);
#6077 = DIRECTION('',(0.,-1.));
#6078 = ( GEOMETRIC_REPRESENTATION_CONTEXT(2) 
PARAMETRIC_REPRESENTATION_CONTEXT() REPRESENTATION_CONTEXT('2D SPACE',''
  ) );
#6079 = ORIENTED_EDGE('',*,*,#2347,.T.);
#6080 = ADVANCED_FACE('',(#6081),#1605,.F.);
#6081 = FACE_BOUND('',#6082,.F.);
#6082 = EDGE_LOOP('',(#6083,#6084,#6105,#6106));
#6083 = ORIENTED_EDGE('',*,*,#5413,.F.);
#6084 = ORIENTED_EDGE('',*,*,#6085,.T.);
#6085 = EDGE_CURVE('',#5391,#1562,#6086,.T.);
#6086 = SURFACE_CURVE('',#6087,(#6091,#6098),.PCURVE_S1.);
#6087 = LINE('',#6088,#6089);
#6088 = CARTESIAN_POINT('',(35.5,69.,56.9));
#6089 = VECTOR('',#6090,1.);
#6090 = DIRECTION('',(1.,0.,0.));
#6091 = PCURVE('',#1605,#6092);
#6092 = DEFINITIONAL_REPRESENTATION('',(#6093),#6097);
#6093 = LINE('',#6094,#6095);
#6094 = CARTESIAN_POINT('',(0.,0.));
#6095 = VECTOR('',#6096,1.);
#6096 = DIRECTION('',(1.,0.));
#6097 = ( GEOMETRIC_REPRESENTATION_CONTEXT(2) 
PARAMETRIC_REPRESENTATION_CONTEXT() REPRESENTATION_CONTEXT('2D SPACE',''
  ) );
#6098 = PCURVE('',#1577,#6099);
#6099 = DEFINITIONAL_REPRESENTATION('',(#6100),#6104);
#6100 = LINE('',#6101,#6102);
#6101 = CARTESIAN_POINT('',(0.,0.));
#6102 = VECTOR('',#6103,1.);
#6103 = DIRECTION('',(0.,1.));
#6104 = ( GEOMETRIC_REPRESENTATION_CONTEXT(2) 
PARAMETRIC_REPRESENTATION_CONTEXT() REPRESENTATION_CONTEXT('2D SPACE',''
  ) );
#6105 = ORIENTED_EDGE('',*,*,#1589,.T.);
#6106 = ORIENTED_EDGE('',*,*,#5598,.T.);
#6107 = ADVANCED_FACE('',(#6108),#1577,.F.);
#6108 = FACE_BOUND('',#6109,.F.);
#6109 = EDGE_LOOP('',(#6110,#6111,#6112,#6113));
#6110 = ORIENTED_EDGE('',*,*,#6085,.F.);
#6111 = ORIENTED_EDGE('',*,*,#5390,.T.);
#6112 = ORIENTED_EDGE('',*,*,#3725,.T.);
#6113 = ORIENTED_EDGE('',*,*,#1561,.F.);
#6114 = ADVANCED_FACE('',(#6115),#2015,.F.);
#6115 = FACE_BOUND('',#6116,.F.);
#6116 = EDGE_LOOP('',(#6117,#6118,#6139,#6140));
#6117 = ORIENTED_EDGE('',*,*,#5620,.T.);
#6118 = ORIENTED_EDGE('',*,*,#6119,.F.);
#6119 = EDGE_CURVE('',#2000,#5621,#6120,.T.);
#6120 = SURFACE_CURVE('',#6121,(#6125,#6132),.PCURVE_S1.);
#6121 = LINE('',#6122,#6123);
#6122 = CARTESIAN_POINT('',(65.5,48.,53.4));
#6123 = VECTOR('',#6124,1.);
#6124 = DIRECTION('',(0.,-1.110223024625E-16,1.));
#6125 = PCURVE('',#2015,#6126);
#6126 = DEFINITIONAL_REPRESENTATION('',(#6127),#6131);
#6127 = LINE('',#6128,#6129);
#6128 = CARTESIAN_POINT('',(30.,1.5));
#6129 = VECTOR('',#6130,1.);
#6130 = DIRECTION('',(0.,-1.));
#6131 = ( GEOMETRIC_REPRESENTATION_CONTEXT(2) 
PARAMETRIC_REPRESENTATION_CONTEXT() REPRESENTATION_CONTEXT('2D SPACE',''
  ) );
#6132 = PCURVE('',#2043,#6133);
#6133 = DEFINITIONAL_REPRESENTATION('',(#6134),#6138);
#6134 = LINE('',#6135,#6136);
#6135 = CARTESIAN_POINT('',(-1.665334536938E-16,1.5));
#6136 = VECTOR('',#6137,1.);
#6137 = DIRECTION('',(0.,-1.));
#6138 = ( GEOMETRIC_REPRESENTATION_CONTEXT(2) 
PARAMETRIC_REPRESENTATION_CONTEXT() REPRESENTATION_CONTEXT('2D SPACE',''
  ) );
#6139 = ORIENTED_EDGE('',*,*,#1999,.F.);
#6140 = ORIENTED_EDGE('',*,*,#2394,.T.);
#6141 = ADVANCED_FACE('',(#6142),#2043,.F.);
#6142 = FACE_BOUND('',#6143,.F.);
#6143 = EDGE_LOOP('',(#6144,#6145,#6166,#6167));
#6144 = ORIENTED_EDGE('',*,*,#5643,.T.);
#6145 = ORIENTED_EDGE('',*,*,#6146,.F.);
#6146 = EDGE_CURVE('',#2028,#5644,#6147,.T.);
#6147 = SURFACE_CURVE('',#6148,(#6152,#6159),.PCURVE_S1.);
#6148 = LINE('',#6149,#6150);
#6149 = CARTESIAN_POINT('',(65.5,69.,53.4));
#6150 = VECTOR('',#6151,1.);
#6151 = DIRECTION('',(0.,-1.110223024625E-16,1.));
#6152 = PCURVE('',#2043,#6153);
#6153 = DEFINITIONAL_REPRESENTATION('',(#6154),#6158);
#6154 = LINE('',#6155,#6156);
#6155 = CARTESIAN_POINT('',(21.,1.5));
#6156 = VECTOR('',#6157,1.);
#6157 = DIRECTION('',(0.,-1.));
#6158 = ( GEOMETRIC_REPRESENTATION_CONTEXT(2) 
PARAMETRIC_REPRESENTATION_CONTEXT() REPRESENTATION_CONTEXT('2D SPACE',''
  ) );
#6159 = PCURVE('',#2071,#6160);
#6160 = DEFINITIONAL_REPRESENTATION('',(#6161),#6165);
#6161 = LINE('',#6162,#6163);
#6162 = CARTESIAN_POINT('',(0.,-108.5));
#6163 = VECTOR('',#6164,1.);
#6164 = DIRECTION('',(0.,-1.));
#6165 = ( GEOMETRIC_REPRESENTATION_CONTEXT(2) 
PARAMETRIC_REPRESENTATION_CONTEXT() REPRESENTATION_CONTEXT('2D SPACE',''
  ) );
#6166 = ORIENTED_EDGE('',*,*,#2027,.F.);
#6167 = ORIENTED_EDGE('',*,*,#6119,.T.);
#6168 = ADVANCED_FACE('',(#6169),#2071,.F.);
#6169 = FACE_BOUND('',#6170,.F.);
#6170 = EDGE_LOOP('',(#6171,#6196,#6217,#6218,#6219,#6220));
#6171 = ORIENTED_EDGE('',*,*,#6172,.T.);
#6172 = EDGE_CURVE('',#6173,#6175,#6177,.T.);
#6173 = VERTEX_POINT('',#6174);
#6174 = CARTESIAN_POINT('',(157.5,69.,1.043609643148E-14));
#6175 = VERTEX_POINT('',#6176);
#6176 = CARTESIAN_POINT('',(66.5,69.,1.043609643148E-14));
#6177 = SURFACE_CURVE('',#6178,(#6182,#6189),.PCURVE_S1.);
#6178 = LINE('',#6179,#6180);
#6179 = CARTESIAN_POINT('',(-21.,69.,1.043609643148E-14));
#6180 = VECTOR('',#6181,1.);
#6181 = DIRECTION('',(-1.,0.,-0.));
#6182 = PCURVE('',#2071,#6183);
#6183 = DEFINITIONAL_REPRESENTATION('',(#6184),#6188);
#6184 = LINE('',#6185,#6186);
#6185 = CARTESIAN_POINT('',(-86.5,-55.1));
#6186 = VECTOR('',#6187,1.);
#6187 = DIRECTION('',(-1.,0.));
#6188 = ( GEOMETRIC_REPRESENTATION_CONTEXT(2) 
PARAMETRIC_REPRESENTATION_CONTEXT() REPRESENTATION_CONTEXT('2D SPACE',''
  ) );
#6189 = PCURVE('',#3663,#6190);
#6190 = DEFINITIONAL_REPRESENTATION('',(#6191),#6195);
#6191 = LINE('',#6192,#6193);
#6192 = CARTESIAN_POINT('',(184.,86.5));
#6193 = VECTOR('',#6194,1.);
#6194 = DIRECTION('',(0.,-1.));
#6195 = ( GEOMETRIC_REPRESENTATION_CONTEXT(2) 
PARAMETRIC_REPRESENTATION_CONTEXT() REPRESENTATION_CONTEXT('2D SPACE',''
  ) );
#6196 = ORIENTED_EDGE('',*,*,#6197,.F.);
#6197 = EDGE_CURVE('',#2056,#6175,#6198,.T.);
#6198 = SURFACE_CURVE('',#6199,(#6203,#6210),.PCURVE_S1.);
#6199 = LINE('',#6200,#6201);
#6200 = CARTESIAN_POINT('',(66.5,69.,53.4));
#6201 = VECTOR('',#6202,1.);
#6202 = DIRECTION('',(0.,1.110223024625E-16,-1.));
#6203 = PCURVE('',#2071,#6204);
#6204 = DEFINITIONAL_REPRESENTATION('',(#6205),#6209);
#6205 = LINE('',#6206,#6207);
#6206 = CARTESIAN_POINT('',(1.,-108.5));
#6207 = VECTOR('',#6208,1.);
#6208 = DIRECTION('',(0.,1.));
#6209 = ( GEOMETRIC_REPRESENTATION_CONTEXT(2) 
PARAMETRIC_REPRESENTATION_CONTEXT() REPRESENTATION_CONTEXT('2D SPACE',''
  ) );
#6210 = PCURVE('',#2099,#6211);
#6211 = DEFINITIONAL_REPRESENTATION('',(#6212),#6216);
#6212 = LINE('',#6213,#6214);
#6213 = CARTESIAN_POINT('',(0.,0.));
#6214 = VECTOR('',#6215,1.);
#6215 = DIRECTION('',(0.,-1.));
#6216 = ( GEOMETRIC_REPRESENTATION_CONTEXT(2) 
PARAMETRIC_REPRESENTATION_CONTEXT() REPRESENTATION_CONTEXT('2D SPACE',''
  ) );
#6217 = ORIENTED_EDGE('',*,*,#2055,.F.);
#6218 = ORIENTED_EDGE('',*,*,#6146,.T.);
#6219 = ORIENTED_EDGE('',*,*,#5666,.T.);
#6220 = ORIENTED_EDGE('',*,*,#6221,.T.);
#6221 = EDGE_CURVE('',#5667,#6173,#6222,.T.);
#6222 = SURFACE_CURVE('',#6223,(#6227,#6234),.PCURVE_S1.);
#6223 = LINE('',#6224,#6225);
#6224 = CARTESIAN_POINT('',(157.5,69.,56.4));
#6225 = VECTOR('',#6226,1.);
#6226 = DIRECTION('',(0.,1.110223024625E-16,-1.));
#6227 = PCURVE('',#2071,#6228);
#6228 = DEFINITIONAL_REPRESENTATION('',(#6229),#6233);
#6229 = LINE('',#6230,#6231);
#6230 = CARTESIAN_POINT('',(92.,-111.5));
#6231 = VECTOR('',#6232,1.);
#6232 = DIRECTION('',(0.,1.));
#6233 = ( GEOMETRIC_REPRESENTATION_CONTEXT(2) 
PARAMETRIC_REPRESENTATION_CONTEXT() REPRESENTATION_CONTEXT('2D SPACE',''
  ) );
#6234 = PCURVE('',#3691,#6235);
#6235 = DEFINITIONAL_REPRESENTATION('',(#6236),#6240);
#6236 = LINE('',#6237,#6238);
#6237 = CARTESIAN_POINT('',(1.237898672457E-14,-111.5));
#6238 = VECTOR('',#6239,1.);
#6239 = DIRECTION('',(0.,1.));
#6240 = ( GEOMETRIC_REPRESENTATION_CONTEXT(2) 
PARAMETRIC_REPRESENTATION_CONTEXT() REPRESENTATION_CONTEXT('2D SPACE',''
  ) );
#6241 = ADVANCED_FACE('',(#6242),#2099,.F.);
#6242 = FACE_BOUND('',#6243,.F.);
#6243 = EDGE_LOOP('',(#6244,#6267,#6268,#6269));
#6244 = ORIENTED_EDGE('',*,*,#6245,.F.);
#6245 = EDGE_CURVE('',#2084,#6246,#6248,.T.);
#6246 = VERTEX_POINT('',#6247);
#6247 = CARTESIAN_POINT('',(66.5,73.,1.088018564133E-14));
#6248 = SURFACE_CURVE('',#6249,(#6253,#6260),.PCURVE_S1.);
#6249 = LINE('',#6250,#6251);
#6250 = CARTESIAN_POINT('',(66.5,73.,53.4));
#6251 = VECTOR('',#6252,1.);
#6252 = DIRECTION('',(0.,1.110223024625E-16,-1.));
#6253 = PCURVE('',#2099,#6254);
#6254 = DEFINITIONAL_REPRESENTATION('',(#6255),#6259);
#6255 = LINE('',#6256,#6257);
#6256 = CARTESIAN_POINT('',(4.,6.661338147751E-15));
#6257 = VECTOR('',#6258,1.);
#6258 = DIRECTION('',(0.,-1.));
#6259 = ( GEOMETRIC_REPRESENTATION_CONTEXT(2) 
PARAMETRIC_REPRESENTATION_CONTEXT() REPRESENTATION_CONTEXT('2D SPACE',''
  ) );
#6260 = PCURVE('',#2127,#6261);
#6261 = DEFINITIONAL_REPRESENTATION('',(#6262),#6266);
#6262 = LINE('',#6263,#6264);
#6263 = CARTESIAN_POINT('',(0.,0.));
#6264 = VECTOR('',#6265,1.);
#6265 = DIRECTION('',(0.,1.));
#6266 = ( GEOMETRIC_REPRESENTATION_CONTEXT(2) 
PARAMETRIC_REPRESENTATION_CONTEXT() REPRESENTATION_CONTEXT('2D SPACE',''
  ) );
#6267 = ORIENTED_EDGE('',*,*,#2083,.F.);
#6268 = ORIENTED_EDGE('',*,*,#6197,.T.);
#6269 = ORIENTED_EDGE('',*,*,#6270,.T.);
#6270 = EDGE_CURVE('',#6175,#6246,#6271,.T.);
#6271 = SURFACE_CURVE('',#6272,(#6276,#6283),.PCURVE_S1.);
#6272 = LINE('',#6273,#6274);
#6273 = CARTESIAN_POINT('',(66.5,-23.,2.22044604925E-16));
#6274 = VECTOR('',#6275,1.);
#6275 = DIRECTION('',(0.,1.,1.110223024625E-16));
#6276 = PCURVE('',#2099,#6277);
#6277 = DEFINITIONAL_REPRESENTATION('',(#6278),#6282);
#6278 = LINE('',#6279,#6280);
#6279 = CARTESIAN_POINT('',(-92.,-53.4));
#6280 = VECTOR('',#6281,1.);
#6281 = DIRECTION('',(1.,0.));
#6282 = ( GEOMETRIC_REPRESENTATION_CONTEXT(2) 
PARAMETRIC_REPRESENTATION_CONTEXT() REPRESENTATION_CONTEXT('2D SPACE',''
  ) );
#6283 = PCURVE('',#3663,#6284);
#6284 = DEFINITIONAL_REPRESENTATION('',(#6285),#6289);
#6285 = LINE('',#6286,#6287);
#6286 = CARTESIAN_POINT('',(92.,174.));
#6287 = VECTOR('',#6288,1.);
#6288 = DIRECTION('',(1.,0.));
#6289 = ( GEOMETRIC_REPRESENTATION_CONTEXT(2) 
PARAMETRIC_REPRESENTATION_CONTEXT() REPRESENTATION_CONTEXT('2D SPACE',''
  ) );
#6290 = ADVANCED_FACE('',(#6291),#2127,.T.);
#6291 = FACE_BOUND('',#6292,.T.);
#6292 = EDGE_LOOP('',(#6293,#6316,#6317,#6318));
#6293 = ORIENTED_EDGE('',*,*,#6294,.T.);
#6294 = EDGE_CURVE('',#6295,#6246,#6297,.T.);
#6295 = VERTEX_POINT('',#6296);
#6296 = CARTESIAN_POINT('',(153.5,73.,1.088018564133E-14));
#6297 = SURFACE_CURVE('',#6298,(#6302,#6309),.PCURVE_S1.);
#6298 = LINE('',#6299,#6300);
#6299 = CARTESIAN_POINT('',(-20.5,73.,1.088018564133E-14));
#6300 = VECTOR('',#6301,1.);
#6301 = DIRECTION('',(-1.,0.,0.));
#6302 = PCURVE('',#2127,#6303);
#6303 = DEFINITIONAL_REPRESENTATION('',(#6304),#6308);
#6304 = LINE('',#6305,#6306);
#6305 = CARTESIAN_POINT('',(-87.,53.4));
#6306 = VECTOR('',#6307,1.);
#6307 = DIRECTION('',(-1.,0.));
#6308 = ( GEOMETRIC_REPRESENTATION_CONTEXT(2) 
PARAMETRIC_REPRESENTATION_CONTEXT() REPRESENTATION_CONTEXT('2D SPACE',''
  ) );
#6309 = PCURVE('',#3663,#6310);
#6310 = DEFINITIONAL_REPRESENTATION('',(#6311),#6315);
#6311 = LINE('',#6312,#6313);
#6312 = CARTESIAN_POINT('',(188.,87.));
#6313 = VECTOR('',#6314,1.);
#6314 = DIRECTION('',(0.,-1.));
#6315 = ( GEOMETRIC_REPRESENTATION_CONTEXT(2) 
PARAMETRIC_REPRESENTATION_CONTEXT() REPRESENTATION_CONTEXT('2D SPACE',''
  ) );
#6316 = ORIENTED_EDGE('',*,*,#6245,.F.);
#6317 = ORIENTED_EDGE('',*,*,#2111,.T.);
#6318 = ORIENTED_EDGE('',*,*,#6319,.T.);
#6319 = EDGE_CURVE('',#2112,#6295,#6320,.T.);
#6320 = SURFACE_CURVE('',#6321,(#6325,#6332),.PCURVE_S1.);
#6321 = LINE('',#6322,#6323);
#6322 = CARTESIAN_POINT('',(153.5,73.,53.4));
#6323 = VECTOR('',#6324,1.);
#6324 = DIRECTION('',(0.,1.110223024625E-16,-1.));
#6325 = PCURVE('',#2127,#6326);
#6326 = DEFINITIONAL_REPRESENTATION('',(#6327),#6331);
#6327 = LINE('',#6328,#6329);
#6328 = CARTESIAN_POINT('',(87.,0.));
#6329 = VECTOR('',#6330,1.);
#6330 = DIRECTION('',(0.,1.));
#6331 = ( GEOMETRIC_REPRESENTATION_CONTEXT(2) 
PARAMETRIC_REPRESENTATION_CONTEXT() REPRESENTATION_CONTEXT('2D SPACE',''
  ) );
#6332 = PCURVE('',#2155,#6333);
#6333 = DEFINITIONAL_REPRESENTATION('',(#6334),#6338);
#6334 = LINE('',#6335,#6336);
#6335 = CARTESIAN_POINT('',(4.,6.661338147751E-15));
#6336 = VECTOR('',#6337,1.);
#6337 = DIRECTION('',(0.,-1.));
#6338 = ( GEOMETRIC_REPRESENTATION_CONTEXT(2) 
PARAMETRIC_REPRESENTATION_CONTEXT() REPRESENTATION_CONTEXT('2D SPACE',''
  ) );
#6339 = ADVANCED_FACE('',(#6340),#2155,.F.);
#6340 = FACE_BOUND('',#6341,.F.);
#6341 = EDGE_LOOP('',(#6342,#6343,#6344,#6367,#6395,#6423,#6451,#6474,
    #6502,#6523));
#6342 = ORIENTED_EDGE('',*,*,#2139,.F.);
#6343 = ORIENTED_EDGE('',*,*,#6319,.T.);
#6344 = ORIENTED_EDGE('',*,*,#6345,.T.);
#6345 = EDGE_CURVE('',#6295,#6346,#6348,.T.);
#6346 = VERTEX_POINT('',#6347);
#6347 = CARTESIAN_POINT('',(153.5,109.,1.487698852998E-14));
#6348 = SURFACE_CURVE('',#6349,(#6353,#6360),.PCURVE_S1.);
#6349 = LINE('',#6350,#6351);
#6350 = CARTESIAN_POINT('',(153.5,-23.,2.22044604925E-16));
#6351 = VECTOR('',#6352,1.);
#6352 = DIRECTION('',(0.,1.,1.110223024625E-16));
#6353 = PCURVE('',#2155,#6354);
#6354 = DEFINITIONAL_REPRESENTATION('',(#6355),#6359);
#6355 = LINE('',#6356,#6357);
#6356 = CARTESIAN_POINT('',(-92.,-53.4));
#6357 = VECTOR('',#6358,1.);
#6358 = DIRECTION('',(1.,0.));
#6359 = ( GEOMETRIC_REPRESENTATION_CONTEXT(2) 
PARAMETRIC_REPRESENTATION_CONTEXT() REPRESENTATION_CONTEXT('2D SPACE',''
  ) );
#6360 = PCURVE('',#3663,#6361);
#6361 = DEFINITIONAL_REPRESENTATION('',(#6362),#6366);
#6362 = LINE('',#6363,#6364);
#6363 = CARTESIAN_POINT('',(92.,261.));
#6364 = VECTOR('',#6365,1.);
#6365 = DIRECTION('',(1.,0.));
#6366 = ( GEOMETRIC_REPRESENTATION_CONTEXT(2) 
PARAMETRIC_REPRESENTATION_CONTEXT() REPRESENTATION_CONTEXT('2D SPACE',''
  ) );
#6367 = ORIENTED_EDGE('',*,*,#6368,.T.);
#6368 = EDGE_CURVE('',#6346,#6369,#6371,.T.);
#6369 = VERTEX_POINT('',#6370);
#6370 = CARTESIAN_POINT('',(153.5,109.,11.9));
#6371 = SURFACE_CURVE('',#6372,(#6376,#6383),.PCURVE_S1.);
#6372 = LINE('',#6373,#6374);
#6373 = CARTESIAN_POINT('',(153.5,109.,32.65));
#6374 = VECTOR('',#6375,1.);
#6375 = DIRECTION('',(0.,-1.110223024625E-16,1.));
#6376 = PCURVE('',#2155,#6377);
#6377 = DEFINITIONAL_REPRESENTATION('',(#6378),#6382);
#6378 = LINE('',#6379,#6380);
#6379 = CARTESIAN_POINT('',(40.,-20.75));
#6380 = VECTOR('',#6381,1.);
#6381 = DIRECTION('',(0.,1.));
#6382 = ( GEOMETRIC_REPRESENTATION_CONTEXT(2) 
PARAMETRIC_REPRESENTATION_CONTEXT() REPRESENTATION_CONTEXT('2D SPACE',''
  ) );
#6383 = PCURVE('',#6384,#6389);
#6384 = PLANE('',#6385);
#6385 = AXIS2_PLACEMENT_3D('',#6386,#6387,#6388);
#6386 = CARTESIAN_POINT('',(145.5,109.,11.9));
#6387 = DIRECTION('',(0.,1.,1.110223024625E-16));
#6388 = DIRECTION('',(1.,0.,0.));
#6389 = DEFINITIONAL_REPRESENTATION('',(#6390),#6394);
#6390 = LINE('',#6391,#6392);
#6391 = CARTESIAN_POINT('',(8.,-20.75));
#6392 = VECTOR('',#6393,1.);
#6393 = DIRECTION('',(0.,-1.));
#6394 = ( GEOMETRIC_REPRESENTATION_CONTEXT(2) 
PARAMETRIC_REPRESENTATION_CONTEXT() REPRESENTATION_CONTEXT('2D SPACE',''
  ) );
#6395 = ORIENTED_EDGE('',*,*,#6396,.T.);
#6396 = EDGE_CURVE('',#6369,#6397,#6399,.T.);
#6397 = VERTEX_POINT('',#6398);
#6398 = CARTESIAN_POINT('',(153.5,121.,11.9));
#6399 = SURFACE_CURVE('',#6400,(#6404,#6411),.PCURVE_S1.);
#6400 = LINE('',#6401,#6402);
#6401 = CARTESIAN_POINT('',(153.5,89.,11.9));
#6402 = VECTOR('',#6403,1.);
#6403 = DIRECTION('',(0.,1.,1.110223024625E-16));
#6404 = PCURVE('',#2155,#6405);
#6405 = DEFINITIONAL_REPRESENTATION('',(#6406),#6410);
#6406 = LINE('',#6407,#6408);
#6407 = CARTESIAN_POINT('',(20.,-41.5));
#6408 = VECTOR('',#6409,1.);
#6409 = DIRECTION('',(1.,0.));
#6410 = ( GEOMETRIC_REPRESENTATION_CONTEXT(2) 
PARAMETRIC_REPRESENTATION_CONTEXT() REPRESENTATION_CONTEXT('2D SPACE',''
  ) );
#6411 = PCURVE('',#6412,#6417);
#6412 = PLANE('',#6413);
#6413 = AXIS2_PLACEMENT_3D('',#6414,#6415,#6416);
#6414 = CARTESIAN_POINT('',(145.5,109.,11.9));
#6415 = DIRECTION('',(0.,1.110223024625E-16,-1.));
#6416 = DIRECTION('',(0.,1.,1.110223024625E-16));
#6417 = DEFINITIONAL_REPRESENTATION('',(#6418),#6422);
#6418 = LINE('',#6419,#6420);
#6419 = CARTESIAN_POINT('',(-20.,8.));
#6420 = VECTOR('',#6421,1.);
#6421 = DIRECTION('',(1.,0.));
#6422 = ( GEOMETRIC_REPRESENTATION_CONTEXT(2) 
PARAMETRIC_REPRESENTATION_CONTEXT() REPRESENTATION_CONTEXT('2D SPACE',''
  ) );
#6423 = ORIENTED_EDGE('',*,*,#6424,.F.);
#6424 = EDGE_CURVE('',#6425,#6397,#6427,.T.);
#6425 = VERTEX_POINT('',#6426);
#6426 = CARTESIAN_POINT('',(153.5,121.,1.620925615953E-14));
#6427 = SURFACE_CURVE('',#6428,(#6432,#6439),.PCURVE_S1.);
#6428 = LINE('',#6429,#6430);
#6429 = CARTESIAN_POINT('',(153.5,121.,32.65));
#6430 = VECTOR('',#6431,1.);
#6431 = DIRECTION('',(0.,-1.110223024625E-16,1.));
#6432 = PCURVE('',#2155,#6433);
#6433 = DEFINITIONAL_REPRESENTATION('',(#6434),#6438);
#6434 = LINE('',#6435,#6436);
#6435 = CARTESIAN_POINT('',(52.,-20.75));
#6436 = VECTOR('',#6437,1.);
#6437 = DIRECTION('',(0.,1.));
#6438 = ( GEOMETRIC_REPRESENTATION_CONTEXT(2) 
PARAMETRIC_REPRESENTATION_CONTEXT() REPRESENTATION_CONTEXT('2D SPACE',''
  ) );
#6439 = PCURVE('',#6440,#6445);
#6440 = PLANE('',#6441);
#6441 = AXIS2_PLACEMENT_3D('',#6442,#6443,#6444);
#6442 = CARTESIAN_POINT('',(145.5,121.,11.9));
#6443 = DIRECTION('',(0.,1.,1.110223024625E-16));
#6444 = DIRECTION('',(1.,0.,0.));
#6445 = DEFINITIONAL_REPRESENTATION('',(#6446),#6450);
#6446 = LINE('',#6447,#6448);
#6447 = CARTESIAN_POINT('',(8.,-20.75));
#6448 = VECTOR('',#6449,1.);
#6449 = DIRECTION('',(0.,-1.));
#6450 = ( GEOMETRIC_REPRESENTATION_CONTEXT(2) 
PARAMETRIC_REPRESENTATION_CONTEXT() REPRESENTATION_CONTEXT('2D SPACE',''
  ) );
#6451 = ORIENTED_EDGE('',*,*,#6452,.T.);
#6452 = EDGE_CURVE('',#6425,#6453,#6455,.T.);
#6453 = VERTEX_POINT('',#6454);
#6454 = CARTESIAN_POINT('',(153.5,128.,1.698641227676E-14));
#6455 = SURFACE_CURVE('',#6456,(#6460,#6467),.PCURVE_S1.);
#6456 = LINE('',#6457,#6458);
#6457 = CARTESIAN_POINT('',(153.5,-23.,2.22044604925E-16));
#6458 = VECTOR('',#6459,1.);
#6459 = DIRECTION('',(0.,1.,1.110223024625E-16));
#6460 = PCURVE('',#2155,#6461);
#6461 = DEFINITIONAL_REPRESENTATION('',(#6462),#6466);
#6462 = LINE('',#6463,#6464);
#6463 = CARTESIAN_POINT('',(-92.,-53.4));
#6464 = VECTOR('',#6465,1.);
#6465 = DIRECTION('',(1.,0.));
#6466 = ( GEOMETRIC_REPRESENTATION_CONTEXT(2) 
PARAMETRIC_REPRESENTATION_CONTEXT() REPRESENTATION_CONTEXT('2D SPACE',''
  ) );
#6467 = PCURVE('',#3663,#6468);
#6468 = DEFINITIONAL_REPRESENTATION('',(#6469),#6473);
#6469 = LINE('',#6470,#6471);
#6470 = CARTESIAN_POINT('',(92.,261.));
#6471 = VECTOR('',#6472,1.);
#6472 = DIRECTION('',(1.,0.));
#6473 = ( GEOMETRIC_REPRESENTATION_CONTEXT(2) 
PARAMETRIC_REPRESENTATION_CONTEXT() REPRESENTATION_CONTEXT('2D SPACE',''
  ) );
#6474 = ORIENTED_EDGE('',*,*,#6475,.T.);
#6475 = EDGE_CURVE('',#6453,#6476,#6478,.T.);
#6476 = VERTEX_POINT('',#6477);
#6477 = CARTESIAN_POINT('',(153.5,128.,11.9));
#6478 = SURFACE_CURVE('',#6479,(#6483,#6490),.PCURVE_S1.);
#6479 = LINE('',#6480,#6481);
#6480 = CARTESIAN_POINT('',(153.5,128.,32.65));
#6481 = VECTOR('',#6482,1.);
#6482 = DIRECTION('',(0.,-1.110223024625E-16,1.));
#6483 = PCURVE('',#2155,#6484);
#6484 = DEFINITIONAL_REPRESENTATION('',(#6485),#6489);
#6485 = LINE('',#6486,#6487);
#6486 = CARTESIAN_POINT('',(59.,-20.75));
#6487 = VECTOR('',#6488,1.);
#6488 = DIRECTION('',(0.,1.));
#6489 = ( GEOMETRIC_REPRESENTATION_CONTEXT(2) 
PARAMETRIC_REPRESENTATION_CONTEXT() REPRESENTATION_CONTEXT('2D SPACE',''
  ) );
#6490 = PCURVE('',#6491,#6496);
#6491 = PLANE('',#6492);
#6492 = AXIS2_PLACEMENT_3D('',#6493,#6494,#6495);
#6493 = CARTESIAN_POINT('',(145.5,128.,11.9));
#6494 = DIRECTION('',(0.,1.,1.110223024625E-16));
#6495 = DIRECTION('',(1.,0.,0.));
#6496 = DEFINITIONAL_REPRESENTATION('',(#6497),#6501);
#6497 = LINE('',#6498,#6499);
#6498 = CARTESIAN_POINT('',(8.,-20.75));
#6499 = VECTOR('',#6500,1.);
#6500 = DIRECTION('',(0.,-1.));
#6501 = ( GEOMETRIC_REPRESENTATION_CONTEXT(2) 
PARAMETRIC_REPRESENTATION_CONTEXT() REPRESENTATION_CONTEXT('2D SPACE',''
  ) );
#6502 = ORIENTED_EDGE('',*,*,#6503,.T.);
#6503 = EDGE_CURVE('',#6476,#3574,#6504,.T.);
#6504 = SURFACE_CURVE('',#6505,(#6509,#6516),.PCURVE_S1.);
#6505 = LINE('',#6506,#6507);
#6506 = CARTESIAN_POINT('',(153.5,98.5,11.9));
#6507 = VECTOR('',#6508,1.);
#6508 = DIRECTION('',(0.,1.,1.110223024625E-16));
#6509 = PCURVE('',#2155,#6510);
#6510 = DEFINITIONAL_REPRESENTATION('',(#6511),#6515);
#6511 = LINE('',#6512,#6513);
#6512 = CARTESIAN_POINT('',(29.5,-41.5));
#6513 = VECTOR('',#6514,1.);
#6514 = DIRECTION('',(1.,0.));
#6515 = ( GEOMETRIC_REPRESENTATION_CONTEXT(2) 
PARAMETRIC_REPRESENTATION_CONTEXT() REPRESENTATION_CONTEXT('2D SPACE',''
  ) );
#6516 = PCURVE('',#3612,#6517);
#6517 = DEFINITIONAL_REPRESENTATION('',(#6518),#6522);
#6518 = LINE('',#6519,#6520);
#6519 = CARTESIAN_POINT('',(-29.5,8.));
#6520 = VECTOR('',#6521,1.);
#6521 = DIRECTION('',(1.,0.));
#6522 = ( GEOMETRIC_REPRESENTATION_CONTEXT(2) 
PARAMETRIC_REPRESENTATION_CONTEXT() REPRESENTATION_CONTEXT('2D SPACE',''
  ) );
#6523 = ORIENTED_EDGE('',*,*,#3573,.F.);
#6524 = ADVANCED_FACE('',(#6525),#2206,.T.);
#6525 = FACE_BOUND('',#6526,.T.);
#6526 = EDGE_LOOP('',(#6527,#6528,#6551,#6572,#6573,#6596,#6624));
#6527 = ORIENTED_EDGE('',*,*,#2190,.F.);
#6528 = ORIENTED_EDGE('',*,*,#6529,.T.);
#6529 = EDGE_CURVE('',#2191,#6530,#6532,.T.);
#6530 = VERTEX_POINT('',#6531);
#6531 = CARTESIAN_POINT('',(152.5,139.,11.9));
#6532 = SURFACE_CURVE('',#6533,(#6537,#6544),.PCURVE_S1.);
#6533 = LINE('',#6534,#6535);
#6534 = CARTESIAN_POINT('',(152.5,139.,53.4));
#6535 = VECTOR('',#6536,1.);
#6536 = DIRECTION('',(0.,1.110223024625E-16,-1.));
#6537 = PCURVE('',#2206,#6538);
#6538 = DEFINITIONAL_REPRESENTATION('',(#6539),#6543);
#6539 = LINE('',#6540,#6541);
#6540 = CARTESIAN_POINT('',(0.,0.));
#6541 = VECTOR('',#6542,1.);
#6542 = DIRECTION('',(0.,-1.));
#6543 = ( GEOMETRIC_REPRESENTATION_CONTEXT(2) 
PARAMETRIC_REPRESENTATION_CONTEXT() REPRESENTATION_CONTEXT('2D SPACE',''
  ) );
#6544 = PCURVE('',#2234,#6545);
#6545 = DEFINITIONAL_REPRESENTATION('',(#6546),#6550);
#6546 = LINE('',#6547,#6548);
#6547 = CARTESIAN_POINT('',(70.,0.));
#6548 = VECTOR('',#6549,1.);
#6549 = DIRECTION('',(0.,1.));
#6550 = ( GEOMETRIC_REPRESENTATION_CONTEXT(2) 
PARAMETRIC_REPRESENTATION_CONTEXT() REPRESENTATION_CONTEXT('2D SPACE',''
  ) );
#6551 = ORIENTED_EDGE('',*,*,#6552,.T.);
#6552 = EDGE_CURVE('',#6530,#3597,#6553,.T.);
#6553 = SURFACE_CURVE('',#6554,(#6558,#6565),.PCURVE_S1.);
#6554 = LINE('',#6555,#6556);
#6555 = CARTESIAN_POINT('',(152.5,133.5,11.9));
#6556 = VECTOR('',#6557,1.);
#6557 = DIRECTION('',(0.,1.,1.110223024625E-16));
#6558 = PCURVE('',#2206,#6559);
#6559 = DEFINITIONAL_REPRESENTATION('',(#6560),#6564);
#6560 = LINE('',#6561,#6562);
#6561 = CARTESIAN_POINT('',(-5.5,-41.5));
#6562 = VECTOR('',#6563,1.);
#6563 = DIRECTION('',(1.,0.));
#6564 = ( GEOMETRIC_REPRESENTATION_CONTEXT(2) 
PARAMETRIC_REPRESENTATION_CONTEXT() REPRESENTATION_CONTEXT('2D SPACE',''
  ) );
#6565 = PCURVE('',#3612,#6566);
#6566 = DEFINITIONAL_REPRESENTATION('',(#6567),#6571);
#6567 = LINE('',#6568,#6569);
#6568 = CARTESIAN_POINT('',(5.5,7.));
#6569 = VECTOR('',#6570,1.);
#6570 = DIRECTION('',(1.,0.));
#6571 = ( GEOMETRIC_REPRESENTATION_CONTEXT(2) 
PARAMETRIC_REPRESENTATION_CONTEXT() REPRESENTATION_CONTEXT('2D SPACE',''
  ) );
#6572 = ORIENTED_EDGE('',*,*,#3624,.F.);
#6573 = ORIENTED_EDGE('',*,*,#6574,.T.);
#6574 = EDGE_CURVE('',#3625,#6575,#6577,.T.);
#6575 = VERTEX_POINT('',#6576);
#6576 = CARTESIAN_POINT('',(152.5,142.,1.854072451124E-14));
#6577 = SURFACE_CURVE('',#6578,(#6582,#6589),.PCURVE_S1.);
#6578 = LINE('',#6579,#6580);
#6579 = CARTESIAN_POINT('',(152.5,12.,4.107825191113E-15));
#6580 = VECTOR('',#6581,1.);
#6581 = DIRECTION('',(0.,1.,1.110223024625E-16));
#6582 = PCURVE('',#2206,#6583);
#6583 = DEFINITIONAL_REPRESENTATION('',(#6584),#6588);
#6584 = LINE('',#6585,#6586);
#6585 = CARTESIAN_POINT('',(-127.,-53.4));
#6586 = VECTOR('',#6587,1.);
#6587 = DIRECTION('',(1.,0.));
#6588 = ( GEOMETRIC_REPRESENTATION_CONTEXT(2) 
PARAMETRIC_REPRESENTATION_CONTEXT() REPRESENTATION_CONTEXT('2D SPACE',''
  ) );
#6589 = PCURVE('',#3663,#6590);
#6590 = DEFINITIONAL_REPRESENTATION('',(#6591),#6595);
#6591 = LINE('',#6592,#6593);
#6592 = CARTESIAN_POINT('',(127.,260.));
#6593 = VECTOR('',#6594,1.);
#6594 = DIRECTION('',(1.,0.));
#6595 = ( GEOMETRIC_REPRESENTATION_CONTEXT(2) 
PARAMETRIC_REPRESENTATION_CONTEXT() REPRESENTATION_CONTEXT('2D SPACE',''
  ) );
#6596 = ORIENTED_EDGE('',*,*,#6597,.F.);
#6597 = EDGE_CURVE('',#6598,#6575,#6600,.T.);
#6598 = VERTEX_POINT('',#6599);
#6599 = CARTESIAN_POINT('',(152.5,142.,53.4));
#6600 = SURFACE_CURVE('',#6601,(#6605,#6612),.PCURVE_S1.);
#6601 = LINE('',#6602,#6603);
#6602 = CARTESIAN_POINT('',(152.5,142.,53.4));
#6603 = VECTOR('',#6604,1.);
#6604 = DIRECTION('',(0.,1.110223024625E-16,-1.));
#6605 = PCURVE('',#2206,#6606);
#6606 = DEFINITIONAL_REPRESENTATION('',(#6607),#6611);
#6607 = LINE('',#6608,#6609);
#6608 = CARTESIAN_POINT('',(3.,-3.330669073875E-16));
#6609 = VECTOR('',#6610,1.);
#6610 = DIRECTION('',(0.,-1.));
#6611 = ( GEOMETRIC_REPRESENTATION_CONTEXT(2) 
PARAMETRIC_REPRESENTATION_CONTEXT() REPRESENTATION_CONTEXT('2D SPACE',''
  ) );
#6612 = PCURVE('',#6613,#6618);
#6613 = PLANE('',#6614);
#6614 = AXIS2_PLACEMENT_3D('',#6615,#6616,#6617);
#6615 = CARTESIAN_POINT('',(82.5,142.,53.4));
#6616 = DIRECTION('',(0.,1.,1.110223024625E-16));
#6617 = DIRECTION('',(1.,0.,0.));
#6618 = DEFINITIONAL_REPRESENTATION('',(#6619),#6623);
#6619 = LINE('',#6620,#6621);
#6620 = CARTESIAN_POINT('',(70.,0.));
#6621 = VECTOR('',#6622,1.);
#6622 = DIRECTION('',(0.,1.));
#6623 = ( GEOMETRIC_REPRESENTATION_CONTEXT(2) 
PARAMETRIC_REPRESENTATION_CONTEXT() REPRESENTATION_CONTEXT('2D SPACE',''
  ) );
#6624 = ORIENTED_EDGE('',*,*,#6625,.F.);
#6625 = EDGE_CURVE('',#2168,#6598,#6626,.T.);
#6626 = SURFACE_CURVE('',#6627,(#6631,#6638),.PCURVE_S1.);
#6627 = LINE('',#6628,#6629);
#6628 = CARTESIAN_POINT('',(152.5,139.,53.4));
#6629 = VECTOR('',#6630,1.);
#6630 = DIRECTION('',(0.,1.,1.110223024625E-16));
#6631 = PCURVE('',#2206,#6632);
#6632 = DEFINITIONAL_REPRESENTATION('',(#6633),#6637);
#6633 = LINE('',#6634,#6635);
#6634 = CARTESIAN_POINT('',(0.,0.));
#6635 = VECTOR('',#6636,1.);
#6636 = DIRECTION('',(1.,0.));
#6637 = ( GEOMETRIC_REPRESENTATION_CONTEXT(2) 
PARAMETRIC_REPRESENTATION_CONTEXT() REPRESENTATION_CONTEXT('2D SPACE',''
  ) );
#6638 = PCURVE('',#3560,#6639);
#6639 = DEFINITIONAL_REPRESENTATION('',(#6640),#6644);
#6640 = LINE('',#6641,#6642);
#6641 = CARTESIAN_POINT('',(0.,70.));
#6642 = VECTOR('',#6643,1.);
#6643 = DIRECTION('',(1.,0.));
#6644 = ( GEOMETRIC_REPRESENTATION_CONTEXT(2) 
PARAMETRIC_REPRESENTATION_CONTEXT() REPRESENTATION_CONTEXT('2D SPACE',''
  ) );
#6645 = ADVANCED_FACE('',(#6646),#2234,.F.);
#6646 = FACE_BOUND('',#6647,.F.);
#6647 = EDGE_LOOP('',(#6648,#6673,#6694,#6695,#6696,#6719));
#6648 = ORIENTED_EDGE('',*,*,#6649,.T.);
#6649 = EDGE_CURVE('',#6650,#6652,#6654,.T.);
#6650 = VERTEX_POINT('',#6651);
#6651 = CARTESIAN_POINT('',(145.5,139.,1.820765760385E-14));
#6652 = VERTEX_POINT('',#6653);
#6653 = CARTESIAN_POINT('',(82.5,139.,1.820765760385E-14));
#6654 = SURFACE_CURVE('',#6655,(#6659,#6666),.PCURVE_S1.);
#6655 = LINE('',#6656,#6657);
#6656 = CARTESIAN_POINT('',(-12.5,139.,1.820765760385E-14));
#6657 = VECTOR('',#6658,1.);
#6658 = DIRECTION('',(-1.,0.,0.));
#6659 = PCURVE('',#2234,#6660);
#6660 = DEFINITIONAL_REPRESENTATION('',(#6661),#6665);
#6661 = LINE('',#6662,#6663);
#6662 = CARTESIAN_POINT('',(-95.,53.4));
#6663 = VECTOR('',#6664,1.);
#6664 = DIRECTION('',(-1.,0.));
#6665 = ( GEOMETRIC_REPRESENTATION_CONTEXT(2) 
PARAMETRIC_REPRESENTATION_CONTEXT() REPRESENTATION_CONTEXT('2D SPACE',''
  ) );
#6666 = PCURVE('',#3663,#6667);
#6667 = DEFINITIONAL_REPRESENTATION('',(#6668),#6672);
#6668 = LINE('',#6669,#6670);
#6669 = CARTESIAN_POINT('',(254.,95.));
#6670 = VECTOR('',#6671,1.);
#6671 = DIRECTION('',(0.,-1.));
#6672 = ( GEOMETRIC_REPRESENTATION_CONTEXT(2) 
PARAMETRIC_REPRESENTATION_CONTEXT() REPRESENTATION_CONTEXT('2D SPACE',''
  ) );
#6673 = ORIENTED_EDGE('',*,*,#6674,.F.);
#6674 = EDGE_CURVE('',#2219,#6652,#6675,.T.);
#6675 = SURFACE_CURVE('',#6676,(#6680,#6687),.PCURVE_S1.);
#6676 = LINE('',#6677,#6678);
#6677 = CARTESIAN_POINT('',(82.5,139.,53.4));
#6678 = VECTOR('',#6679,1.);
#6679 = DIRECTION('',(0.,1.110223024625E-16,-1.));
#6680 = PCURVE('',#2234,#6681);
#6681 = DEFINITIONAL_REPRESENTATION('',(#6682),#6686);
#6682 = LINE('',#6683,#6684);
#6683 = CARTESIAN_POINT('',(0.,0.));
#6684 = VECTOR('',#6685,1.);
#6685 = DIRECTION('',(0.,1.));
#6686 = ( GEOMETRIC_REPRESENTATION_CONTEXT(2) 
PARAMETRIC_REPRESENTATION_CONTEXT() REPRESENTATION_CONTEXT('2D SPACE',''
  ) );
#6687 = PCURVE('',#2262,#6688);
#6688 = DEFINITIONAL_REPRESENTATION('',(#6689),#6693);
#6689 = LINE('',#6690,#6691);
#6690 = CARTESIAN_POINT('',(0.,0.));
#6691 = VECTOR('',#6692,1.);
#6692 = DIRECTION('',(0.,-1.));
#6693 = ( GEOMETRIC_REPRESENTATION_CONTEXT(2) 
PARAMETRIC_REPRESENTATION_CONTEXT() REPRESENTATION_CONTEXT('2D SPACE',''
  ) );
#6694 = ORIENTED_EDGE('',*,*,#2218,.T.);
#6695 = ORIENTED_EDGE('',*,*,#6529,.T.);
#6696 = ORIENTED_EDGE('',*,*,#6697,.T.);
#6697 = EDGE_CURVE('',#6530,#6698,#6700,.T.);
#6698 = VERTEX_POINT('',#6699);
#6699 = CARTESIAN_POINT('',(145.5,139.,11.9));
#6700 = SURFACE_CURVE('',#6701,(#6705,#6712),.PCURVE_S1.);
#6701 = LINE('',#6702,#6703);
#6702 = CARTESIAN_POINT('',(114.,139.,11.9));
#6703 = VECTOR('',#6704,1.);
#6704 = DIRECTION('',(-1.,0.,0.));
#6705 = PCURVE('',#2234,#6706);
#6706 = DEFINITIONAL_REPRESENTATION('',(#6707),#6711);
#6707 = LINE('',#6708,#6709);
#6708 = CARTESIAN_POINT('',(31.5,41.5));
#6709 = VECTOR('',#6710,1.);
#6710 = DIRECTION('',(-1.,0.));
#6711 = ( GEOMETRIC_REPRESENTATION_CONTEXT(2) 
PARAMETRIC_REPRESENTATION_CONTEXT() REPRESENTATION_CONTEXT('2D SPACE',''
  ) );
#6712 = PCURVE('',#3612,#6713);
#6713 = DEFINITIONAL_REPRESENTATION('',(#6714),#6718);
#6714 = LINE('',#6715,#6716);
#6715 = CARTESIAN_POINT('',(11.,-31.5));
#6716 = VECTOR('',#6717,1.);
#6717 = DIRECTION('',(0.,-1.));
#6718 = ( GEOMETRIC_REPRESENTATION_CONTEXT(2) 
PARAMETRIC_REPRESENTATION_CONTEXT() REPRESENTATION_CONTEXT('2D SPACE',''
  ) );
#6719 = ORIENTED_EDGE('',*,*,#6720,.T.);
#6720 = EDGE_CURVE('',#6698,#6650,#6721,.T.);
#6721 = SURFACE_CURVE('',#6722,(#6726,#6733),.PCURVE_S1.);
#6722 = LINE('',#6723,#6724);
#6723 = CARTESIAN_POINT('',(145.5,139.,32.65));
#6724 = VECTOR('',#6725,1.);
#6725 = DIRECTION('',(0.,1.110223024625E-16,-1.));
#6726 = PCURVE('',#2234,#6727);
#6727 = DEFINITIONAL_REPRESENTATION('',(#6728),#6732);
#6728 = LINE('',#6729,#6730);
#6729 = CARTESIAN_POINT('',(63.,20.75));
#6730 = VECTOR('',#6731,1.);
#6731 = DIRECTION('',(0.,1.));
#6732 = ( GEOMETRIC_REPRESENTATION_CONTEXT(2) 
PARAMETRIC_REPRESENTATION_CONTEXT() REPRESENTATION_CONTEXT('2D SPACE',''
  ) );
#6733 = PCURVE('',#6734,#6739);
#6734 = PLANE('',#6735);
#6735 = AXIS2_PLACEMENT_3D('',#6736,#6737,#6738);
#6736 = CARTESIAN_POINT('',(145.5,128.,11.9));
#6737 = DIRECTION('',(1.,0.,0.));
#6738 = DIRECTION('',(0.,1.,1.110223024625E-16));
#6739 = DEFINITIONAL_REPRESENTATION('',(#6740),#6744);
#6740 = LINE('',#6741,#6742);
#6741 = CARTESIAN_POINT('',(11.,20.75));
#6742 = VECTOR('',#6743,1.);
#6743 = DIRECTION('',(0.,-1.));
#6744 = ( GEOMETRIC_REPRESENTATION_CONTEXT(2) 
PARAMETRIC_REPRESENTATION_CONTEXT() REPRESENTATION_CONTEXT('2D SPACE',''
  ) );
#6745 = ADVANCED_FACE('',(#6746),#2262,.F.);
#6746 = FACE_BOUND('',#6747,.F.);
#6747 = EDGE_LOOP('',(#6748,#6749,#6750,#6773,#6796));
#6748 = ORIENTED_EDGE('',*,*,#2246,.F.);
#6749 = ORIENTED_EDGE('',*,*,#6674,.T.);
#6750 = ORIENTED_EDGE('',*,*,#6751,.T.);
#6751 = EDGE_CURVE('',#6652,#6752,#6754,.T.);
#6752 = VERTEX_POINT('',#6753);
#6753 = CARTESIAN_POINT('',(82.5,142.,1.854072451124E-14));
#6754 = SURFACE_CURVE('',#6755,(#6759,#6766),.PCURVE_S1.);
#6755 = LINE('',#6756,#6757);
#6756 = CARTESIAN_POINT('',(82.5,12.,4.107825191113E-15));
#6757 = VECTOR('',#6758,1.);
#6758 = DIRECTION('',(0.,1.,1.110223024625E-16));
#6759 = PCURVE('',#2262,#6760);
#6760 = DEFINITIONAL_REPRESENTATION('',(#6761),#6765);
#6761 = LINE('',#6762,#6763);
#6762 = CARTESIAN_POINT('',(-127.,-53.4));
#6763 = VECTOR('',#6764,1.);
#6764 = DIRECTION('',(1.,0.));
#6765 = ( GEOMETRIC_REPRESENTATION_CONTEXT(2) 
PARAMETRIC_REPRESENTATION_CONTEXT() REPRESENTATION_CONTEXT('2D SPACE',''
  ) );
#6766 = PCURVE('',#3663,#6767);
#6767 = DEFINITIONAL_REPRESENTATION('',(#6768),#6772);
#6768 = LINE('',#6769,#6770);
#6769 = CARTESIAN_POINT('',(127.,190.));
#6770 = VECTOR('',#6771,1.);
#6771 = DIRECTION('',(1.,0.));
#6772 = ( GEOMETRIC_REPRESENTATION_CONTEXT(2) 
PARAMETRIC_REPRESENTATION_CONTEXT() REPRESENTATION_CONTEXT('2D SPACE',''
  ) );
#6773 = ORIENTED_EDGE('',*,*,#6774,.F.);
#6774 = EDGE_CURVE('',#6775,#6752,#6777,.T.);
#6775 = VERTEX_POINT('',#6776);
#6776 = CARTESIAN_POINT('',(82.5,142.,53.4));
#6777 = SURFACE_CURVE('',#6778,(#6782,#6789),.PCURVE_S1.);
#6778 = LINE('',#6779,#6780);
#6779 = CARTESIAN_POINT('',(82.5,142.,53.4));
#6780 = VECTOR('',#6781,1.);
#6781 = DIRECTION('',(0.,1.110223024625E-16,-1.));
#6782 = PCURVE('',#2262,#6783);
#6783 = DEFINITIONAL_REPRESENTATION('',(#6784),#6788);
#6784 = LINE('',#6785,#6786);
#6785 = CARTESIAN_POINT('',(3.,-3.330669073875E-16));
#6786 = VECTOR('',#6787,1.);
#6787 = DIRECTION('',(0.,-1.));
#6788 = ( GEOMETRIC_REPRESENTATION_CONTEXT(2) 
PARAMETRIC_REPRESENTATION_CONTEXT() REPRESENTATION_CONTEXT('2D SPACE',''
  ) );
#6789 = PCURVE('',#6613,#6790);
#6790 = DEFINITIONAL_REPRESENTATION('',(#6791),#6795);
#6791 = LINE('',#6792,#6793);
#6792 = CARTESIAN_POINT('',(0.,0.));
#6793 = VECTOR('',#6794,1.);
#6794 = DIRECTION('',(0.,1.));
#6795 = ( GEOMETRIC_REPRESENTATION_CONTEXT(2) 
PARAMETRIC_REPRESENTATION_CONTEXT() REPRESENTATION_CONTEXT('2D SPACE',''
  ) );
#6796 = ORIENTED_EDGE('',*,*,#6797,.F.);
#6797 = EDGE_CURVE('',#2247,#6775,#6798,.T.);
#6798 = SURFACE_CURVE('',#6799,(#6803,#6810),.PCURVE_S1.);
#6799 = LINE('',#6800,#6801);
#6800 = CARTESIAN_POINT('',(82.5,139.,53.4));
#6801 = VECTOR('',#6802,1.);
#6802 = DIRECTION('',(0.,1.,1.110223024625E-16));
#6803 = PCURVE('',#2262,#6804);
#6804 = DEFINITIONAL_REPRESENTATION('',(#6805),#6809);
#6805 = LINE('',#6806,#6807);
#6806 = CARTESIAN_POINT('',(0.,0.));
#6807 = VECTOR('',#6808,1.);
#6808 = DIRECTION('',(1.,0.));
#6809 = ( GEOMETRIC_REPRESENTATION_CONTEXT(2) 
PARAMETRIC_REPRESENTATION_CONTEXT() REPRESENTATION_CONTEXT('2D SPACE',''
  ) );
#6810 = PCURVE('',#3560,#6811);
#6811 = DEFINITIONAL_REPRESENTATION('',(#6812),#6816);
#6812 = LINE('',#6813,#6814);
#6813 = CARTESIAN_POINT('',(0.,0.));
#6814 = VECTOR('',#6815,1.);
#6815 = DIRECTION('',(1.,0.));
#6816 = ( GEOMETRIC_REPRESENTATION_CONTEXT(2) 
PARAMETRIC_REPRESENTATION_CONTEXT() REPRESENTATION_CONTEXT('2D SPACE',''
  ) );
#6817 = ADVANCED_FACE('',(#6818),#2335,.F.);
#6818 = FACE_BOUND('',#6819,.F.);
#6819 = EDGE_LOOP('',(#6820,#6821,#6822,#6823));
#6820 = ORIENTED_EDGE('',*,*,#5785,.F.);
#6821 = ORIENTED_EDGE('',*,*,#5735,.F.);
#6822 = ORIENTED_EDGE('',*,*,#6059,.T.);
#6823 = ORIENTED_EDGE('',*,*,#2319,.T.);
#6824 = ADVANCED_FACE('',(#6825),#2613,.F.);
#6825 = FACE_BOUND('',#6826,.F.);
#6826 = EDGE_LOOP('',(#6827,#6850,#6851,#6852));
#6827 = ORIENTED_EDGE('',*,*,#6828,.F.);
#6828 = EDGE_CURVE('',#2570,#6829,#6831,.T.);
#6829 = VERTEX_POINT('',#6830);
#6830 = CARTESIAN_POINT('',(29.,131.,53.4));
#6831 = SURFACE_CURVE('',#6832,(#6836,#6843),.PCURVE_S1.);
#6832 = LINE('',#6833,#6834);
#6833 = CARTESIAN_POINT('',(29.,131.,58.9));
#6834 = VECTOR('',#6835,1.);
#6835 = DIRECTION('',(0.,1.110223024625E-16,-1.));
#6836 = PCURVE('',#2613,#6837);
#6837 = DEFINITIONAL_REPRESENTATION('',(#6838),#6842);
#6838 = LINE('',#6839,#6840);
#6839 = CARTESIAN_POINT('',(0.,0.));
#6840 = VECTOR('',#6841,1.);
#6841 = DIRECTION('',(0.,1.));
#6842 = ( GEOMETRIC_REPRESENTATION_CONTEXT(2) 
PARAMETRIC_REPRESENTATION_CONTEXT() REPRESENTATION_CONTEXT('2D SPACE',''
  ) );
#6843 = PCURVE('',#2585,#6844);
#6844 = DEFINITIONAL_REPRESENTATION('',(#6845),#6849);
#6845 = LINE('',#6846,#6847);
#6846 = CARTESIAN_POINT('',(44.,-4.884981308351E-15));
#6847 = VECTOR('',#6848,1.);
#6848 = DIRECTION('',(0.,-1.));
#6849 = ( GEOMETRIC_REPRESENTATION_CONTEXT(2) 
PARAMETRIC_REPRESENTATION_CONTEXT() REPRESENTATION_CONTEXT('2D SPACE',''
  ) );
#6850 = ORIENTED_EDGE('',*,*,#2597,.F.);
#6851 = ORIENTED_EDGE('',*,*,#5573,.T.);
#6852 = ORIENTED_EDGE('',*,*,#6853,.T.);
#6853 = EDGE_CURVE('',#5551,#6829,#6854,.T.);
#6854 = SURFACE_CURVE('',#6855,(#6859,#6866),.PCURVE_S1.);
#6855 = LINE('',#6856,#6857);
#6856 = CARTESIAN_POINT('',(55.028242677824,131.,53.4));
#6857 = VECTOR('',#6858,1.);
#6858 = DIRECTION('',(-1.,0.,0.));
#6859 = PCURVE('',#2613,#6860);
#6860 = DEFINITIONAL_REPRESENTATION('',(#6861),#6865);
#6861 = LINE('',#6862,#6863);
#6862 = CARTESIAN_POINT('',(26.028242677824,5.5));
#6863 = VECTOR('',#6864,1.);
#6864 = DIRECTION('',(-1.,0.));
#6865 = ( GEOMETRIC_REPRESENTATION_CONTEXT(2) 
PARAMETRIC_REPRESENTATION_CONTEXT() REPRESENTATION_CONTEXT('2D SPACE',''
  ) );
#6866 = PCURVE('',#3488,#6867);
#6867 = DEFINITIONAL_REPRESENTATION('',(#6868),#6872);
#6868 = LINE('',#6869,#6870);
#6869 = CARTESIAN_POINT('',(-31.85983263598,-26.02824267782));
#6870 = VECTOR('',#6871,1.);
#6871 = DIRECTION('',(-0.,-1.));
#6872 = ( GEOMETRIC_REPRESENTATION_CONTEXT(2) 
PARAMETRIC_REPRESENTATION_CONTEXT() REPRESENTATION_CONTEXT('2D SPACE',''
  ) );
#6873 = ADVANCED_FACE('',(#6874),#2585,.T.);
#6874 = FACE_BOUND('',#6875,.T.);
#6875 = EDGE_LOOP('',(#6876,#6877,#6878,#6901));
#6876 = ORIENTED_EDGE('',*,*,#6828,.F.);
#6877 = ORIENTED_EDGE('',*,*,#2569,.F.);
#6878 = ORIENTED_EDGE('',*,*,#6879,.T.);
#6879 = EDGE_CURVE('',#2542,#6880,#6882,.T.);
#6880 = VERTEX_POINT('',#6881);
#6881 = CARTESIAN_POINT('',(29.,87.,53.4));
#6882 = SURFACE_CURVE('',#6883,(#6887,#6894),.PCURVE_S1.);
#6883 = LINE('',#6884,#6885);
#6884 = CARTESIAN_POINT('',(29.,87.,58.9));
#6885 = VECTOR('',#6886,1.);
#6886 = DIRECTION('',(0.,1.110223024625E-16,-1.));
#6887 = PCURVE('',#2585,#6888);
#6888 = DEFINITIONAL_REPRESENTATION('',(#6889),#6893);
#6889 = LINE('',#6890,#6891);
#6890 = CARTESIAN_POINT('',(0.,0.));
#6891 = VECTOR('',#6892,1.);
#6892 = DIRECTION('',(0.,-1.));
#6893 = ( GEOMETRIC_REPRESENTATION_CONTEXT(2) 
PARAMETRIC_REPRESENTATION_CONTEXT() REPRESENTATION_CONTEXT('2D SPACE',''
  ) );
#6894 = PCURVE('',#2557,#6895);
#6895 = DEFINITIONAL_REPRESENTATION('',(#6896),#6900);
#6896 = LINE('',#6897,#6898);
#6897 = CARTESIAN_POINT('',(0.,0.));
#6898 = VECTOR('',#6899,1.);
#6899 = DIRECTION('',(0.,1.));
#6900 = ( GEOMETRIC_REPRESENTATION_CONTEXT(2) 
PARAMETRIC_REPRESENTATION_CONTEXT() REPRESENTATION_CONTEXT('2D SPACE',''
  ) );
#6901 = ORIENTED_EDGE('',*,*,#6902,.T.);
#6902 = EDGE_CURVE('',#6880,#6829,#6903,.T.);
#6903 = SURFACE_CURVE('',#6904,(#6908,#6915),.PCURVE_S1.);
#6904 = LINE('',#6905,#6906);
#6905 = CARTESIAN_POINT('',(29.,93.070083682008,53.4));
#6906 = VECTOR('',#6907,1.);
#6907 = DIRECTION('',(0.,1.,1.110223024625E-16));
#6908 = PCURVE('',#2585,#6909);
#6909 = DEFINITIONAL_REPRESENTATION('',(#6910),#6914);
#6910 = LINE('',#6911,#6912);
#6911 = CARTESIAN_POINT('',(6.070083682008,-5.5));
#6912 = VECTOR('',#6913,1.);
#6913 = DIRECTION('',(1.,0.));
#6914 = ( GEOMETRIC_REPRESENTATION_CONTEXT(2) 
PARAMETRIC_REPRESENTATION_CONTEXT() REPRESENTATION_CONTEXT('2D SPACE',''
  ) );
#6915 = PCURVE('',#3488,#6916);
#6916 = DEFINITIONAL_REPRESENTATION('',(#6917),#6921);
#6917 = LINE('',#6918,#6919);
#6918 = CARTESIAN_POINT('',(6.070083682008,-52.05648535564));
#6919 = VECTOR('',#6920,1.);
#6920 = DIRECTION('',(-1.,0.));
#6921 = ( GEOMETRIC_REPRESENTATION_CONTEXT(2) 
PARAMETRIC_REPRESENTATION_CONTEXT() REPRESENTATION_CONTEXT('2D SPACE',''
  ) );
#6922 = ADVANCED_FACE('',(#6923),#2557,.T.);
#6923 = FACE_BOUND('',#6924,.T.);
#6924 = EDGE_LOOP('',(#6925,#6926,#6927,#6928));
#6925 = ORIENTED_EDGE('',*,*,#6879,.F.);
#6926 = ORIENTED_EDGE('',*,*,#2541,.F.);
#6927 = ORIENTED_EDGE('',*,*,#5435,.T.);
#6928 = ORIENTED_EDGE('',*,*,#6929,.T.);
#6929 = EDGE_CURVE('',#5436,#6880,#6930,.T.);
#6930 = SURFACE_CURVE('',#6931,(#6935,#6942),.PCURVE_S1.);
#6931 = LINE('',#6932,#6933);
#6932 = CARTESIAN_POINT('',(55.028242677824,87.,53.4));
#6933 = VECTOR('',#6934,1.);
#6934 = DIRECTION('',(-1.,0.,0.));
#6935 = PCURVE('',#2557,#6936);
#6936 = DEFINITIONAL_REPRESENTATION('',(#6937),#6941);
#6937 = LINE('',#6938,#6939);
#6938 = CARTESIAN_POINT('',(26.028242677824,5.5));
#6939 = VECTOR('',#6940,1.);
#6940 = DIRECTION('',(-1.,0.));
#6941 = ( GEOMETRIC_REPRESENTATION_CONTEXT(2) 
PARAMETRIC_REPRESENTATION_CONTEXT() REPRESENTATION_CONTEXT('2D SPACE',''
  ) );
#6942 = PCURVE('',#3488,#6943);
#6943 = DEFINITIONAL_REPRESENTATION('',(#6944),#6948);
#6944 = LINE('',#6945,#6946);
#6945 = CARTESIAN_POINT('',(12.140167364017,-26.02824267782));
#6946 = VECTOR('',#6947,1.);
#6947 = DIRECTION('',(-0.,-1.));
#6948 = ( GEOMETRIC_REPRESENTATION_CONTEXT(2) 
PARAMETRIC_REPRESENTATION_CONTEXT() REPRESENTATION_CONTEXT('2D SPACE',''
  ) );
#6949 = ADVANCED_FACE('',(#6950),#2484,.T.);
#6950 = FACE_BOUND('',#6951,.T.);
#6951 = EDGE_LOOP('',(#6952,#6953,#6976,#7004,#7032,#7055,#7076,#7077));
#6952 = ORIENTED_EDGE('',*,*,#3076,.F.);
#6953 = ORIENTED_EDGE('',*,*,#6954,.T.);
#6954 = EDGE_CURVE('',#3077,#6955,#6957,.T.);
#6955 = VERTEX_POINT('',#6956);
#6956 = CARTESIAN_POINT('',(15.571796769725,73.,65.9));
#6957 = SURFACE_CURVE('',#6958,(#6962,#6969),.PCURVE_S1.);
#6958 = LINE('',#6959,#6960);
#6959 = CARTESIAN_POINT('',(14.5,73.,65.9));
#6960 = VECTOR('',#6961,1.);
#6961 = DIRECTION('',(1.,0.,0.));
#6962 = PCURVE('',#2484,#6963);
#6963 = DEFINITIONAL_REPRESENTATION('',(#6964),#6968);
#6964 = LINE('',#6965,#6966);
#6965 = CARTESIAN_POINT('',(0.,0.));
#6966 = VECTOR('',#6967,1.);
#6967 = DIRECTION('',(1.,0.));
#6968 = ( GEOMETRIC_REPRESENTATION_CONTEXT(2) 
PARAMETRIC_REPRESENTATION_CONTEXT() REPRESENTATION_CONTEXT('2D SPACE',''
  ) );
#6969 = PCURVE('',#2769,#6970);
#6970 = DEFINITIONAL_REPRESENTATION('',(#6971),#6975);
#6971 = LINE('',#6972,#6973);
#6972 = CARTESIAN_POINT('',(8.,0.));
#6973 = VECTOR('',#6974,1.);
#6974 = DIRECTION('',(0.,1.));
#6975 = ( GEOMETRIC_REPRESENTATION_CONTEXT(2) 
PARAMETRIC_REPRESENTATION_CONTEXT() REPRESENTATION_CONTEXT('2D SPACE',''
  ) );
#6976 = ORIENTED_EDGE('',*,*,#6977,.T.);
#6977 = EDGE_CURVE('',#6955,#6978,#6980,.T.);
#6978 = VERTEX_POINT('',#6979);
#6979 = CARTESIAN_POINT('',(15.571796769724,73.,59.9));
#6980 = SURFACE_CURVE('',#6981,(#6985,#6992),.PCURVE_S1.);
#6981 = LINE('',#6982,#6983);
#6982 = CARTESIAN_POINT('',(15.571796769724,73.,65.9));
#6983 = VECTOR('',#6984,1.);
#6984 = DIRECTION('',(0.,1.110223024625E-16,-1.));
#6985 = PCURVE('',#2484,#6986);
#6986 = DEFINITIONAL_REPRESENTATION('',(#6987),#6991);
#6987 = LINE('',#6988,#6989);
#6988 = CARTESIAN_POINT('',(1.071796769724,0.));
#6989 = VECTOR('',#6990,1.);
#6990 = DIRECTION('',(0.,1.));
#6991 = ( GEOMETRIC_REPRESENTATION_CONTEXT(2) 
PARAMETRIC_REPRESENTATION_CONTEXT() REPRESENTATION_CONTEXT('2D SPACE',''
  ) );
#6992 = PCURVE('',#6993,#6998);
#6993 = CYLINDRICAL_SURFACE('',#6994,8.);
#6994 = AXIS2_PLACEMENT_3D('',#6995,#6996,#6997);
#6995 = CARTESIAN_POINT('',(22.5,69.,65.9));
#6996 = DIRECTION('',(0.,1.110223024625E-16,-1.));
#6997 = DIRECTION('',(0.,1.,1.110223024625E-16));
#6998 = DEFINITIONAL_REPRESENTATION('',(#6999),#7003);
#6999 = LINE('',#7000,#7001);
#7000 = CARTESIAN_POINT('',(5.235987755983,0.));
#7001 = VECTOR('',#7002,1.);
#7002 = DIRECTION('',(0.,1.));
#7003 = ( GEOMETRIC_REPRESENTATION_CONTEXT(2) 
PARAMETRIC_REPRESENTATION_CONTEXT() REPRESENTATION_CONTEXT('2D SPACE',''
  ) );
#7004 = ORIENTED_EDGE('',*,*,#7005,.T.);
#7005 = EDGE_CURVE('',#6978,#7006,#7008,.T.);
#7006 = VERTEX_POINT('',#7007);
#7007 = CARTESIAN_POINT('',(29.428203230276,73.,59.9));
#7008 = SURFACE_CURVE('',#7009,(#7013,#7020),.PCURVE_S1.);
#7009 = LINE('',#7010,#7011);
#7010 = CARTESIAN_POINT('',(18.5,73.,59.9));
#7011 = VECTOR('',#7012,1.);
#7012 = DIRECTION('',(1.,0.,0.));
#7013 = PCURVE('',#2484,#7014);
#7014 = DEFINITIONAL_REPRESENTATION('',(#7015),#7019);
#7015 = LINE('',#7016,#7017);
#7016 = CARTESIAN_POINT('',(4.,6.));
#7017 = VECTOR('',#7018,1.);
#7018 = DIRECTION('',(1.,0.));
#7019 = ( GEOMETRIC_REPRESENTATION_CONTEXT(2) 
PARAMETRIC_REPRESENTATION_CONTEXT() REPRESENTATION_CONTEXT('2D SPACE',''
  ) );
#7020 = PCURVE('',#7021,#7026);
#7021 = PLANE('',#7022);
#7022 = AXIS2_PLACEMENT_3D('',#7023,#7024,#7025);
#7023 = CARTESIAN_POINT('',(22.5,42.,59.9));
#7024 = DIRECTION('',(0.,1.110223024625E-16,-1.));
#7025 = DIRECTION('',(0.,1.,1.110223024625E-16));
#7026 = DEFINITIONAL_REPRESENTATION('',(#7027),#7031);
#7027 = LINE('',#7028,#7029);
#7028 = CARTESIAN_POINT('',(31.,-4.));
#7029 = VECTOR('',#7030,1.);
#7030 = DIRECTION('',(0.,1.));
#7031 = ( GEOMETRIC_REPRESENTATION_CONTEXT(2) 
PARAMETRIC_REPRESENTATION_CONTEXT() REPRESENTATION_CONTEXT('2D SPACE',''
  ) );
#7032 = ORIENTED_EDGE('',*,*,#7033,.F.);
#7033 = EDGE_CURVE('',#7034,#7006,#7036,.T.);
#7034 = VERTEX_POINT('',#7035);
#7035 = CARTESIAN_POINT('',(29.428203230275,73.,65.9));
#7036 = SURFACE_CURVE('',#7037,(#7041,#7048),.PCURVE_S1.);
#7037 = LINE('',#7038,#7039);
#7038 = CARTESIAN_POINT('',(29.428203230276,73.,65.9));
#7039 = VECTOR('',#7040,1.);
#7040 = DIRECTION('',(0.,1.110223024625E-16,-1.));
#7041 = PCURVE('',#2484,#7042);
#7042 = DEFINITIONAL_REPRESENTATION('',(#7043),#7047);
#7043 = LINE('',#7044,#7045);
#7044 = CARTESIAN_POINT('',(14.928203230276,0.));
#7045 = VECTOR('',#7046,1.);
#7046 = DIRECTION('',(0.,1.));
#7047 = ( GEOMETRIC_REPRESENTATION_CONTEXT(2) 
PARAMETRIC_REPRESENTATION_CONTEXT() REPRESENTATION_CONTEXT('2D SPACE',''
  ) );
#7048 = PCURVE('',#6993,#7049);
#7049 = DEFINITIONAL_REPRESENTATION('',(#7050),#7054);
#7050 = LINE('',#7051,#7052);
#7051 = CARTESIAN_POINT('',(7.330382858376,0.));
#7052 = VECTOR('',#7053,1.);
#7053 = DIRECTION('',(0.,1.));
#7054 = ( GEOMETRIC_REPRESENTATION_CONTEXT(2) 
PARAMETRIC_REPRESENTATION_CONTEXT() REPRESENTATION_CONTEXT('2D SPACE',''
  ) );
#7055 = ORIENTED_EDGE('',*,*,#7056,.T.);
#7056 = EDGE_CURVE('',#7034,#2731,#7057,.T.);
#7057 = SURFACE_CURVE('',#7058,(#7062,#7069),.PCURVE_S1.);
#7058 = LINE('',#7059,#7060);
#7059 = CARTESIAN_POINT('',(14.5,73.,65.9));
#7060 = VECTOR('',#7061,1.);
#7061 = DIRECTION('',(1.,0.,0.));
#7062 = PCURVE('',#2484,#7063);
#7063 = DEFINITIONAL_REPRESENTATION('',(#7064),#7068);
#7064 = LINE('',#7065,#7066);
#7065 = CARTESIAN_POINT('',(0.,0.));
#7066 = VECTOR('',#7067,1.);
#7067 = DIRECTION('',(1.,0.));
#7068 = ( GEOMETRIC_REPRESENTATION_CONTEXT(2) 
PARAMETRIC_REPRESENTATION_CONTEXT() REPRESENTATION_CONTEXT('2D SPACE',''
  ) );
#7069 = PCURVE('',#2769,#7070);
#7070 = DEFINITIONAL_REPRESENTATION('',(#7071),#7075);
#7071 = LINE('',#7072,#7073);
#7072 = CARTESIAN_POINT('',(8.,0.));
#7073 = VECTOR('',#7074,1.);
#7074 = DIRECTION('',(0.,1.));
#7075 = ( GEOMETRIC_REPRESENTATION_CONTEXT(2) 
PARAMETRIC_REPRESENTATION_CONTEXT() REPRESENTATION_CONTEXT('2D SPACE',''
  ) );
#7076 = ORIENTED_EDGE('',*,*,#2730,.T.);
#7077 = ORIENTED_EDGE('',*,*,#2468,.T.);
#7078 = ADVANCED_FACE('',(#7079),#2667,.T.);
#7079 = FACE_BOUND('',#7080,.T.);
#7080 = EDGE_LOOP('',(#7081,#7102,#7103,#7124));
#7081 = ORIENTED_EDGE('',*,*,#7082,.T.);
#7082 = EDGE_CURVE('',#2650,#3028,#7083,.T.);
#7083 = SURFACE_CURVE('',#7084,(#7088,#7095),.PCURVE_S1.);
#7084 = LINE('',#7085,#7086);
#7085 = CARTESIAN_POINT('',(-46.5,24.5,5.495603971895E-15));
#7086 = VECTOR('',#7087,1.);
#7087 = DIRECTION('',(-1.,0.,0.));
#7088 = PCURVE('',#2667,#7089);
#7089 = DEFINITIONAL_REPRESENTATION('',(#7090),#7094);
#7090 = LINE('',#7091,#7092);
#7091 = CARTESIAN_POINT('',(139.5,61.));
#7092 = VECTOR('',#7093,1.);
#7093 = DIRECTION('',(0.,-1.));
#7094 = ( GEOMETRIC_REPRESENTATION_CONTEXT(2) 
PARAMETRIC_REPRESENTATION_CONTEXT() REPRESENTATION_CONTEXT('2D SPACE',''
  ) );
#7095 = PCURVE('',#2963,#7096);
#7096 = DEFINITIONAL_REPRESENTATION('',(#7097),#7101);
#7097 = LINE('',#7098,#7099);
#7098 = CARTESIAN_POINT('',(-61.,42.9));
#7099 = VECTOR('',#7100,1.);
#7100 = DIRECTION('',(-1.,0.));
#7101 = ( GEOMETRIC_REPRESENTATION_CONTEXT(2) 
PARAMETRIC_REPRESENTATION_CONTEXT() REPRESENTATION_CONTEXT('2D SPACE',''
  ) );
#7102 = ORIENTED_EDGE('',*,*,#3027,.T.);
#7103 = ORIENTED_EDGE('',*,*,#7104,.F.);
#7104 = EDGE_CURVE('',#2652,#3030,#7105,.T.);
#7105 = SURFACE_CURVE('',#7106,(#7110,#7117),.PCURVE_S1.);
#7106 = LINE('',#7107,#7108);
#7107 = CARTESIAN_POINT('',(-46.5,29.5,6.050715484207E-15));
#7108 = VECTOR('',#7109,1.);
#7109 = DIRECTION('',(-1.,0.,0.));
#7110 = PCURVE('',#2667,#7111);
#7111 = DEFINITIONAL_REPRESENTATION('',(#7112),#7116);
#7112 = LINE('',#7113,#7114);
#7113 = CARTESIAN_POINT('',(144.5,61.));
#7114 = VECTOR('',#7115,1.);
#7115 = DIRECTION('',(0.,-1.));
#7116 = ( GEOMETRIC_REPRESENTATION_CONTEXT(2) 
PARAMETRIC_REPRESENTATION_CONTEXT() REPRESENTATION_CONTEXT('2D SPACE',''
  ) );
#7117 = PCURVE('',#2695,#7118);
#7118 = DEFINITIONAL_REPRESENTATION('',(#7119),#7123);
#7119 = LINE('',#7120,#7121);
#7120 = CARTESIAN_POINT('',(-61.,42.9));
#7121 = VECTOR('',#7122,1.);
#7122 = DIRECTION('',(-1.,0.));
#7123 = ( GEOMETRIC_REPRESENTATION_CONTEXT(2) 
PARAMETRIC_REPRESENTATION_CONTEXT() REPRESENTATION_CONTEXT('2D SPACE',''
  ) );
#7124 = ORIENTED_EDGE('',*,*,#2649,.F.);
#7125 = ADVANCED_FACE('',(#7126),#2963,.F.);
#7126 = FACE_BOUND('',#7127,.F.);
#7127 = EDGE_LOOP('',(#7128,#7129,#7150,#7151));
#7128 = ORIENTED_EDGE('',*,*,#3372,.F.);
#7129 = ORIENTED_EDGE('',*,*,#7130,.T.);
#7130 = EDGE_CURVE('',#3350,#2922,#7131,.T.);
#7131 = SURFACE_CURVE('',#7132,(#7136,#7143),.PCURVE_S1.);
#7132 = LINE('',#7133,#7134);
#7133 = CARTESIAN_POINT('',(18.5,24.5,39.9));
#7134 = VECTOR('',#7135,1.);
#7135 = DIRECTION('',(1.,0.,0.));
#7136 = PCURVE('',#2963,#7137);
#7137 = DEFINITIONAL_REPRESENTATION('',(#7138),#7142);
#7138 = LINE('',#7139,#7140);
#7139 = CARTESIAN_POINT('',(4.,3.));
#7140 = VECTOR('',#7141,1.);
#7141 = DIRECTION('',(1.,0.));
#7142 = ( GEOMETRIC_REPRESENTATION_CONTEXT(2) 
PARAMETRIC_REPRESENTATION_CONTEXT() REPRESENTATION_CONTEXT('2D SPACE',''
  ) );
#7143 = PCURVE('',#2937,#7144);
#7144 = DEFINITIONAL_REPRESENTATION('',(#7145),#7149);
#7145 = LINE('',#7146,#7147);
#7146 = CARTESIAN_POINT('',(-17.5,-4.));
#7147 = VECTOR('',#7148,1.);
#7148 = DIRECTION('',(0.,1.));
#7149 = ( GEOMETRIC_REPRESENTATION_CONTEXT(2) 
PARAMETRIC_REPRESENTATION_CONTEXT() REPRESENTATION_CONTEXT('2D SPACE',''
  ) );
#7150 = ORIENTED_EDGE('',*,*,#2949,.T.);
#7151 = ORIENTED_EDGE('',*,*,#7082,.T.);
#7152 = ADVANCED_FACE('',(#7153,#7180),#2937,.T.);
#7153 = FACE_BOUND('',#7154,.T.);
#7154 = EDGE_LOOP('',(#7155,#7156,#7157,#7179));
#7155 = ORIENTED_EDGE('',*,*,#7130,.T.);
#7156 = ORIENTED_EDGE('',*,*,#2921,.T.);
#7157 = ORIENTED_EDGE('',*,*,#7158,.T.);
#7158 = EDGE_CURVE('',#2894,#3327,#7159,.T.);
#7159 = SURFACE_CURVE('',#7160,(#7165,#7172),.PCURVE_S1.);
#7160 = CIRCLE('',#7161,8.);
#7161 = AXIS2_PLACEMENT_3D('',#7162,#7163,#7164);
#7162 = CARTESIAN_POINT('',(22.5,15.,39.9));
#7163 = DIRECTION('',(0.,1.110223024625E-16,-1.));
#7164 = DIRECTION('',(0.,1.,1.110223024625E-16));
#7165 = PCURVE('',#2937,#7166);
#7166 = DEFINITIONAL_REPRESENTATION('',(#7167),#7171);
#7167 = CIRCLE('',#7168,8.);
#7168 = AXIS2_PLACEMENT_2D('',#7169,#7170);
#7169 = CARTESIAN_POINT('',(-27.,0.));
#7170 = DIRECTION('',(1.,0.));
#7171 = ( GEOMETRIC_REPRESENTATION_CONTEXT(2) 
PARAMETRIC_REPRESENTATION_CONTEXT() REPRESENTATION_CONTEXT('2D SPACE',''
  ) );
#7172 = PCURVE('',#2909,#7173);
#7173 = DEFINITIONAL_REPRESENTATION('',(#7174),#7178);
#7174 = LINE('',#7175,#7176);
#7175 = CARTESIAN_POINT('',(0.,6.));
#7176 = VECTOR('',#7177,1.);
#7177 = DIRECTION('',(1.,0.));
#7178 = ( GEOMETRIC_REPRESENTATION_CONTEXT(2) 
PARAMETRIC_REPRESENTATION_CONTEXT() REPRESENTATION_CONTEXT('2D SPACE',''
  ) );
#7179 = ORIENTED_EDGE('',*,*,#3349,.T.);
#7180 = FACE_BOUND('',#7181,.T.);
#7181 = EDGE_LOOP('',(#7182));
#7182 = ORIENTED_EDGE('',*,*,#7183,.T.);
#7183 = EDGE_CURVE('',#7184,#7184,#7186,.T.);
#7184 = VERTEX_POINT('',#7185);
#7185 = CARTESIAN_POINT('',(22.5,18.2,39.9));
#7186 = SURFACE_CURVE('',#7187,(#7192,#7203),.PCURVE_S1.);
#7187 = CIRCLE('',#7188,3.2);
#7188 = AXIS2_PLACEMENT_3D('',#7189,#7190,#7191);
#7189 = CARTESIAN_POINT('',(22.5,15.,39.9));
#7190 = DIRECTION('',(0.,-1.110223024625E-16,1.));
#7191 = DIRECTION('',(-4.440892098501E-15,1.,1.110223024625E-16));
#7192 = PCURVE('',#2937,#7193);
#7193 = DEFINITIONAL_REPRESENTATION('',(#7194),#7202);
#7194 = ( BOUNDED_CURVE() B_SPLINE_CURVE(2,(#7195,#7196,#7197,#7198,
#7199,#7200,#7201),.UNSPECIFIED.,.T.,.F.) B_SPLINE_CURVE_WITH_KNOTS((1,2
    ,2,2,2,1),(-2.094395102393,0.,2.094395102393,4.188790204786,
6.28318530718,8.377580409573),.UNSPECIFIED.) CURVE() 
GEOMETRIC_REPRESENTATION_ITEM() RATIONAL_B_SPLINE_CURVE((1.,0.5,1.,0.5,
1.,0.5,1.)) REPRESENTATION_ITEM('') );
#7195 = CARTESIAN_POINT('',(-23.8,-9.466330862652E-30));
#7196 = CARTESIAN_POINT('',(-23.8,-5.54256258422));
#7197 = CARTESIAN_POINT('',(-28.6,-2.77128129211));
#7198 = CARTESIAN_POINT('',(-33.4,4.184879019415E-14));
#7199 = CARTESIAN_POINT('',(-28.6,2.77128129211));
#7200 = CARTESIAN_POINT('',(-23.8,5.54256258422));
#7201 = CARTESIAN_POINT('',(-23.8,-9.466330862652E-30));
#7202 = ( GEOMETRIC_REPRESENTATION_CONTEXT(2) 
PARAMETRIC_REPRESENTATION_CONTEXT() REPRESENTATION_CONTEXT('2D SPACE',''
  ) );
#7203 = PCURVE('',#7204,#7209);
#7204 = CYLINDRICAL_SURFACE('',#7205,3.2);
#7205 = AXIS2_PLACEMENT_3D('',#7206,#7207,#7208);
#7206 = CARTESIAN_POINT('',(22.5,15.,46.9));
#7207 = DIRECTION('',(0.,1.110223024625E-16,-1.));
#7208 = DIRECTION('',(0.,1.,1.110223024625E-16));
#7209 = DEFINITIONAL_REPRESENTATION('',(#7210),#7214);
#7210 = LINE('',#7211,#7212);
#7211 = CARTESIAN_POINT('',(6.28318530718,7.));
#7212 = VECTOR('',#7213,1.);
#7213 = DIRECTION('',(-1.,-0.));
#7214 = ( GEOMETRIC_REPRESENTATION_CONTEXT(2) 
PARAMETRIC_REPRESENTATION_CONTEXT() REPRESENTATION_CONTEXT('2D SPACE',''
  ) );
#7215 = ADVANCED_FACE('',(#7216),#2909,.T.);
#7216 = FACE_BOUND('',#7217,.T.);
#7217 = EDGE_LOOP('',(#7218,#7219,#7220,#7242,#7243,#7267,#7295,#7317));
#7218 = ORIENTED_EDGE('',*,*,#7158,.F.);
#7219 = ORIENTED_EDGE('',*,*,#2893,.T.);
#7220 = ORIENTED_EDGE('',*,*,#7221,.T.);
#7221 = EDGE_CURVE('',#2866,#3197,#7222,.T.);
#7222 = SURFACE_CURVE('',#7223,(#7228,#7235),.PCURVE_S1.);
#7223 = CIRCLE('',#7224,8.);
#7224 = AXIS2_PLACEMENT_3D('',#7225,#7226,#7227);
#7225 = CARTESIAN_POINT('',(22.5,15.,45.9));
#7226 = DIRECTION('',(0.,1.110223024625E-16,-1.));
#7227 = DIRECTION('',(0.,1.,1.110223024625E-16));
#7228 = PCURVE('',#2909,#7229);
#7229 = DEFINITIONAL_REPRESENTATION('',(#7230),#7234);
#7230 = LINE('',#7231,#7232);
#7231 = CARTESIAN_POINT('',(0.,0.));
#7232 = VECTOR('',#7233,1.);
#7233 = DIRECTION('',(1.,0.));
#7234 = ( GEOMETRIC_REPRESENTATION_CONTEXT(2) 
PARAMETRIC_REPRESENTATION_CONTEXT() REPRESENTATION_CONTEXT('2D SPACE',''
  ) );
#7235 = PCURVE('',#2881,#7236);
#7236 = DEFINITIONAL_REPRESENTATION('',(#7237),#7241);
#7237 = CIRCLE('',#7238,8.);
#7238 = AXIS2_PLACEMENT_2D('',#7239,#7240);
#7239 = CARTESIAN_POINT('',(-27.,0.));
#7240 = DIRECTION('',(1.,0.));
#7241 = ( GEOMETRIC_REPRESENTATION_CONTEXT(2) 
PARAMETRIC_REPRESENTATION_CONTEXT() REPRESENTATION_CONTEXT('2D SPACE',''
  ) );
#7242 = ORIENTED_EDGE('',*,*,#3219,.F.);
#7243 = ORIENTED_EDGE('',*,*,#7244,.F.);
#7244 = EDGE_CURVE('',#7245,#3220,#7247,.T.);
#7245 = VERTEX_POINT('',#7246);
#7246 = CARTESIAN_POINT('',(20.077348558419,7.375646913173,45.4));
#7247 = SURFACE_CURVE('',#7248,(#7253,#7260),.PCURVE_S1.);
#7248 = CIRCLE('',#7249,8.);
#7249 = AXIS2_PLACEMENT_3D('',#7250,#7251,#7252);
#7250 = CARTESIAN_POINT('',(22.5,15.,45.4));
#7251 = DIRECTION('',(0.,1.110223024625E-16,-1.));
#7252 = DIRECTION('',(0.,1.,1.110223024625E-16));
#7253 = PCURVE('',#2909,#7254);
#7254 = DEFINITIONAL_REPRESENTATION('',(#7255),#7259);
#7255 = LINE('',#7256,#7257);
#7256 = CARTESIAN_POINT('',(0.,0.5));
#7257 = VECTOR('',#7258,1.);
#7258 = DIRECTION('',(1.,0.));
#7259 = ( GEOMETRIC_REPRESENTATION_CONTEXT(2) 
PARAMETRIC_REPRESENTATION_CONTEXT() REPRESENTATION_CONTEXT('2D SPACE',''
  ) );
#7260 = PCURVE('',#3258,#7261);
#7261 = DEFINITIONAL_REPRESENTATION('',(#7262),#7266);
#7262 = CIRCLE('',#7263,8.);
#7263 = AXIS2_PLACEMENT_2D('',#7264,#7265);
#7264 = CARTESIAN_POINT('',(5.,7.5));
#7265 = DIRECTION('',(1.,0.));
#7266 = ( GEOMETRIC_REPRESENTATION_CONTEXT(2) 
PARAMETRIC_REPRESENTATION_CONTEXT() REPRESENTATION_CONTEXT('2D SPACE',''
  ) );
#7267 = ORIENTED_EDGE('',*,*,#7268,.T.);
#7268 = EDGE_CURVE('',#7245,#7269,#7271,.T.);
#7269 = VERTEX_POINT('',#7270);
#7270 = CARTESIAN_POINT('',(20.077348558419,7.375646913173,40.4));
#7271 = SURFACE_CURVE('',#7272,(#7276,#7283),.PCURVE_S1.);
#7272 = LINE('',#7273,#7274);
#7273 = CARTESIAN_POINT('',(20.07734855842,7.375646913173,45.9));
#7274 = VECTOR('',#7275,1.);
#7275 = DIRECTION('',(0.,1.110223024625E-16,-1.));
#7276 = PCURVE('',#2909,#7277);
#7277 = DEFINITIONAL_REPRESENTATION('',(#7278),#7282);
#7278 = LINE('',#7279,#7280);
#7279 = CARTESIAN_POINT('',(3.4492548439,0.));
#7280 = VECTOR('',#7281,1.);
#7281 = DIRECTION('',(0.,1.));
#7282 = ( GEOMETRIC_REPRESENTATION_CONTEXT(2) 
PARAMETRIC_REPRESENTATION_CONTEXT() REPRESENTATION_CONTEXT('2D SPACE',''
  ) );
#7283 = PCURVE('',#7284,#7289);
#7284 = PLANE('',#7285);
#7285 = AXIS2_PLACEMENT_3D('',#7286,#7287,#7288);
#7286 = CARTESIAN_POINT('',(25.273500981126,10.839748528311,42.9));
#7287 = DIRECTION('',(0.554700196225,-0.832050294338,-9.2376139442E-17)
  );
#7288 = DIRECTION('',(-0.832050294338,-0.554700196225,
    -6.158409296133E-17));
#7289 = DEFINITIONAL_REPRESENTATION('',(#7290),#7294);
#7290 = LINE('',#7291,#7292);
#7291 = CARTESIAN_POINT('',(6.244997998398,-3.));
#7292 = VECTOR('',#7293,1.);
#7293 = DIRECTION('',(0.,1.));
#7294 = ( GEOMETRIC_REPRESENTATION_CONTEXT(2) 
PARAMETRIC_REPRESENTATION_CONTEXT() REPRESENTATION_CONTEXT('2D SPACE',''
  ) );
#7295 = ORIENTED_EDGE('',*,*,#7296,.T.);
#7296 = EDGE_CURVE('',#7269,#3299,#7297,.T.);
#7297 = SURFACE_CURVE('',#7298,(#7303,#7310),.PCURVE_S1.);
#7298 = CIRCLE('',#7299,8.);
#7299 = AXIS2_PLACEMENT_3D('',#7300,#7301,#7302);
#7300 = CARTESIAN_POINT('',(22.5,15.,40.4));
#7301 = DIRECTION('',(0.,1.110223024625E-16,-1.));
#7302 = DIRECTION('',(0.,1.,1.110223024625E-16));
#7303 = PCURVE('',#2909,#7304);
#7304 = DEFINITIONAL_REPRESENTATION('',(#7305),#7309);
#7305 = LINE('',#7306,#7307);
#7306 = CARTESIAN_POINT('',(0.,5.5));
#7307 = VECTOR('',#7308,1.);
#7308 = DIRECTION('',(1.,0.));
#7309 = ( GEOMETRIC_REPRESENTATION_CONTEXT(2) 
PARAMETRIC_REPRESENTATION_CONTEXT() REPRESENTATION_CONTEXT('2D SPACE',''
  ) );
#7310 = PCURVE('',#3314,#7311);
#7311 = DEFINITIONAL_REPRESENTATION('',(#7312),#7316);
#7312 = CIRCLE('',#7313,8.);
#7313 = AXIS2_PLACEMENT_2D('',#7314,#7315);
#7314 = CARTESIAN_POINT('',(5.,7.5));
#7315 = DIRECTION('',(1.,0.));
#7316 = ( GEOMETRIC_REPRESENTATION_CONTEXT(2) 
PARAMETRIC_REPRESENTATION_CONTEXT() REPRESENTATION_CONTEXT('2D SPACE',''
  ) );
#7317 = ORIENTED_EDGE('',*,*,#3326,.F.);
#7318 = ADVANCED_FACE('',(#7319,#7345),#2881,.F.);
#7319 = FACE_BOUND('',#7320,.F.);
#7320 = EDGE_LOOP('',(#7321,#7342,#7343,#7344));
#7321 = ORIENTED_EDGE('',*,*,#7322,.T.);
#7322 = EDGE_CURVE('',#3174,#2838,#7323,.T.);
#7323 = SURFACE_CURVE('',#7324,(#7328,#7335),.PCURVE_S1.);
#7324 = LINE('',#7325,#7326);
#7325 = CARTESIAN_POINT('',(18.5,65.,45.9));
#7326 = VECTOR('',#7327,1.);
#7327 = DIRECTION('',(1.,0.,0.));
#7328 = PCURVE('',#2881,#7329);
#7329 = DEFINITIONAL_REPRESENTATION('',(#7330),#7334);
#7330 = LINE('',#7331,#7332);
#7331 = CARTESIAN_POINT('',(23.,-4.));
#7332 = VECTOR('',#7333,1.);
#7333 = DIRECTION('',(0.,1.));
#7334 = ( GEOMETRIC_REPRESENTATION_CONTEXT(2) 
PARAMETRIC_REPRESENTATION_CONTEXT() REPRESENTATION_CONTEXT('2D SPACE',''
  ) );
#7335 = PCURVE('',#2853,#7336);
#7336 = DEFINITIONAL_REPRESENTATION('',(#7337),#7341);
#7337 = LINE('',#7338,#7339);
#7338 = CARTESIAN_POINT('',(4.,20.));
#7339 = VECTOR('',#7340,1.);
#7340 = DIRECTION('',(1.,0.));
#7341 = ( GEOMETRIC_REPRESENTATION_CONTEXT(2) 
PARAMETRIC_REPRESENTATION_CONTEXT() REPRESENTATION_CONTEXT('2D SPACE',''
  ) );
#7342 = ORIENTED_EDGE('',*,*,#2865,.T.);
#7343 = ORIENTED_EDGE('',*,*,#7221,.T.);
#7344 = ORIENTED_EDGE('',*,*,#3196,.T.);
#7345 = FACE_BOUND('',#7346,.F.);
#7346 = EDGE_LOOP('',(#7347));
#7347 = ORIENTED_EDGE('',*,*,#7348,.F.);
#7348 = EDGE_CURVE('',#7349,#7349,#7351,.T.);
#7349 = VERTEX_POINT('',#7350);
#7350 = CARTESIAN_POINT('',(22.5,18.2,45.9));
#7351 = SURFACE_CURVE('',#7352,(#7357,#7364),.PCURVE_S1.);
#7352 = CIRCLE('',#7353,3.2);
#7353 = AXIS2_PLACEMENT_3D('',#7354,#7355,#7356);
#7354 = CARTESIAN_POINT('',(22.5,15.,45.9));
#7355 = DIRECTION('',(0.,1.110223024625E-16,-1.));
#7356 = DIRECTION('',(0.,1.,1.110223024625E-16));
#7357 = PCURVE('',#2881,#7358);
#7358 = DEFINITIONAL_REPRESENTATION('',(#7359),#7363);
#7359 = CIRCLE('',#7360,3.2);
#7360 = AXIS2_PLACEMENT_2D('',#7361,#7362);
#7361 = CARTESIAN_POINT('',(-27.,0.));
#7362 = DIRECTION('',(1.,0.));
#7363 = ( GEOMETRIC_REPRESENTATION_CONTEXT(2) 
PARAMETRIC_REPRESENTATION_CONTEXT() REPRESENTATION_CONTEXT('2D SPACE',''
  ) );
#7364 = PCURVE('',#7204,#7365);
#7365 = DEFINITIONAL_REPRESENTATION('',(#7366),#7370);
#7366 = LINE('',#7367,#7368);
#7367 = CARTESIAN_POINT('',(0.,1.));
#7368 = VECTOR('',#7369,1.);
#7369 = DIRECTION('',(1.,0.));
#7370 = ( GEOMETRIC_REPRESENTATION_CONTEXT(2) 
PARAMETRIC_REPRESENTATION_CONTEXT() REPRESENTATION_CONTEXT('2D SPACE',''
  ) );
#7371 = ADVANCED_FACE('',(#7372),#2853,.F.);
#7372 = FACE_BOUND('',#7373,.F.);
#7373 = EDGE_LOOP('',(#7374,#7375,#7396,#7397));
#7374 = ORIENTED_EDGE('',*,*,#3173,.F.);
#7375 = ORIENTED_EDGE('',*,*,#7376,.T.);
#7376 = EDGE_CURVE('',#3151,#2810,#7377,.T.);
#7377 = SURFACE_CURVE('',#7378,(#7382,#7389),.PCURVE_S1.);
#7378 = LINE('',#7379,#7380);
#7379 = CARTESIAN_POINT('',(18.5,65.,59.9));
#7380 = VECTOR('',#7381,1.);
#7381 = DIRECTION('',(1.,0.,0.));
#7382 = PCURVE('',#2853,#7383);
#7383 = DEFINITIONAL_REPRESENTATION('',(#7384),#7388);
#7384 = LINE('',#7385,#7386);
#7385 = CARTESIAN_POINT('',(4.,6.));
#7386 = VECTOR('',#7387,1.);
#7387 = DIRECTION('',(1.,0.));
#7388 = ( GEOMETRIC_REPRESENTATION_CONTEXT(2) 
PARAMETRIC_REPRESENTATION_CONTEXT() REPRESENTATION_CONTEXT('2D SPACE',''
  ) );
#7389 = PCURVE('',#2825,#7390);
#7390 = DEFINITIONAL_REPRESENTATION('',(#7391),#7395);
#7391 = LINE('',#7392,#7393);
#7392 = CARTESIAN_POINT('',(23.,-4.));
#7393 = VECTOR('',#7394,1.);
#7394 = DIRECTION('',(0.,1.));
#7395 = ( GEOMETRIC_REPRESENTATION_CONTEXT(2) 
PARAMETRIC_REPRESENTATION_CONTEXT() REPRESENTATION_CONTEXT('2D SPACE',''
  ) );
#7396 = ORIENTED_EDGE('',*,*,#2837,.T.);
#7397 = ORIENTED_EDGE('',*,*,#7322,.F.);
#7398 = ADVANCED_FACE('',(#7399,#7685,#7720),#2825,.T.);
#7399 = FACE_BOUND('',#7400,.T.);
#7400 = EDGE_LOOP('',(#7401,#7402,#7403,#7427,#7455,#7483,#7516,#7544,
    #7573,#7601,#7634,#7663,#7684));
#7401 = ORIENTED_EDGE('',*,*,#7376,.T.);
#7402 = ORIENTED_EDGE('',*,*,#2809,.T.);
#7403 = ORIENTED_EDGE('',*,*,#7404,.T.);
#7404 = EDGE_CURVE('',#2782,#7405,#7407,.T.);
#7405 = VERTEX_POINT('',#7406);
#7406 = CARTESIAN_POINT('',(14.5,15.,59.9));
#7407 = SURFACE_CURVE('',#7408,(#7413,#7420),.PCURVE_S1.);
#7408 = CIRCLE('',#7409,8.);
#7409 = AXIS2_PLACEMENT_3D('',#7410,#7411,#7412);
#7410 = CARTESIAN_POINT('',(22.5,15.,59.9));
#7411 = DIRECTION('',(0.,1.110223024625E-16,-1.));
#7412 = DIRECTION('',(0.,1.,1.110223024625E-16));
#7413 = PCURVE('',#2825,#7414);
#7414 = DEFINITIONAL_REPRESENTATION('',(#7415),#7419);
#7415 = CIRCLE('',#7416,8.);
#7416 = AXIS2_PLACEMENT_2D('',#7417,#7418);
#7417 = CARTESIAN_POINT('',(-27.,0.));
#7418 = DIRECTION('',(1.,0.));
#7419 = ( GEOMETRIC_REPRESENTATION_CONTEXT(2) 
PARAMETRIC_REPRESENTATION_CONTEXT() REPRESENTATION_CONTEXT('2D SPACE',''
  ) );
#7420 = PCURVE('',#2797,#7421);
#7421 = DEFINITIONAL_REPRESENTATION('',(#7422),#7426);
#7422 = LINE('',#7423,#7424);
#7423 = CARTESIAN_POINT('',(0.,6.));
#7424 = VECTOR('',#7425,1.);
#7425 = DIRECTION('',(1.,0.));
#7426 = ( GEOMETRIC_REPRESENTATION_CONTEXT(2) 
PARAMETRIC_REPRESENTATION_CONTEXT() REPRESENTATION_CONTEXT('2D SPACE',''
  ) );
#7427 = ORIENTED_EDGE('',*,*,#7428,.T.);
#7428 = EDGE_CURVE('',#7405,#7429,#7431,.T.);
#7429 = VERTEX_POINT('',#7430);
#7430 = CARTESIAN_POINT('',(14.5,26.,59.9));
#7431 = SURFACE_CURVE('',#7432,(#7436,#7443),.PCURVE_S1.);
#7432 = LINE('',#7433,#7434);
#7433 = CARTESIAN_POINT('',(14.5,15.,59.9));
#7434 = VECTOR('',#7435,1.);
#7435 = DIRECTION('',(0.,1.,1.110223024625E-16));
#7436 = PCURVE('',#2825,#7437);
#7437 = DEFINITIONAL_REPRESENTATION('',(#7438),#7442);
#7438 = LINE('',#7439,#7440);
#7439 = CARTESIAN_POINT('',(-27.,-8.));
#7440 = VECTOR('',#7441,1.);
#7441 = DIRECTION('',(1.,0.));
#7442 = ( GEOMETRIC_REPRESENTATION_CONTEXT(2) 
PARAMETRIC_REPRESENTATION_CONTEXT() REPRESENTATION_CONTEXT('2D SPACE',''
  ) );
#7443 = PCURVE('',#7444,#7449);
#7444 = PLANE('',#7445);
#7445 = AXIS2_PLACEMENT_3D('',#7446,#7447,#7448);
#7446 = CARTESIAN_POINT('',(14.5,15.,62.9));
#7447 = DIRECTION('',(-1.,0.,0.));
#7448 = DIRECTION('',(0.,1.,1.110223024625E-16));
#7449 = DEFINITIONAL_REPRESENTATION('',(#7450),#7454);
#7450 = LINE('',#7451,#7452);
#7451 = CARTESIAN_POINT('',(-3.330669073875E-16,3.));
#7452 = VECTOR('',#7453,1.);
#7453 = DIRECTION('',(1.,0.));
#7454 = ( GEOMETRIC_REPRESENTATION_CONTEXT(2) 
PARAMETRIC_REPRESENTATION_CONTEXT() REPRESENTATION_CONTEXT('2D SPACE',''
  ) );
#7455 = ORIENTED_EDGE('',*,*,#7456,.T.);
#7456 = EDGE_CURVE('',#7429,#7457,#7459,.T.);
#7457 = VERTEX_POINT('',#7458);
#7458 = CARTESIAN_POINT('',(11.682575694956,26.,59.9));
#7459 = SURFACE_CURVE('',#7460,(#7464,#7471),.PCURVE_S1.);
#7460 = LINE('',#7461,#7462);
#7461 = CARTESIAN_POINT('',(22.5,26.,59.9));
#7462 = VECTOR('',#7463,1.);
#7463 = DIRECTION('',(-1.,0.,0.));
#7464 = PCURVE('',#2825,#7465);
#7465 = DEFINITIONAL_REPRESENTATION('',(#7466),#7470);
#7466 = LINE('',#7467,#7468);
#7467 = CARTESIAN_POINT('',(-16.,0.));
#7468 = VECTOR('',#7469,1.);
#7469 = DIRECTION('',(0.,-1.));
#7470 = ( GEOMETRIC_REPRESENTATION_CONTEXT(2) 
PARAMETRIC_REPRESENTATION_CONTEXT() REPRESENTATION_CONTEXT('2D SPACE',''
  ) );
#7471 = PCURVE('',#7472,#7477);
#7472 = PLANE('',#7473);
#7473 = AXIS2_PLACEMENT_3D('',#7474,#7475,#7476);
#7474 = CARTESIAN_POINT('',(22.5,26.,62.9));
#7475 = DIRECTION('',(-0.,-1.,-1.110223024625E-16));
#7476 = DIRECTION('',(-1.,0.,0.));
#7477 = DEFINITIONAL_REPRESENTATION('',(#7478),#7482);
#7478 = LINE('',#7479,#7480);
#7479 = CARTESIAN_POINT('',(0.,3.));
#7480 = VECTOR('',#7481,1.);
#7481 = DIRECTION('',(1.,0.));
#7482 = ( GEOMETRIC_REPRESENTATION_CONTEXT(2) 
PARAMETRIC_REPRESENTATION_CONTEXT() REPRESENTATION_CONTEXT('2D SPACE',''
  ) );
#7483 = ORIENTED_EDGE('',*,*,#7484,.F.);
#7484 = EDGE_CURVE('',#7485,#7457,#7487,.T.);
#7485 = VERTEX_POINT('',#7486);
#7486 = CARTESIAN_POINT('',(12.1,24.,59.9));
#7487 = SURFACE_CURVE('',#7488,(#7493,#7504),.PCURVE_S1.);
#7488 = CIRCLE('',#7489,5.);
#7489 = AXIS2_PLACEMENT_3D('',#7490,#7491,#7492);
#7490 = CARTESIAN_POINT('',(7.1,24.,59.9));
#7491 = DIRECTION('',(0.,-1.110223024625E-16,1.));
#7492 = DIRECTION('',(1.,0.,0.));
#7493 = PCURVE('',#2825,#7494);
#7494 = DEFINITIONAL_REPRESENTATION('',(#7495),#7503);
#7495 = ( BOUNDED_CURVE() B_SPLINE_CURVE(2,(#7496,#7497,#7498,#7499,
#7500,#7501,#7502),.UNSPECIFIED.,.T.,.F.) B_SPLINE_CURVE_WITH_KNOTS((1,2
    ,2,2,2,1),(-2.094395102393,0.,2.094395102393,4.188790204786,
6.28318530718,8.377580409573),.UNSPECIFIED.) CURVE() 
GEOMETRIC_REPRESENTATION_ITEM() RATIONAL_B_SPLINE_CURVE((1.,0.5,1.,0.5,
1.,0.5,1.)) REPRESENTATION_ITEM('') );
#7496 = CARTESIAN_POINT('',(-18.,-10.4));
#7497 = CARTESIAN_POINT('',(-9.339745962156,-10.4));
#7498 = CARTESIAN_POINT('',(-13.66987298107,-17.9));
#7499 = CARTESIAN_POINT('',(-18.,-25.4));
#7500 = CARTESIAN_POINT('',(-22.33012701892,-17.9));
#7501 = CARTESIAN_POINT('',(-26.66025403784,-10.4));
#7502 = CARTESIAN_POINT('',(-18.,-10.4));
#7503 = ( GEOMETRIC_REPRESENTATION_CONTEXT(2) 
PARAMETRIC_REPRESENTATION_CONTEXT() REPRESENTATION_CONTEXT('2D SPACE',''
  ) );
#7504 = PCURVE('',#7505,#7510);
#7505 = CYLINDRICAL_SURFACE('',#7506,5.);
#7506 = AXIS2_PLACEMENT_3D('',#7507,#7508,#7509);
#7507 = CARTESIAN_POINT('',(7.1,24.,65.9));
#7508 = DIRECTION('',(0.,1.110223024625E-16,-1.));
#7509 = DIRECTION('',(0.,1.,1.110223024625E-16));
#7510 = DEFINITIONAL_REPRESENTATION('',(#7511),#7515);
#7511 = LINE('',#7512,#7513);
#7512 = CARTESIAN_POINT('',(7.853981633974,6.));
#7513 = VECTOR('',#7514,1.);
#7514 = DIRECTION('',(-1.,-0.));
#7515 = ( GEOMETRIC_REPRESENTATION_CONTEXT(2) 
PARAMETRIC_REPRESENTATION_CONTEXT() REPRESENTATION_CONTEXT('2D SPACE',''
  ) );
#7516 = ORIENTED_EDGE('',*,*,#7517,.T.);
#7517 = EDGE_CURVE('',#7485,#7518,#7520,.T.);
#7518 = VERTEX_POINT('',#7519);
#7519 = CARTESIAN_POINT('',(12.1,7.,59.9));
#7520 = SURFACE_CURVE('',#7521,(#7525,#7532),.PCURVE_S1.);
#7521 = LINE('',#7522,#7523);
#7522 = CARTESIAN_POINT('',(12.1,24.,59.9));
#7523 = VECTOR('',#7524,1.);
#7524 = DIRECTION('',(0.,-1.,-1.110223024625E-16));
#7525 = PCURVE('',#2825,#7526);
#7526 = DEFINITIONAL_REPRESENTATION('',(#7527),#7531);
#7527 = LINE('',#7528,#7529);
#7528 = CARTESIAN_POINT('',(-18.,-10.4));
#7529 = VECTOR('',#7530,1.);
#7530 = DIRECTION('',(-1.,0.));
#7531 = ( GEOMETRIC_REPRESENTATION_CONTEXT(2) 
PARAMETRIC_REPRESENTATION_CONTEXT() REPRESENTATION_CONTEXT('2D SPACE',''
  ) );
#7532 = PCURVE('',#7533,#7538);
#7533 = PLANE('',#7534);
#7534 = AXIS2_PLACEMENT_3D('',#7535,#7536,#7537);
#7535 = CARTESIAN_POINT('',(12.1,24.,62.9));
#7536 = DIRECTION('',(1.,0.,0.));
#7537 = DIRECTION('',(0.,-1.,-1.110223024625E-16));
#7538 = DEFINITIONAL_REPRESENTATION('',(#7539),#7543);
#7539 = LINE('',#7540,#7541);
#7540 = CARTESIAN_POINT('',(3.330669073875E-16,3.));
#7541 = VECTOR('',#7542,1.);
#7542 = DIRECTION('',(1.,0.));
#7543 = ( GEOMETRIC_REPRESENTATION_CONTEXT(2) 
PARAMETRIC_REPRESENTATION_CONTEXT() REPRESENTATION_CONTEXT('2D SPACE',''
  ) );
#7544 = ORIENTED_EDGE('',*,*,#7545,.T.);
#7545 = EDGE_CURVE('',#7518,#7546,#7548,.T.);
#7546 = VERTEX_POINT('',#7547);
#7547 = CARTESIAN_POINT('',(2.1,7.,59.9));
#7548 = SURFACE_CURVE('',#7549,(#7554,#7561),.PCURVE_S1.);
#7549 = CIRCLE('',#7550,5.);
#7550 = AXIS2_PLACEMENT_3D('',#7551,#7552,#7553);
#7551 = CARTESIAN_POINT('',(7.1,7.,59.9));
#7552 = DIRECTION('',(0.,1.110223024625E-16,-1.));
#7553 = DIRECTION('',(0.,1.,1.110223024625E-16));
#7554 = PCURVE('',#2825,#7555);
#7555 = DEFINITIONAL_REPRESENTATION('',(#7556),#7560);
#7556 = CIRCLE('',#7557,5.);
#7557 = AXIS2_PLACEMENT_2D('',#7558,#7559);
#7558 = CARTESIAN_POINT('',(-35.,-15.4));
#7559 = DIRECTION('',(1.,0.));
#7560 = ( GEOMETRIC_REPRESENTATION_CONTEXT(2) 
PARAMETRIC_REPRESENTATION_CONTEXT() REPRESENTATION_CONTEXT('2D SPACE',''
  ) );
#7561 = PCURVE('',#7562,#7567);
#7562 = CYLINDRICAL_SURFACE('',#7563,5.);
#7563 = AXIS2_PLACEMENT_3D('',#7564,#7565,#7566);
#7564 = CARTESIAN_POINT('',(7.1,7.,65.9));
#7565 = DIRECTION('',(0.,1.110223024625E-16,-1.));
#7566 = DIRECTION('',(0.,1.,1.110223024625E-16));
#7567 = DEFINITIONAL_REPRESENTATION('',(#7568),#7572);
#7568 = LINE('',#7569,#7570);
#7569 = CARTESIAN_POINT('',(0.,6.));
#7570 = VECTOR('',#7571,1.);
#7571 = DIRECTION('',(1.,0.));
#7572 = ( GEOMETRIC_REPRESENTATION_CONTEXT(2) 
PARAMETRIC_REPRESENTATION_CONTEXT() REPRESENTATION_CONTEXT('2D SPACE',''
  ) );
#7573 = ORIENTED_EDGE('',*,*,#7574,.T.);
#7574 = EDGE_CURVE('',#7546,#7575,#7577,.T.);
#7575 = VERTEX_POINT('',#7576);
#7576 = CARTESIAN_POINT('',(2.1,24.,59.9));
#7577 = SURFACE_CURVE('',#7578,(#7582,#7589),.PCURVE_S1.);
#7578 = LINE('',#7579,#7580);
#7579 = CARTESIAN_POINT('',(2.1,7.,59.9));
#7580 = VECTOR('',#7581,1.);
#7581 = DIRECTION('',(0.,1.,1.110223024625E-16));
#7582 = PCURVE('',#2825,#7583);
#7583 = DEFINITIONAL_REPRESENTATION('',(#7584),#7588);
#7584 = LINE('',#7585,#7586);
#7585 = CARTESIAN_POINT('',(-35.,-20.4));
#7586 = VECTOR('',#7587,1.);
#7587 = DIRECTION('',(1.,0.));
#7588 = ( GEOMETRIC_REPRESENTATION_CONTEXT(2) 
PARAMETRIC_REPRESENTATION_CONTEXT() REPRESENTATION_CONTEXT('2D SPACE',''
  ) );
#7589 = PCURVE('',#7590,#7595);
#7590 = PLANE('',#7591);
#7591 = AXIS2_PLACEMENT_3D('',#7592,#7593,#7594);
#7592 = CARTESIAN_POINT('',(2.1,7.,62.9));
#7593 = DIRECTION('',(-1.,0.,0.));
#7594 = DIRECTION('',(0.,1.,1.110223024625E-16));
#7595 = DEFINITIONAL_REPRESENTATION('',(#7596),#7600);
#7596 = LINE('',#7597,#7598);
#7597 = CARTESIAN_POINT('',(-3.330669073875E-16,3.));
#7598 = VECTOR('',#7599,1.);
#7599 = DIRECTION('',(1.,0.));
#7600 = ( GEOMETRIC_REPRESENTATION_CONTEXT(2) 
PARAMETRIC_REPRESENTATION_CONTEXT() REPRESENTATION_CONTEXT('2D SPACE',''
  ) );
#7601 = ORIENTED_EDGE('',*,*,#7602,.F.);
#7602 = EDGE_CURVE('',#7603,#7575,#7605,.T.);
#7603 = VERTEX_POINT('',#7604);
#7604 = CARTESIAN_POINT('',(3.529285785728,27.5,59.9));
#7605 = SURFACE_CURVE('',#7606,(#7611,#7622),.PCURVE_S1.);
#7606 = CIRCLE('',#7607,5.);
#7607 = AXIS2_PLACEMENT_3D('',#7608,#7609,#7610);
#7608 = CARTESIAN_POINT('',(7.1,24.,59.9));
#7609 = DIRECTION('',(0.,-1.110223024625E-16,1.));
#7610 = DIRECTION('',(1.,0.,0.));
#7611 = PCURVE('',#2825,#7612);
#7612 = DEFINITIONAL_REPRESENTATION('',(#7613),#7621);
#7613 = ( BOUNDED_CURVE() B_SPLINE_CURVE(2,(#7614,#7615,#7616,#7617,
#7618,#7619,#7620),.UNSPECIFIED.,.T.,.F.) B_SPLINE_CURVE_WITH_KNOTS((1,2
    ,2,2,2,1),(-2.094395102393,0.,2.094395102393,4.188790204786,
6.28318530718,8.377580409573),.UNSPECIFIED.) CURVE() 
GEOMETRIC_REPRESENTATION_ITEM() RATIONAL_B_SPLINE_CURVE((1.,0.5,1.,0.5,
1.,0.5,1.)) REPRESENTATION_ITEM('') );
#7614 = CARTESIAN_POINT('',(-18.,-10.4));
#7615 = CARTESIAN_POINT('',(-9.339745962156,-10.4));
#7616 = CARTESIAN_POINT('',(-13.66987298107,-17.9));
#7617 = CARTESIAN_POINT('',(-18.,-25.4));
#7618 = CARTESIAN_POINT('',(-22.33012701892,-17.9));
#7619 = CARTESIAN_POINT('',(-26.66025403784,-10.4));
#7620 = CARTESIAN_POINT('',(-18.,-10.4));
#7621 = ( GEOMETRIC_REPRESENTATION_CONTEXT(2) 
PARAMETRIC_REPRESENTATION_CONTEXT() REPRESENTATION_CONTEXT('2D SPACE',''
  ) );
#7622 = PCURVE('',#7623,#7628);
#7623 = CYLINDRICAL_SURFACE('',#7624,5.);
#7624 = AXIS2_PLACEMENT_3D('',#7625,#7626,#7627);
#7625 = CARTESIAN_POINT('',(7.1,24.,65.9));
#7626 = DIRECTION('',(0.,1.110223024625E-16,-1.));
#7627 = DIRECTION('',(0.,1.,1.110223024625E-16));
#7628 = DEFINITIONAL_REPRESENTATION('',(#7629),#7633);
#7629 = LINE('',#7630,#7631);
#7630 = CARTESIAN_POINT('',(7.853981633974,6.));
#7631 = VECTOR('',#7632,1.);
#7632 = DIRECTION('',(-1.,-0.));
#7633 = ( GEOMETRIC_REPRESENTATION_CONTEXT(2) 
PARAMETRIC_REPRESENTATION_CONTEXT() REPRESENTATION_CONTEXT('2D SPACE',''
  ) );
#7634 = ORIENTED_EDGE('',*,*,#7635,.T.);
#7635 = EDGE_CURVE('',#7603,#7636,#7638,.T.);
#7636 = VERTEX_POINT('',#7637);
#7637 = CARTESIAN_POINT('',(7.1,36.,59.9));
#7638 = SURFACE_CURVE('',#7639,(#7644,#7651),.PCURVE_S1.);
#7639 = CIRCLE('',#7640,5.);
#7640 = AXIS2_PLACEMENT_3D('',#7641,#7642,#7643);
#7641 = CARTESIAN_POINT('',(7.1,31.,59.9));
#7642 = DIRECTION('',(0.,1.110223024625E-16,-1.));
#7643 = DIRECTION('',(0.,1.,1.110223024625E-16));
#7644 = PCURVE('',#2825,#7645);
#7645 = DEFINITIONAL_REPRESENTATION('',(#7646),#7650);
#7646 = CIRCLE('',#7647,5.);
#7647 = AXIS2_PLACEMENT_2D('',#7648,#7649);
#7648 = CARTESIAN_POINT('',(-11.,-15.4));
#7649 = DIRECTION('',(1.,0.));
#7650 = ( GEOMETRIC_REPRESENTATION_CONTEXT(2) 
PARAMETRIC_REPRESENTATION_CONTEXT() REPRESENTATION_CONTEXT('2D SPACE',''
  ) );
#7651 = PCURVE('',#7652,#7657);
#7652 = CYLINDRICAL_SURFACE('',#7653,5.);
#7653 = AXIS2_PLACEMENT_3D('',#7654,#7655,#7656);
#7654 = CARTESIAN_POINT('',(7.1,31.,65.9));
#7655 = DIRECTION('',(0.,1.110223024625E-16,-1.));
#7656 = DIRECTION('',(0.,1.,1.110223024625E-16));
#7657 = DEFINITIONAL_REPRESENTATION('',(#7658),#7662);
#7658 = LINE('',#7659,#7660);
#7659 = CARTESIAN_POINT('',(0.,6.));
#7660 = VECTOR('',#7661,1.);
#7661 = DIRECTION('',(1.,0.));
#7662 = ( GEOMETRIC_REPRESENTATION_CONTEXT(2) 
PARAMETRIC_REPRESENTATION_CONTEXT() REPRESENTATION_CONTEXT('2D SPACE',''
  ) );
#7663 = ORIENTED_EDGE('',*,*,#7664,.T.);
#7664 = EDGE_CURVE('',#7636,#3123,#7665,.T.);
#7665 = SURFACE_CURVE('',#7666,(#7670,#7677),.PCURVE_S1.);
#7666 = LINE('',#7667,#7668);
#7667 = CARTESIAN_POINT('',(7.1,36.,59.9));
#7668 = VECTOR('',#7669,1.);
#7669 = DIRECTION('',(1.,0.,0.));
#7670 = PCURVE('',#2825,#7671);
#7671 = DEFINITIONAL_REPRESENTATION('',(#7672),#7676);
#7672 = LINE('',#7673,#7674);
#7673 = CARTESIAN_POINT('',(-6.,-15.4));
#7674 = VECTOR('',#7675,1.);
#7675 = DIRECTION('',(0.,1.));
#7676 = ( GEOMETRIC_REPRESENTATION_CONTEXT(2) 
PARAMETRIC_REPRESENTATION_CONTEXT() REPRESENTATION_CONTEXT('2D SPACE',''
  ) );
#7677 = PCURVE('',#3138,#7678);
#7678 = DEFINITIONAL_REPRESENTATION('',(#7679),#7683);
#7679 = LINE('',#7680,#7681);
#7680 = CARTESIAN_POINT('',(0.,3.));
#7681 = VECTOR('',#7682,1.);
#7682 = DIRECTION('',(1.,0.));
#7683 = ( GEOMETRIC_REPRESENTATION_CONTEXT(2) 
PARAMETRIC_REPRESENTATION_CONTEXT() REPRESENTATION_CONTEXT('2D SPACE',''
  ) );
#7684 = ORIENTED_EDGE('',*,*,#3150,.T.);
#7685 = FACE_BOUND('',#7686,.T.);
#7686 = EDGE_LOOP('',(#7687));
#7687 = ORIENTED_EDGE('',*,*,#7688,.T.);
#7688 = EDGE_CURVE('',#7689,#7689,#7691,.T.);
#7689 = VERTEX_POINT('',#7690);
#7690 = CARTESIAN_POINT('',(22.5,18.2,59.9));
#7691 = SURFACE_CURVE('',#7692,(#7697,#7708),.PCURVE_S1.);
#7692 = CIRCLE('',#7693,3.2);
#7693 = AXIS2_PLACEMENT_3D('',#7694,#7695,#7696);
#7694 = CARTESIAN_POINT('',(22.5,15.,59.9));
#7695 = DIRECTION('',(0.,-1.110223024625E-16,1.));
#7696 = DIRECTION('',(-4.440892098501E-15,1.,1.110223024625E-16));
#7697 = PCURVE('',#2825,#7698);
#7698 = DEFINITIONAL_REPRESENTATION('',(#7699),#7707);
#7699 = ( BOUNDED_CURVE() B_SPLINE_CURVE(2,(#7700,#7701,#7702,#7703,
#7704,#7705,#7706),.UNSPECIFIED.,.T.,.F.) B_SPLINE_CURVE_WITH_KNOTS((1,2
    ,2,2,2,1),(-2.094395102393,0.,2.094395102393,4.188790204786,
6.28318530718,8.377580409573),.UNSPECIFIED.) CURVE() 
GEOMETRIC_REPRESENTATION_ITEM() RATIONAL_B_SPLINE_CURVE((1.,0.5,1.,0.5,
1.,0.5,1.)) REPRESENTATION_ITEM('') );
#7700 = CARTESIAN_POINT('',(-23.8,-9.466330862652E-30));
#7701 = CARTESIAN_POINT('',(-23.8,-5.54256258422));
#7702 = CARTESIAN_POINT('',(-28.6,-2.77128129211));
#7703 = CARTESIAN_POINT('',(-33.4,4.184879019415E-14));
#7704 = CARTESIAN_POINT('',(-28.6,2.77128129211));
#7705 = CARTESIAN_POINT('',(-23.8,5.54256258422));
#7706 = CARTESIAN_POINT('',(-23.8,-9.466330862652E-30));
#7707 = ( GEOMETRIC_REPRESENTATION_CONTEXT(2) 
PARAMETRIC_REPRESENTATION_CONTEXT() REPRESENTATION_CONTEXT('2D SPACE',''
  ) );
#7708 = PCURVE('',#7709,#7714);
#7709 = CYLINDRICAL_SURFACE('',#7710,3.2);
#7710 = AXIS2_PLACEMENT_3D('',#7711,#7712,#7713);
#7711 = CARTESIAN_POINT('',(22.5,15.,66.9));
#7712 = DIRECTION('',(0.,1.110223024625E-16,-1.));
#7713 = DIRECTION('',(0.,1.,1.110223024625E-16));
#7714 = DEFINITIONAL_REPRESENTATION('',(#7715),#7719);
#7715 = LINE('',#7716,#7717);
#7716 = CARTESIAN_POINT('',(6.28318530718,7.));
#7717 = VECTOR('',#7718,1.);
#7718 = DIRECTION('',(-1.,-0.));
#7719 = ( GEOMETRIC_REPRESENTATION_CONTEXT(2) 
PARAMETRIC_REPRESENTATION_CONTEXT() REPRESENTATION_CONTEXT('2D SPACE',''
  ) );
#7720 = FACE_BOUND('',#7721,.T.);
#7721 = EDGE_LOOP('',(#7722,#7753,#7782,#7811,#7840,#7869,#7898,#7927,
    #7956,#7985,#8014,#8043,#8072,#8101,#8130,#8159,#8188,#8217,#8246,
    #8275,#8304,#8333,#8362,#8391,#8420,#8449,#8478,#8507,#8536,#8565,
    #8594,#8623,#8652,#8681,#8710,#8739,#8768,#8797,#8826,#8855,#8888,
    #8917,#8946,#8975,#9004,#9033,#9062,#9091,#9120,#9149,#9178,#9207,
    #9236,#9265,#9294,#9323,#9352,#9381,#9410,#9439,#9468,#9497,#9526,
    #9555,#9584,#9613,#9642,#9671,#9700,#9729,#9758,#9787,#9816,#9845,
    #9874,#9903,#9932,#9961,#9990,#10019));
#7722 = ORIENTED_EDGE('',*,*,#7723,.F.);
#7723 = EDGE_CURVE('',#7724,#7726,#7728,.T.);
#7724 = VERTEX_POINT('',#7725);
#7725 = CARTESIAN_POINT('',(10.41309947933,10.202052648425,59.9));
#7726 = VERTEX_POINT('',#7727);
#7727 = CARTESIAN_POINT('',(10.523727868075,9.932222498261,59.9));
#7728 = SURFACE_CURVE('',#7729,(#7734,#7741),.PCURVE_S1.);
#7729 = CIRCLE('',#7730,3.);
#7730 = AXIS2_PLACEMENT_3D('',#7731,#7732,#7733);
#7731 = CARTESIAN_POINT('',(7.695931525806,8.930440163293,59.9));
#7732 = DIRECTION('',(0.,1.110223024625E-16,-1.));
#7733 = DIRECTION('',(0.,1.,1.110223024625E-16));
#7734 = PCURVE('',#2825,#7735);
#7735 = DEFINITIONAL_REPRESENTATION('',(#7736),#7740);
#7736 = CIRCLE('',#7737,3.);
#7737 = AXIS2_PLACEMENT_2D('',#7738,#7739);
#7738 = CARTESIAN_POINT('',(-33.0695598367,-14.80406847419));
#7739 = DIRECTION('',(1.,0.));
#7740 = ( GEOMETRIC_REPRESENTATION_CONTEXT(2) 
PARAMETRIC_REPRESENTATION_CONTEXT() REPRESENTATION_CONTEXT('2D SPACE',''
  ) );
#7741 = PCURVE('',#7742,#7747);
#7742 = CYLINDRICAL_SURFACE('',#7743,3.);
#7743 = AXIS2_PLACEMENT_3D('',#7744,#7745,#7746);
#7744 = CARTESIAN_POINT('',(7.695931525806,8.930440163293,66.9));
#7745 = DIRECTION('',(0.,1.110223024625E-16,-1.));
#7746 = DIRECTION('',(0.,1.,1.110223024625E-16));
#7747 = DEFINITIONAL_REPRESENTATION('',(#7748),#7752);
#7748 = LINE('',#7749,#7750);
#7749 = CARTESIAN_POINT('',(0.,7.));
#7750 = VECTOR('',#7751,1.);
#7751 = DIRECTION('',(1.,0.));
#7752 = ( GEOMETRIC_REPRESENTATION_CONTEXT(2) 
PARAMETRIC_REPRESENTATION_CONTEXT() REPRESENTATION_CONTEXT('2D SPACE',''
  ) );
#7753 = ORIENTED_EDGE('',*,*,#7754,.F.);
#7754 = EDGE_CURVE('',#7755,#7724,#7757,.T.);
#7755 = VERTEX_POINT('',#7756);
#7756 = CARTESIAN_POINT('',(10.308549577835,10.474295680344,59.9));
#7757 = SURFACE_CURVE('',#7758,(#7763,#7770),.PCURVE_S1.);
#7758 = CIRCLE('',#7759,3.);
#7759 = AXIS2_PLACEMENT_3D('',#7760,#7761,#7762);
#7760 = CARTESIAN_POINT('',(7.563550223105,9.263932700684,59.9));
#7761 = DIRECTION('',(0.,1.110223024625E-16,-1.));
#7762 = DIRECTION('',(0.,1.,1.110223024625E-16));
#7763 = PCURVE('',#2825,#7764);
#7764 = DEFINITIONAL_REPRESENTATION('',(#7765),#7769);
#7765 = CIRCLE('',#7766,3.);
#7766 = AXIS2_PLACEMENT_2D('',#7767,#7768);
#7767 = CARTESIAN_POINT('',(-32.73606729931,-14.93644977689));
#7768 = DIRECTION('',(1.,0.));
#7769 = ( GEOMETRIC_REPRESENTATION_CONTEXT(2) 
PARAMETRIC_REPRESENTATION_CONTEXT() REPRESENTATION_CONTEXT('2D SPACE',''
  ) );
#7770 = PCURVE('',#7771,#7776);
#7771 = CYLINDRICAL_SURFACE('',#7772,3.);
#7772 = AXIS2_PLACEMENT_3D('',#7773,#7774,#7775);
#7773 = CARTESIAN_POINT('',(7.563550223105,9.263932700684,66.9));
#7774 = DIRECTION('',(0.,1.110223024625E-16,-1.));
#7775 = DIRECTION('',(0.,1.,1.110223024625E-16));
#7776 = DEFINITIONAL_REPRESENTATION('',(#7777),#7781);
#7777 = LINE('',#7778,#7779);
#7778 = CARTESIAN_POINT('',(0.,7.));
#7779 = VECTOR('',#7780,1.);
#7780 = DIRECTION('',(1.,0.));
#7781 = ( GEOMETRIC_REPRESENTATION_CONTEXT(2) 
PARAMETRIC_REPRESENTATION_CONTEXT() REPRESENTATION_CONTEXT('2D SPACE',''
  ) );
#7782 = ORIENTED_EDGE('',*,*,#7783,.F.);
#7783 = EDGE_CURVE('',#7784,#7755,#7786,.T.);
#7784 = VERTEX_POINT('',#7785);
#7785 = CARTESIAN_POINT('',(10.210130741601,10.748814683347,59.9));
#7786 = SURFACE_CURVE('',#7787,(#7792,#7799),.PCURVE_S1.);
#7787 = CIRCLE('',#7788,3.);
#7788 = AXIS2_PLACEMENT_3D('',#7789,#7790,#7791);
#7789 = CARTESIAN_POINT('',(7.438680442431,9.600309899189,59.9));
#7790 = DIRECTION('',(0.,1.110223024625E-16,-1.));
#7791 = DIRECTION('',(0.,1.,1.110223024625E-16));
#7792 = PCURVE('',#2825,#7793);
#7793 = DEFINITIONAL_REPRESENTATION('',(#7794),#7798);
#7794 = CIRCLE('',#7795,3.);
#7795 = AXIS2_PLACEMENT_2D('',#7796,#7797);
#7796 = CARTESIAN_POINT('',(-32.39969010081,-15.06131955756));
#7797 = DIRECTION('',(1.,0.));
#7798 = ( GEOMETRIC_REPRESENTATION_CONTEXT(2) 
PARAMETRIC_REPRESENTATION_CONTEXT() REPRESENTATION_CONTEXT('2D SPACE',''
  ) );
#7799 = PCURVE('',#7800,#7805);
#7800 = CYLINDRICAL_SURFACE('',#7801,3.);
#7801 = AXIS2_PLACEMENT_3D('',#7802,#7803,#7804);
#7802 = CARTESIAN_POINT('',(7.438680442431,9.600309899189,66.9));
#7803 = DIRECTION('',(0.,1.110223024625E-16,-1.));
#7804 = DIRECTION('',(0.,1.,1.110223024625E-16));
#7805 = DEFINITIONAL_REPRESENTATION('',(#7806),#7810);
#7806 = LINE('',#7807,#7808);
#7807 = CARTESIAN_POINT('',(0.,7.));
#7808 = VECTOR('',#7809,1.);
#7809 = DIRECTION('',(1.,0.));
#7810 = ( GEOMETRIC_REPRESENTATION_CONTEXT(2) 
PARAMETRIC_REPRESENTATION_CONTEXT() REPRESENTATION_CONTEXT('2D SPACE',''
  ) );
#7811 = ORIENTED_EDGE('',*,*,#7812,.F.);
#7812 = EDGE_CURVE('',#7813,#7784,#7815,.T.);
#7813 = VERTEX_POINT('',#7814);
#7814 = CARTESIAN_POINT('',(10.117892465344,11.025471602154,59.9));
#7815 = SURFACE_CURVE('',#7816,(#7821,#7828),.PCURVE_S1.);
#7816 = CIRCLE('',#7817,3.);
#7817 = AXIS2_PLACEMENT_3D('',#7818,#7819,#7820);
#7818 = CARTESIAN_POINT('',(7.321384980642,9.939402595135,59.9));
#7819 = DIRECTION('',(0.,1.110223024625E-16,-1.));
#7820 = DIRECTION('',(0.,1.,1.110223024625E-16));
#7821 = PCURVE('',#2825,#7822);
#7822 = DEFINITIONAL_REPRESENTATION('',(#7823),#7827);
#7823 = CIRCLE('',#7824,3.);
#7824 = AXIS2_PLACEMENT_2D('',#7825,#7826);
#7825 = CARTESIAN_POINT('',(-32.06059740486,-15.17861501935));
#7826 = DIRECTION('',(1.,0.));
#7827 = ( GEOMETRIC_REPRESENTATION_CONTEXT(2) 
PARAMETRIC_REPRESENTATION_CONTEXT() REPRESENTATION_CONTEXT('2D SPACE',''
  ) );
#7828 = PCURVE('',#7829,#7834);
#7829 = CYLINDRICAL_SURFACE('',#7830,3.);
#7830 = AXIS2_PLACEMENT_3D('',#7831,#7832,#7833);
#7831 = CARTESIAN_POINT('',(7.321384980642,9.939402595135,66.9));
#7832 = DIRECTION('',(0.,1.110223024625E-16,-1.));
#7833 = DIRECTION('',(0.,1.,1.110223024625E-16));
#7834 = DEFINITIONAL_REPRESENTATION('',(#7835),#7839);
#7835 = LINE('',#7836,#7837);
#7836 = CARTESIAN_POINT('',(0.,7.));
#7837 = VECTOR('',#7838,1.);
#7838 = DIRECTION('',(1.,0.));
#7839 = ( GEOMETRIC_REPRESENTATION_CONTEXT(2) 
PARAMETRIC_REPRESENTATION_CONTEXT() REPRESENTATION_CONTEXT('2D SPACE',''
  ) );
#7840 = ORIENTED_EDGE('',*,*,#7841,.F.);
#7841 = EDGE_CURVE('',#7842,#7813,#7844,.T.);
#7842 = VERTEX_POINT('',#7843);
#7843 = CARTESIAN_POINT('',(10.031881135574,11.304127306358,59.9));
#7844 = SURFACE_CURVE('',#7845,(#7850,#7857),.PCURVE_S1.);
#7845 = CIRCLE('',#7846,3.);
#7846 = AXIS2_PLACEMENT_3D('',#7847,#7848,#7849);
#7847 = CARTESIAN_POINT('',(7.21172282548,10.281040259226,59.9));
#7848 = DIRECTION('',(0.,1.110223024625E-16,-1.));
#7849 = DIRECTION('',(0.,1.,1.110223024625E-16));
#7850 = PCURVE('',#2825,#7851);
#7851 = DEFINITIONAL_REPRESENTATION('',(#7852),#7856);
#7852 = CIRCLE('',#7853,3.);
#7853 = AXIS2_PLACEMENT_2D('',#7854,#7855);
#7854 = CARTESIAN_POINT('',(-31.71895974077,-15.28827717452));
#7855 = DIRECTION('',(1.,0.));
#7856 = ( GEOMETRIC_REPRESENTATION_CONTEXT(2) 
PARAMETRIC_REPRESENTATION_CONTEXT() REPRESENTATION_CONTEXT('2D SPACE',''
  ) );
#7857 = PCURVE('',#7858,#7863);
#7858 = CYLINDRICAL_SURFACE('',#7859,3.);
#7859 = AXIS2_PLACEMENT_3D('',#7860,#7861,#7862);
#7860 = CARTESIAN_POINT('',(7.21172282548,10.281040259226,66.9));
#7861 = DIRECTION('',(0.,1.110223024625E-16,-1.));
#7862 = DIRECTION('',(0.,1.,1.110223024625E-16));
#7863 = DEFINITIONAL_REPRESENTATION('',(#7864),#7868);
#7864 = LINE('',#7865,#7866);
#7865 = CARTESIAN_POINT('',(0.,7.));
#7866 = VECTOR('',#7867,1.);
#7867 = DIRECTION('',(1.,0.));
#7868 = ( GEOMETRIC_REPRESENTATION_CONTEXT(2) 
PARAMETRIC_REPRESENTATION_CONTEXT() REPRESENTATION_CONTEXT('2D SPACE',''
  ) );
#7869 = ORIENTED_EDGE('',*,*,#7870,.F.);
#7870 = EDGE_CURVE('',#7871,#7842,#7873,.T.);
#7871 = VERTEX_POINT('',#7872);
#7872 = CARTESIAN_POINT('',(9.952140007285,11.584641660338,59.9));
#7873 = SURFACE_CURVE('',#7874,(#7879,#7886),.PCURVE_S1.);
#7874 = CIRCLE('',#7875,3.);
#7875 = AXIS2_PLACEMENT_3D('',#7876,#7877,#7878);
#7876 = CARTESIAN_POINT('',(7.109749125906,10.625051082304,59.9));
#7877 = DIRECTION('',(0.,1.110223024625E-16,-1.));
#7878 = DIRECTION('',(0.,1.,1.110223024625E-16));
#7879 = PCURVE('',#2825,#7880);
#7880 = DEFINITIONAL_REPRESENTATION('',(#7881),#7885);
#7881 = CIRCLE('',#7882,3.);
#7882 = AXIS2_PLACEMENT_2D('',#7883,#7884);
#7883 = CARTESIAN_POINT('',(-31.37494891769,-15.39025087409));
#7884 = DIRECTION('',(1.,0.));
#7885 = ( GEOMETRIC_REPRESENTATION_CONTEXT(2) 
PARAMETRIC_REPRESENTATION_CONTEXT() REPRESENTATION_CONTEXT('2D SPACE',''
  ) );
#7886 = PCURVE('',#7887,#7892);
#7887 = CYLINDRICAL_SURFACE('',#7888,3.);
#7888 = AXIS2_PLACEMENT_3D('',#7889,#7890,#7891);
#7889 = CARTESIAN_POINT('',(7.109749125906,10.625051082304,66.9));
#7890 = DIRECTION('',(0.,1.110223024625E-16,-1.));
#7891 = DIRECTION('',(0.,1.,1.110223024625E-16));
#7892 = DEFINITIONAL_REPRESENTATION('',(#7893),#7897);
#7893 = LINE('',#7894,#7895);
#7894 = CARTESIAN_POINT('',(0.,7.));
#7895 = VECTOR('',#7896,1.);
#7896 = DIRECTION('',(1.,0.));
#7897 = ( GEOMETRIC_REPRESENTATION_CONTEXT(2) 
PARAMETRIC_REPRESENTATION_CONTEXT() REPRESENTATION_CONTEXT('2D SPACE',''
  ) );
#7898 = ORIENTED_EDGE('',*,*,#7899,.F.);
#7899 = EDGE_CURVE('',#7900,#7871,#7902,.T.);
#7900 = VERTEX_POINT('',#7901);
#7901 = CARTESIAN_POINT('',(9.878709182189,11.866873593789,59.9));
#7902 = SURFACE_CURVE('',#7903,(#7908,#7915),.PCURVE_S1.);
#7903 = CIRCLE('',#7904,3.);
#7904 = AXIS2_PLACEMENT_3D('',#7905,#7906,#7907);
#7905 = CARTESIAN_POINT('',(7.015515164367,10.971262061756,59.9));
#7906 = DIRECTION('',(0.,1.110223024625E-16,-1.));
#7907 = DIRECTION('',(0.,1.,1.110223024625E-16));
#7908 = PCURVE('',#2825,#7909);
#7909 = DEFINITIONAL_REPRESENTATION('',(#7910),#7914);
#7910 = CIRCLE('',#7911,3.);
#7911 = AXIS2_PLACEMENT_2D('',#7912,#7913);
#7912 = CARTESIAN_POINT('',(-31.02873793824,-15.48448483563));
#7913 = DIRECTION('',(1.,0.));
#7914 = ( GEOMETRIC_REPRESENTATION_CONTEXT(2) 
PARAMETRIC_REPRESENTATION_CONTEXT() REPRESENTATION_CONTEXT('2D SPACE',''
  ) );
#7915 = PCURVE('',#7916,#7921);
#7916 = CYLINDRICAL_SURFACE('',#7917,3.);
#7917 = AXIS2_PLACEMENT_3D('',#7918,#7919,#7920);
#7918 = CARTESIAN_POINT('',(7.015515164367,10.971262061756,66.9));
#7919 = DIRECTION('',(0.,1.110223024625E-16,-1.));
#7920 = DIRECTION('',(0.,1.,1.110223024625E-16));
#7921 = DEFINITIONAL_REPRESENTATION('',(#7922),#7926);
#7922 = LINE('',#7923,#7924);
#7923 = CARTESIAN_POINT('',(0.,7.));
#7924 = VECTOR('',#7925,1.);
#7925 = DIRECTION('',(1.,0.));
#7926 = ( GEOMETRIC_REPRESENTATION_CONTEXT(2) 
PARAMETRIC_REPRESENTATION_CONTEXT() REPRESENTATION_CONTEXT('2D SPACE',''
  ) );
#7927 = ORIENTED_EDGE('',*,*,#7928,.F.);
#7928 = EDGE_CURVE('',#7929,#7900,#7931,.T.);
#7929 = VERTEX_POINT('',#7930);
#7930 = CARTESIAN_POINT('',(9.811625588556,12.150681172615,59.9));
#7931 = SURFACE_CURVE('',#7932,(#7937,#7944),.PCURVE_S1.);
#7932 = CIRCLE('',#7933,3.);
#7933 = AXIS2_PLACEMENT_3D('',#7934,#7935,#7936);
#7934 = CARTESIAN_POINT('',(6.929068331005,11.319499088509,59.9));
#7935 = DIRECTION('',(0.,1.110223024625E-16,-1.));
#7936 = DIRECTION('',(0.,1.,1.110223024625E-16));
#7937 = PCURVE('',#2825,#7938);
#7938 = DEFINITIONAL_REPRESENTATION('',(#7939),#7943);
#7939 = CIRCLE('',#7940,3.);
#7940 = AXIS2_PLACEMENT_2D('',#7941,#7942);
#7941 = CARTESIAN_POINT('',(-30.68050091149,-15.57093166899));
#7942 = DIRECTION('',(1.,0.));
#7943 = ( GEOMETRIC_REPRESENTATION_CONTEXT(2) 
PARAMETRIC_REPRESENTATION_CONTEXT() REPRESENTATION_CONTEXT('2D SPACE',''
  ) );
#7944 = PCURVE('',#7945,#7950);
#7945 = CYLINDRICAL_SURFACE('',#7946,3.);
#7946 = AXIS2_PLACEMENT_3D('',#7947,#7948,#7949);
#7947 = CARTESIAN_POINT('',(6.929068331005,11.319499088509,66.9));
#7948 = DIRECTION('',(0.,1.110223024625E-16,-1.));
#7949 = DIRECTION('',(0.,1.,1.110223024625E-16));
#7950 = DEFINITIONAL_REPRESENTATION('',(#7951),#7955);
#7951 = LINE('',#7952,#7953);
#7952 = CARTESIAN_POINT('',(0.,7.));
#7953 = VECTOR('',#7954,1.);
#7954 = DIRECTION('',(1.,0.));
#7955 = ( GEOMETRIC_REPRESENTATION_CONTEXT(2) 
PARAMETRIC_REPRESENTATION_CONTEXT() REPRESENTATION_CONTEXT('2D SPACE',''
  ) );
#7956 = ORIENTED_EDGE('',*,*,#7957,.F.);
#7957 = EDGE_CURVE('',#7958,#7929,#7960,.T.);
#7958 = VERTEX_POINT('',#7959);
#7959 = CARTESIAN_POINT('',(9.750922962645,12.435921670336,59.9));
#7960 = SURFACE_CURVE('',#7961,(#7966,#7973),.PCURVE_S1.);
#7961 = CIRCLE('',#7962,3.);
#7962 = AXIS2_PLACEMENT_3D('',#7963,#7964,#7965);
#7963 = CARTESIAN_POINT('',(6.850452099825,11.669587034595,59.9));
#7964 = DIRECTION('',(0.,1.110223024625E-16,-1.));
#7965 = DIRECTION('',(0.,1.,1.110223024625E-16));
#7966 = PCURVE('',#2825,#7967);
#7967 = DEFINITIONAL_REPRESENTATION('',(#7968),#7972);
#7968 = CIRCLE('',#7969,3.);
#7969 = AXIS2_PLACEMENT_2D('',#7970,#7971);
#7970 = CARTESIAN_POINT('',(-30.3304129654,-15.64954790017));
#7971 = DIRECTION('',(1.,0.));
#7972 = ( GEOMETRIC_REPRESENTATION_CONTEXT(2) 
PARAMETRIC_REPRESENTATION_CONTEXT() REPRESENTATION_CONTEXT('2D SPACE',''
  ) );
#7973 = PCURVE('',#7974,#7979);
#7974 = CYLINDRICAL_SURFACE('',#7975,3.);
#7975 = AXIS2_PLACEMENT_3D('',#7976,#7977,#7978);
#7976 = CARTESIAN_POINT('',(6.850452099825,11.669587034595,66.9));
#7977 = DIRECTION('',(0.,1.110223024625E-16,-1.));
#7978 = DIRECTION('',(0.,1.,1.110223024625E-16));
#7979 = DEFINITIONAL_REPRESENTATION('',(#7980),#7984);
#7980 = LINE('',#7981,#7982);
#7981 = CARTESIAN_POINT('',(0.,7.));
#7982 = VECTOR('',#7983,1.);
#7983 = DIRECTION('',(1.,0.));
#7984 = ( GEOMETRIC_REPRESENTATION_CONTEXT(2) 
PARAMETRIC_REPRESENTATION_CONTEXT() REPRESENTATION_CONTEXT('2D SPACE',''
  ) );
#7985 = ORIENTED_EDGE('',*,*,#7986,.F.);
#7986 = EDGE_CURVE('',#7987,#7958,#7989,.T.);
#7987 = VERTEX_POINT('',#7988);
#7988 = CARTESIAN_POINT('',(9.696631831729,12.722451639859,59.9));
#7989 = SURFACE_CURVE('',#7990,(#7995,#8002),.PCURVE_S1.);
#7990 = CIRCLE('',#7991,3.);
#7991 = AXIS2_PLACEMENT_3D('',#7992,#7993,#7994);
#7992 = CARTESIAN_POINT('',(6.779706006833,12.021349841222,59.9));
#7993 = DIRECTION('',(0.,1.110223024625E-16,-1.));
#7994 = DIRECTION('',(0.,1.,1.110223024625E-16));
#7995 = PCURVE('',#2825,#7996);
#7996 = DEFINITIONAL_REPRESENTATION('',(#7997),#8001);
#7997 = CIRCLE('',#7998,3.);
#7998 = AXIS2_PLACEMENT_2D('',#7999,#8000);
#7999 = CARTESIAN_POINT('',(-29.97865015877,-15.72029399316));
#8000 = DIRECTION('',(1.,0.));
#8001 = ( GEOMETRIC_REPRESENTATION_CONTEXT(2) 
PARAMETRIC_REPRESENTATION_CONTEXT() REPRESENTATION_CONTEXT('2D SPACE',''
  ) );
#8002 = PCURVE('',#8003,#8008);
#8003 = CYLINDRICAL_SURFACE('',#8004,3.);
#8004 = AXIS2_PLACEMENT_3D('',#8005,#8006,#8007);
#8005 = CARTESIAN_POINT('',(6.779706006833,12.021349841222,66.9));
#8006 = DIRECTION('',(0.,1.110223024625E-16,-1.));
#8007 = DIRECTION('',(0.,1.,1.110223024625E-16));
#8008 = DEFINITIONAL_REPRESENTATION('',(#8009),#8013);
#8009 = LINE('',#8010,#8011);
#8010 = CARTESIAN_POINT('',(0.,7.));
#8011 = VECTOR('',#8012,1.);
#8012 = DIRECTION('',(1.,0.));
#8013 = ( GEOMETRIC_REPRESENTATION_CONTEXT(2) 
PARAMETRIC_REPRESENTATION_CONTEXT() REPRESENTATION_CONTEXT('2D SPACE',''
  ) );
#8014 = ORIENTED_EDGE('',*,*,#8015,.F.);
#8015 = EDGE_CURVE('',#8016,#7987,#8018,.T.);
#8016 = VERTEX_POINT('',#8017);
#8017 = CARTESIAN_POINT('',(9.648779498751,13.010126985624,59.9));
#8018 = SURFACE_CURVE('',#8019,(#8024,#8031),.PCURVE_S1.);
#8019 = CIRCLE('',#8020,3.);
#8020 = AXIS2_PLACEMENT_3D('',#8021,#8022,#8023);
#8021 = CARTESIAN_POINT('',(6.716865630149,12.374610607312,59.9));
#8022 = DIRECTION('',(0.,1.110223024625E-16,-1.));
#8023 = DIRECTION('',(0.,1.,1.110223024625E-16));
#8024 = PCURVE('',#2825,#8025);
#8025 = DEFINITIONAL_REPRESENTATION('',(#8026),#8030);
#8026 = CIRCLE('',#8027,3.);
#8027 = AXIS2_PLACEMENT_2D('',#8028,#8029);
#8028 = CARTESIAN_POINT('',(-29.62538939268,-15.78313436985));
#8029 = DIRECTION('',(1.,0.));
#8030 = ( GEOMETRIC_REPRESENTATION_CONTEXT(2) 
PARAMETRIC_REPRESENTATION_CONTEXT() REPRESENTATION_CONTEXT('2D SPACE',''
  ) );
#8031 = PCURVE('',#8032,#8037);
#8032 = CYLINDRICAL_SURFACE('',#8033,3.);
#8033 = AXIS2_PLACEMENT_3D('',#8034,#8035,#8036);
#8034 = CARTESIAN_POINT('',(6.716865630149,12.374610607312,66.9));
#8035 = DIRECTION('',(0.,1.110223024625E-16,-1.));
#8036 = DIRECTION('',(0.,1.,1.110223024625E-16));
#8037 = DEFINITIONAL_REPRESENTATION('',(#8038),#8042);
#8038 = LINE('',#8039,#8040);
#8039 = CARTESIAN_POINT('',(0.,7.));
#8040 = VECTOR('',#8041,1.);
#8041 = DIRECTION('',(1.,0.));
#8042 = ( GEOMETRIC_REPRESENTATION_CONTEXT(2) 
PARAMETRIC_REPRESENTATION_CONTEXT() REPRESENTATION_CONTEXT('2D SPACE',''
  ) );
#8043 = ORIENTED_EDGE('',*,*,#8044,.F.);
#8044 = EDGE_CURVE('',#8045,#8016,#8047,.T.);
#8045 = VERTEX_POINT('',#8046);
#8046 = CARTESIAN_POINT('',(9.607390028588,13.298803036057,59.9));
#8047 = SURFACE_CURVE('',#8048,(#8053,#8060),.PCURVE_S1.);
#8048 = CIRCLE('',#8049,3.);
#8049 = AXIS2_PLACEMENT_3D('',#8050,#8051,#8052);
#8050 = CARTESIAN_POINT('',(6.661962572123,12.729191678464,59.9));
#8051 = DIRECTION('',(0.,1.110223024625E-16,-1.));
#8052 = DIRECTION('',(0.,1.,1.110223024625E-16));
#8053 = PCURVE('',#2825,#8054);
#8054 = DEFINITIONAL_REPRESENTATION('',(#8055),#8059);
#8055 = CIRCLE('',#8056,3.);
#8056 = AXIS2_PLACEMENT_2D('',#8057,#8058);
#8057 = CARTESIAN_POINT('',(-29.27080832153,-15.83803742787));
#8058 = DIRECTION('',(1.,0.));
#8059 = ( GEOMETRIC_REPRESENTATION_CONTEXT(2) 
PARAMETRIC_REPRESENTATION_CONTEXT() REPRESENTATION_CONTEXT('2D SPACE',''
  ) );
#8060 = PCURVE('',#8061,#8066);
#8061 = CYLINDRICAL_SURFACE('',#8062,3.);
#8062 = AXIS2_PLACEMENT_3D('',#8063,#8064,#8065);
#8063 = CARTESIAN_POINT('',(6.661962572123,12.729191678464,66.9));
#8064 = DIRECTION('',(0.,1.110223024625E-16,-1.));
#8065 = DIRECTION('',(0.,1.,1.110223024625E-16));
#8066 = DEFINITIONAL_REPRESENTATION('',(#8067),#8071);
#8067 = LINE('',#8068,#8069);
#8068 = CARTESIAN_POINT('',(0.,7.));
#8069 = VECTOR('',#8070,1.);
#8070 = DIRECTION('',(1.,0.));
#8071 = ( GEOMETRIC_REPRESENTATION_CONTEXT(2) 
PARAMETRIC_REPRESENTATION_CONTEXT() REPRESENTATION_CONTEXT('2D SPACE',''
  ) );
#8072 = ORIENTED_EDGE('',*,*,#8073,.F.);
#8073 = EDGE_CURVE('',#8074,#8045,#8076,.T.);
#8074 = VERTEX_POINT('',#8075);
#8075 = CARTESIAN_POINT('',(9.572484235956,13.588334616324,59.9));
#8076 = SURFACE_CURVE('',#8077,(#8082,#8089),.PCURVE_S1.);
#8077 = CIRCLE('',#8078,3.);
#8078 = AXIS2_PLACEMENT_3D('',#8079,#8080,#8081);
#8079 = CARTESIAN_POINT('',(6.615024443432,13.084914736299,59.9));
#8080 = DIRECTION('',(0.,1.110223024625E-16,-1.));
#8081 = DIRECTION('',(0.,1.,1.110223024625E-16));
#8082 = PCURVE('',#2825,#8083);
#8083 = DEFINITIONAL_REPRESENTATION('',(#8084),#8088);
#8084 = CIRCLE('',#8085,3.);
#8085 = AXIS2_PLACEMENT_2D('',#8086,#8087);
#8086 = CARTESIAN_POINT('',(-28.9150852637,-15.88497555656));
#8087 = DIRECTION('',(1.,0.));
#8088 = ( GEOMETRIC_REPRESENTATION_CONTEXT(2) 
PARAMETRIC_REPRESENTATION_CONTEXT() REPRESENTATION_CONTEXT('2D SPACE',''
  ) );
#8089 = PCURVE('',#8090,#8095);
#8090 = CYLINDRICAL_SURFACE('',#8091,3.);
#8091 = AXIS2_PLACEMENT_3D('',#8092,#8093,#8094);
#8092 = CARTESIAN_POINT('',(6.615024443432,13.084914736299,66.9));
#8093 = DIRECTION('',(0.,1.110223024625E-16,-1.));
#8094 = DIRECTION('',(0.,1.,1.110223024625E-16));
#8095 = DEFINITIONAL_REPRESENTATION('',(#8096),#8100);
#8096 = LINE('',#8097,#8098);
#8097 = CARTESIAN_POINT('',(0.,7.));
#8098 = VECTOR('',#8099,1.);
#8099 = DIRECTION('',(1.,0.));
#8100 = ( GEOMETRIC_REPRESENTATION_CONTEXT(2) 
PARAMETRIC_REPRESENTATION_CONTEXT() REPRESENTATION_CONTEXT('2D SPACE',''
  ) );
#8101 = ORIENTED_EDGE('',*,*,#8102,.F.);
#8102 = EDGE_CURVE('',#8103,#8074,#8105,.T.);
#8103 = VERTEX_POINT('',#8104);
#8104 = CARTESIAN_POINT('',(9.544079674933,13.878576121362,59.9));
#8105 = SURFACE_CURVE('',#8106,(#8111,#8118),.PCURVE_S1.);
#8106 = CIRCLE('',#8107,3.);
#8107 = AXIS2_PLACEMENT_3D('',#8108,#8109,#8110);
#8108 = CARTESIAN_POINT('',(6.576074849205,13.441600888132,59.9));
#8109 = DIRECTION('',(0.,1.110223024625E-16,-1.));
#8110 = DIRECTION('',(0.,1.,1.110223024625E-16));
#8111 = PCURVE('',#2825,#8112);
#8112 = DEFINITIONAL_REPRESENTATION('',(#8113),#8117);
#8113 = CIRCLE('',#8114,3.);
#8114 = AXIS2_PLACEMENT_2D('',#8115,#8116);
#8115 = CARTESIAN_POINT('',(-28.55839911186,-15.92392515079));
#8116 = DIRECTION('',(1.,0.));
#8117 = ( GEOMETRIC_REPRESENTATION_CONTEXT(2) 
PARAMETRIC_REPRESENTATION_CONTEXT() REPRESENTATION_CONTEXT('2D SPACE',''
  ) );
#8118 = PCURVE('',#8119,#8124);
#8119 = CYLINDRICAL_SURFACE('',#8120,3.);
#8120 = AXIS2_PLACEMENT_3D('',#8121,#8122,#8123);
#8121 = CARTESIAN_POINT('',(6.576074849205,13.441600888132,66.9));
#8122 = DIRECTION('',(0.,1.110223024625E-16,-1.));
#8123 = DIRECTION('',(0.,1.,1.110223024625E-16));
#8124 = DEFINITIONAL_REPRESENTATION('',(#8125),#8129);
#8125 = LINE('',#8126,#8127);
#8126 = CARTESIAN_POINT('',(0.,7.));
#8127 = VECTOR('',#8128,1.);
#8128 = DIRECTION('',(1.,0.));
#8129 = ( GEOMETRIC_REPRESENTATION_CONTEXT(2) 
PARAMETRIC_REPRESENTATION_CONTEXT() REPRESENTATION_CONTEXT('2D SPACE',''
  ) );
#8130 = ORIENTED_EDGE('',*,*,#8131,.F.);
#8131 = EDGE_CURVE('',#8132,#8103,#8134,.T.);
#8132 = VERTEX_POINT('',#8133);
#8133 = CARTESIAN_POINT('',(9.522190630137,14.16938158907,59.9));
#8134 = SURFACE_CURVE('',#8135,(#8140,#8147),.PCURVE_S1.);
#8135 = CIRCLE('',#8136,3.);
#8136 = AXIS2_PLACEMENT_3D('',#8137,#8138,#8139);
#8137 = CARTESIAN_POINT('',(6.545133377143,13.799070756941,59.9));
#8138 = DIRECTION('',(0.,1.110223024625E-16,-1.));
#8139 = DIRECTION('',(0.,1.,1.110223024625E-16));
#8140 = PCURVE('',#2825,#8141);
#8141 = DEFINITIONAL_REPRESENTATION('',(#8142),#8146);
#8142 = CIRCLE('',#8143,3.);
#8143 = AXIS2_PLACEMENT_2D('',#8144,#8145);
#8144 = CARTESIAN_POINT('',(-28.20092924305,-15.95486662285));
#8145 = DIRECTION('',(1.,0.));
#8146 = ( GEOMETRIC_REPRESENTATION_CONTEXT(2) 
PARAMETRIC_REPRESENTATION_CONTEXT() REPRESENTATION_CONTEXT('2D SPACE',''
  ) );
#8147 = PCURVE('',#8148,#8153);
#8148 = CYLINDRICAL_SURFACE('',#8149,3.);
#8149 = AXIS2_PLACEMENT_3D('',#8150,#8151,#8152);
#8150 = CARTESIAN_POINT('',(6.545133377143,13.799070756941,66.9));
#8151 = DIRECTION('',(0.,1.110223024625E-16,-1.));
#8152 = DIRECTION('',(0.,1.,1.110223024625E-16));
#8153 = DEFINITIONAL_REPRESENTATION('',(#8154),#8158);
#8154 = LINE('',#8155,#8156);
#8155 = CARTESIAN_POINT('',(0.,7.));
#8156 = VECTOR('',#8157,1.);
#8157 = DIRECTION('',(1.,0.));
#8158 = ( GEOMETRIC_REPRESENTATION_CONTEXT(2) 
PARAMETRIC_REPRESENTATION_CONTEXT() REPRESENTATION_CONTEXT('2D SPACE',''
  ) );
#8159 = ORIENTED_EDGE('',*,*,#8160,.F.);
#8160 = EDGE_CURVE('',#8161,#8132,#8163,.T.);
#8161 = VERTEX_POINT('',#8162);
#8162 = CARTESIAN_POINT('',(9.506828109543,14.46060477375,59.9));
#8163 = SURFACE_CURVE('',#8164,(#8169,#8176),.PCURVE_S1.);
#8164 = CIRCLE('',#8165,3.);
#8165 = AXIS2_PLACEMENT_3D('',#8166,#8167,#8168);
#8166 = CARTESIAN_POINT('',(6.522215587674,14.157144571574,59.9));
#8167 = DIRECTION('',(0.,1.110223024625E-16,-1.));
#8168 = DIRECTION('',(0.,1.,1.110223024625E-16));
#8169 = PCURVE('',#2825,#8170);
#8170 = DEFINITIONAL_REPRESENTATION('',(#8171),#8175);
#8171 = CIRCLE('',#8172,3.);
#8172 = AXIS2_PLACEMENT_2D('',#8173,#8174);
#8173 = CARTESIAN_POINT('',(-27.84285542842,-15.97778441232));
#8174 = DIRECTION('',(1.,0.));
#8175 = ( GEOMETRIC_REPRESENTATION_CONTEXT(2) 
PARAMETRIC_REPRESENTATION_CONTEXT() REPRESENTATION_CONTEXT('2D SPACE',''
  ) );
#8176 = PCURVE('',#8177,#8182);
#8177 = CYLINDRICAL_SURFACE('',#8178,3.);
#8178 = AXIS2_PLACEMENT_3D('',#8179,#8180,#8181);
#8179 = CARTESIAN_POINT('',(6.522215587674,14.157144571574,66.9));
#8180 = DIRECTION('',(0.,1.110223024625E-16,-1.));
#8181 = DIRECTION('',(0.,1.,1.110223024625E-16));
#8182 = DEFINITIONAL_REPRESENTATION('',(#8183),#8187);
#8183 = LINE('',#8184,#8185);
#8184 = CARTESIAN_POINT('',(0.,7.));
#8185 = VECTOR('',#8186,1.);
#8186 = DIRECTION('',(1.,0.));
#8187 = ( GEOMETRIC_REPRESENTATION_CONTEXT(2) 
PARAMETRIC_REPRESENTATION_CONTEXT() REPRESENTATION_CONTEXT('2D SPACE',''
  ) );
#8188 = ORIENTED_EDGE('',*,*,#8189,.F.);
#8189 = EDGE_CURVE('',#8190,#8161,#8192,.T.);
#8190 = VERTEX_POINT('',#8191);
#8191 = CARTESIAN_POINT('',(9.497999838942,14.752099219616,59.9));
#8192 = SURFACE_CURVE('',#8193,(#8198,#8205),.PCURVE_S1.);
#8193 = CIRCLE('',#8194,3.);
#8194 = AXIS2_PLACEMENT_3D('',#8195,#8196,#8197);
#8195 = CARTESIAN_POINT('',(6.507333006126,14.515642257155,59.9));
#8196 = DIRECTION('',(0.,1.110223024625E-16,-1.));
#8197 = DIRECTION('',(0.,1.,1.110223024625E-16));
#8198 = PCURVE('',#2825,#8199);
#8199 = DEFINITIONAL_REPRESENTATION('',(#8200),#8204);
#8200 = CIRCLE('',#8201,3.);
#8201 = AXIS2_PLACEMENT_2D('',#8202,#8203);
#8202 = CARTESIAN_POINT('',(-27.48435774284,-15.99266699387));
#8203 = DIRECTION('',(1.,0.));
#8204 = ( GEOMETRIC_REPRESENTATION_CONTEXT(2) 
PARAMETRIC_REPRESENTATION_CONTEXT() REPRESENTATION_CONTEXT('2D SPACE',''
  ) );
#8205 = PCURVE('',#8206,#8211);
#8206 = CYLINDRICAL_SURFACE('',#8207,3.);
#8207 = AXIS2_PLACEMENT_3D('',#8208,#8209,#8210);
#8208 = CARTESIAN_POINT('',(6.507333006126,14.515642257155,66.9));
#8209 = DIRECTION('',(0.,1.110223024625E-16,-1.));
#8210 = DIRECTION('',(0.,1.,1.110223024625E-16));
#8211 = DEFINITIONAL_REPRESENTATION('',(#8212),#8216);
#8212 = LINE('',#8213,#8214);
#8213 = CARTESIAN_POINT('',(0.,7.));
#8214 = VECTOR('',#8215,1.);
#8215 = DIRECTION('',(1.,0.));
#8216 = ( GEOMETRIC_REPRESENTATION_CONTEXT(2) 
PARAMETRIC_REPRESENTATION_CONTEXT() REPRESENTATION_CONTEXT('2D SPACE',''
  ) );
#8217 = ORIENTED_EDGE('',*,*,#8218,.F.);
#8218 = EDGE_CURVE('',#8219,#8190,#8221,.T.);
#8219 = VERTEX_POINT('',#8220);
#8220 = CARTESIAN_POINT('',(9.495710258061,15.043718334473,59.9));
#8221 = SURFACE_CURVE('',#8222,(#8227,#8234),.PCURVE_S1.);
#8222 = CIRCLE('',#8223,3.);
#8223 = AXIS2_PLACEMENT_3D('',#8224,#8225,#8226);
#8224 = CARTESIAN_POINT('',(6.500493116931,14.874383525642,59.9));
#8225 = DIRECTION('',(0.,1.110223024625E-16,-1.));
#8226 = DIRECTION('',(0.,1.,1.110223024625E-16));
#8227 = PCURVE('',#2825,#8228);
#8228 = DEFINITIONAL_REPRESENTATION('',(#8229),#8233);
#8229 = CIRCLE('',#8230,3.);
#8230 = AXIS2_PLACEMENT_2D('',#8231,#8232);
#8231 = CARTESIAN_POINT('',(-27.12561647435,-15.99950688306));
#8232 = DIRECTION('',(1.,0.));
#8233 = ( GEOMETRIC_REPRESENTATION_CONTEXT(2) 
PARAMETRIC_REPRESENTATION_CONTEXT() REPRESENTATION_CONTEXT('2D SPACE',''
  ) );
#8234 = PCURVE('',#8235,#8240);
#8235 = CYLINDRICAL_SURFACE('',#8236,3.);
#8236 = AXIS2_PLACEMENT_3D('',#8237,#8238,#8239);
#8237 = CARTESIAN_POINT('',(6.500493116931,14.874383525642,66.9));
#8238 = DIRECTION('',(0.,1.110223024625E-16,-1.));
#8239 = DIRECTION('',(0.,1.,1.110223024625E-16));
#8240 = DEFINITIONAL_REPRESENTATION('',(#8241),#8245);
#8241 = LINE('',#8242,#8243);
#8242 = CARTESIAN_POINT('',(0.,7.));
#8243 = VECTOR('',#8244,1.);
#8244 = DIRECTION('',(1.,0.));
#8245 = ( GEOMETRIC_REPRESENTATION_CONTEXT(2) 
PARAMETRIC_REPRESENTATION_CONTEXT() REPRESENTATION_CONTEXT('2D SPACE',''
  ) );
#8246 = ORIENTED_EDGE('',*,*,#8247,.F.);
#8247 = EDGE_CURVE('',#8248,#8219,#8250,.T.);
#8248 = VERTEX_POINT('',#8249);
#8249 = CARTESIAN_POINT('',(9.499960518327,15.335315463438,59.9));
#8250 = SURFACE_CURVE('',#8251,(#8256,#8263),.PCURVE_S1.);
#8251 = CIRCLE('',#8252,3.);
#8252 = AXIS2_PLACEMENT_3D('',#8253,#8254,#8255);
#8253 = CARTESIAN_POINT('',(6.501699359861,15.233187966498,59.9));
#8254 = DIRECTION('',(0.,1.110223024625E-16,-1.));
#8255 = DIRECTION('',(0.,1.,1.110223024625E-16));
#8256 = PCURVE('',#2825,#8257);
#8257 = DEFINITIONAL_REPRESENTATION('',(#8258),#8262);
#8258 = CIRCLE('',#8259,3.);
#8259 = AXIS2_PLACEMENT_2D('',#8260,#8261);
#8260 = CARTESIAN_POINT('',(-26.7668120335,-15.99830064013));
#8261 = DIRECTION('',(1.,0.));
#8262 = ( GEOMETRIC_REPRESENTATION_CONTEXT(2) 
PARAMETRIC_REPRESENTATION_CONTEXT() REPRESENTATION_CONTEXT('2D SPACE',''
  ) );
#8263 = PCURVE('',#8264,#8269);
#8264 = CYLINDRICAL_SURFACE('',#8265,3.);
#8265 = AXIS2_PLACEMENT_3D('',#8266,#8267,#8268);
#8266 = CARTESIAN_POINT('',(6.501699359861,15.233187966498,66.9));
#8267 = DIRECTION('',(0.,1.110223024625E-16,-1.));
#8268 = DIRECTION('',(0.,1.,1.110223024625E-16));
#8269 = DEFINITIONAL_REPRESENTATION('',(#8270),#8274);
#8270 = LINE('',#8271,#8272);
#8271 = CARTESIAN_POINT('',(0.,7.));
#8272 = VECTOR('',#8273,1.);
#8273 = DIRECTION('',(1.,0.));
#8274 = ( GEOMETRIC_REPRESENTATION_CONTEXT(2) 
PARAMETRIC_REPRESENTATION_CONTEXT() REPRESENTATION_CONTEXT('2D SPACE',''
  ) );
#8275 = ORIENTED_EDGE('',*,*,#8276,.F.);
#8276 = EDGE_CURVE('',#8277,#8248,#8279,.T.);
#8277 = VERTEX_POINT('',#8278);
#8278 = CARTESIAN_POINT('',(9.51074848229,15.626743962672,59.9));
#8279 = SURFACE_CURVE('',#8280,(#8285,#8292),.PCURVE_S1.);
#8280 = CIRCLE('',#8281,3.);
#8281 = AXIS2_PLACEMENT_3D('',#8282,#8283,#8284);
#8282 = CARTESIAN_POINT('',(6.510951128297,15.591875137416,59.9));
#8283 = DIRECTION('',(0.,1.110223024625E-16,-1.));
#8284 = DIRECTION('',(0.,1.,1.110223024625E-16));
#8285 = PCURVE('',#2825,#8286);
#8286 = DEFINITIONAL_REPRESENTATION('',(#8287),#8291);
#8287 = CIRCLE('',#8288,3.);
#8288 = AXIS2_PLACEMENT_2D('',#8289,#8290);
#8289 = CARTESIAN_POINT('',(-26.40812486258,-15.9890488717));
#8290 = DIRECTION('',(1.,0.));
#8291 = ( GEOMETRIC_REPRESENTATION_CONTEXT(2) 
PARAMETRIC_REPRESENTATION_CONTEXT() REPRESENTATION_CONTEXT('2D SPACE',''
  ) );
#8292 = PCURVE('',#8293,#8298);
#8293 = CYLINDRICAL_SURFACE('',#8294,3.);
#8294 = AXIS2_PLACEMENT_3D('',#8295,#8296,#8297);
#8295 = CARTESIAN_POINT('',(6.510951128297,15.591875137416,66.9));
#8296 = DIRECTION('',(0.,1.110223024625E-16,-1.));
#8297 = DIRECTION('',(0.,1.,1.110223024625E-16));
#8298 = DEFINITIONAL_REPRESENTATION('',(#8299),#8303);
#8299 = LINE('',#8300,#8301);
#8300 = CARTESIAN_POINT('',(0.,7.));
#8301 = VECTOR('',#8302,1.);
#8302 = DIRECTION('',(1.,0.));
#8303 = ( GEOMETRIC_REPRESENTATION_CONTEXT(2) 
PARAMETRIC_REPRESENTATION_CONTEXT() REPRESENTATION_CONTEXT('2D SPACE',''
  ) );
#8304 = ORIENTED_EDGE('',*,*,#8305,.F.);
#8305 = EDGE_CURVE('',#8306,#8277,#8308,.T.);
#8306 = VERTEX_POINT('',#8307);
#8307 = CARTESIAN_POINT('',(9.528068724696,15.917857273152,59.9));
#8308 = SURFACE_CURVE('',#8309,(#8314,#8321),.PCURVE_S1.);
#8309 = CIRCLE('',#8310,3.);
#8310 = AXIS2_PLACEMENT_3D('',#8311,#8312,#8313);
#8311 = CARTESIAN_POINT('',(6.528243769537,15.950264655062,59.9));
#8312 = DIRECTION('',(0.,1.110223024625E-16,-1.));
#8313 = DIRECTION('',(0.,1.,1.110223024625E-16));
#8314 = PCURVE('',#2825,#8315);
#8315 = DEFINITIONAL_REPRESENTATION('',(#8316),#8320);
#8316 = CIRCLE('',#8317,3.);
#8317 = AXIS2_PLACEMENT_2D('',#8318,#8319);
#8318 = CARTESIAN_POINT('',(-26.04973534493,-15.97175623046));
#8319 = DIRECTION('',(1.,0.));
#8320 = ( GEOMETRIC_REPRESENTATION_CONTEXT(2) 
PARAMETRIC_REPRESENTATION_CONTEXT() REPRESENTATION_CONTEXT('2D SPACE',''
  ) );
#8321 = PCURVE('',#8322,#8327);
#8322 = CYLINDRICAL_SURFACE('',#8323,3.);
#8323 = AXIS2_PLACEMENT_3D('',#8324,#8325,#8326);
#8324 = CARTESIAN_POINT('',(6.528243769537,15.950264655062,66.9));
#8325 = DIRECTION('',(0.,1.110223024625E-16,-1.));
#8326 = DIRECTION('',(0.,1.,1.110223024625E-16));
#8327 = DEFINITIONAL_REPRESENTATION('',(#8328),#8332);
#8328 = LINE('',#8329,#8330);
#8329 = CARTESIAN_POINT('',(0.,7.));
#8330 = VECTOR('',#8331,1.);
#8331 = DIRECTION('',(1.,0.));
#8332 = ( GEOMETRIC_REPRESENTATION_CONTEXT(2) 
PARAMETRIC_REPRESENTATION_CONTEXT() REPRESENTATION_CONTEXT('2D SPACE',''
  ) );
#8333 = ORIENTED_EDGE('',*,*,#8334,.F.);
#8334 = EDGE_CURVE('',#8335,#8306,#8337,.T.);
#8335 = VERTEX_POINT('',#8336);
#8336 = CARTESIAN_POINT('',(9.551912535217,16.208508994342,59.9));
#8337 = SURFACE_CURVE('',#8338,(#8343,#8350),.PCURVE_S1.);
#8338 = CIRCLE('',#8339,3.);
#8339 = AXIS2_PLACEMENT_3D('',#8340,#8341,#8342);
#8340 = CARTESIAN_POINT('',(6.553568587133,16.308176285795,59.9));
#8341 = DIRECTION('',(0.,1.110223024625E-16,-1.));
#8342 = DIRECTION('',(0.,1.,1.110223024625E-16));
#8343 = PCURVE('',#2825,#8344);
#8344 = DEFINITIONAL_REPRESENTATION('',(#8345),#8349);
#8345 = CIRCLE('',#8346,3.);
#8346 = AXIS2_PLACEMENT_2D('',#8347,#8348);
#8347 = CARTESIAN_POINT('',(-25.6918237142,-15.94643141286));
#8348 = DIRECTION('',(1.,0.));
#8349 = ( GEOMETRIC_REPRESENTATION_CONTEXT(2) 
PARAMETRIC_REPRESENTATION_CONTEXT() REPRESENTATION_CONTEXT('2D SPACE',''
  ) );
#8350 = PCURVE('',#8351,#8356);
#8351 = CYLINDRICAL_SURFACE('',#8352,3.);
#8352 = AXIS2_PLACEMENT_3D('',#8353,#8354,#8355);
#8353 = CARTESIAN_POINT('',(6.553568587133,16.308176285795,66.9));
#8354 = DIRECTION('',(0.,1.110223024625E-16,-1.));
#8355 = DIRECTION('',(0.,1.,1.110223024625E-16));
#8356 = DEFINITIONAL_REPRESENTATION('',(#8357),#8361);
#8357 = LINE('',#8358,#8359);
#8358 = CARTESIAN_POINT('',(0.,7.));
#8359 = VECTOR('',#8360,1.);
#8360 = DIRECTION('',(1.,0.));
#8361 = ( GEOMETRIC_REPRESENTATION_CONTEXT(2) 
PARAMETRIC_REPRESENTATION_CONTEXT() REPRESENTATION_CONTEXT('2D SPACE',''
  ) );
#8362 = ORIENTED_EDGE('',*,*,#8363,.F.);
#8363 = EDGE_CURVE('',#8364,#8335,#8366,.T.);
#8364 = VERTEX_POINT('',#8365);
#8365 = CARTESIAN_POINT('',(9.58226792283,16.498552957863,59.9));
#8366 = SURFACE_CURVE('',#8367,(#8372,#8379),.PCURVE_S1.);
#8367 = CIRCLE('',#8368,3.);
#8368 = AXIS2_PLACEMENT_3D('',#8369,#8370,#8371);
#8369 = CARTESIAN_POINT('',(6.586912845265,16.6654300363,59.9));
#8370 = DIRECTION('',(0.,1.110223024625E-16,-1.));
#8371 = DIRECTION('',(0.,1.,1.110223024625E-16));
#8372 = PCURVE('',#2825,#8373);
#8373 = DEFINITIONAL_REPRESENTATION('',(#8374),#8378);
#8374 = CIRCLE('',#8375,3.);
#8375 = AXIS2_PLACEMENT_2D('',#8376,#8377);
#8376 = CARTESIAN_POINT('',(-25.3345699637,-15.91308715473));
#8377 = DIRECTION('',(1.,0.));
#8378 = ( GEOMETRIC_REPRESENTATION_CONTEXT(2) 
PARAMETRIC_REPRESENTATION_CONTEXT() REPRESENTATION_CONTEXT('2D SPACE',''
  ) );
#8379 = PCURVE('',#8380,#8385);
#8380 = CYLINDRICAL_SURFACE('',#8381,3.);
#8381 = AXIS2_PLACEMENT_3D('',#8382,#8383,#8384);
#8382 = CARTESIAN_POINT('',(6.586912845265,16.6654300363,66.9));
#8383 = DIRECTION('',(0.,1.110223024625E-16,-1.));
#8384 = DIRECTION('',(0.,1.,1.110223024625E-16));
#8385 = DEFINITIONAL_REPRESENTATION('',(#8386),#8390);
#8386 = LINE('',#8387,#8388);
#8387 = CARTESIAN_POINT('',(0.,7.));
#8388 = VECTOR('',#8389,1.);
#8389 = DIRECTION('',(1.,0.));
#8390 = ( GEOMETRIC_REPRESENTATION_CONTEXT(2) 
PARAMETRIC_REPRESENTATION_CONTEXT() REPRESENTATION_CONTEXT('2D SPACE',''
  ) );
#8391 = ORIENTED_EDGE('',*,*,#8392,.F.);
#8392 = EDGE_CURVE('',#8393,#8364,#8395,.T.);
#8393 = VERTEX_POINT('',#8394);
#8394 = CARTESIAN_POINT('',(9.619119621848,16.787843300965,59.9));
#8395 = SURFACE_CURVE('',#8396,(#8401,#8408),.PCURVE_S1.);
#8396 = CIRCLE('',#8397,3.);
#8397 = AXIS2_PLACEMENT_3D('',#8398,#8399,#8400);
#8398 = CARTESIAN_POINT('',(6.628259775148,17.021846244109,59.9));
#8399 = DIRECTION('',(0.,1.110223024625E-16,-1.));
#8400 = DIRECTION('',(0.,1.,1.110223024625E-16));
#8401 = PCURVE('',#2825,#8402);
#8402 = DEFINITIONAL_REPRESENTATION('',(#8403),#8407);
#8403 = CIRCLE('',#8404,3.);
#8404 = AXIS2_PLACEMENT_2D('',#8405,#8406);
#8405 = CARTESIAN_POINT('',(-24.97815375589,-15.87174022485));
#8406 = DIRECTION('',(1.,0.));
#8407 = ( GEOMETRIC_REPRESENTATION_CONTEXT(2) 
PARAMETRIC_REPRESENTATION_CONTEXT() REPRESENTATION_CONTEXT('2D SPACE',''
  ) );
#8408 = PCURVE('',#8409,#8414);
#8409 = CYLINDRICAL_SURFACE('',#8410,3.);
#8410 = AXIS2_PLACEMENT_3D('',#8411,#8412,#8413);
#8411 = CARTESIAN_POINT('',(6.628259775148,17.021846244109,66.9));
#8412 = DIRECTION('',(0.,1.110223024625E-16,-1.));
#8413 = DIRECTION('',(0.,1.,1.110223024625E-16));
#8414 = DEFINITIONAL_REPRESENTATION('',(#8415),#8419);
#8415 = LINE('',#8416,#8417);
#8416 = CARTESIAN_POINT('',(0.,7.));
#8417 = VECTOR('',#8418,1.);
#8418 = DIRECTION('',(1.,0.));
#8419 = ( GEOMETRIC_REPRESENTATION_CONTEXT(2) 
PARAMETRIC_REPRESENTATION_CONTEXT() REPRESENTATION_CONTEXT('2D SPACE',''
  ) );
#8420 = ORIENTED_EDGE('',*,*,#8421,.F.);
#8421 = EDGE_CURVE('',#8422,#8393,#8424,.T.);
#8422 = VERTEX_POINT('',#8423);
#8423 = CARTESIAN_POINT('',(9.662449099597,17.076234539891,59.9));
#8424 = SURFACE_CURVE('',#8425,(#8430,#8437),.PCURVE_S1.);
#8425 = CIRCLE('',#8426,3.);
#8426 = AXIS2_PLACEMENT_3D('',#8427,#8428,#8429);
#8427 = CARTESIAN_POINT('',(6.677588583462,17.377245667956,59.9));
#8428 = DIRECTION('',(0.,1.110223024625E-16,-1.));
#8429 = DIRECTION('',(0.,1.,1.110223024625E-16));
#8430 = PCURVE('',#2825,#8431);
#8431 = DEFINITIONAL_REPRESENTATION('',(#8432),#8436);
#8432 = CIRCLE('',#8433,3.);
#8433 = AXIS2_PLACEMENT_2D('',#8434,#8435);
#8434 = CARTESIAN_POINT('',(-24.62275433204,-15.82241141653));
#8435 = DIRECTION('',(1.,0.));
#8436 = ( GEOMETRIC_REPRESENTATION_CONTEXT(2) 
PARAMETRIC_REPRESENTATION_CONTEXT() REPRESENTATION_CONTEXT('2D SPACE',''
  ) );
#8437 = PCURVE('',#8438,#8443);
#8438 = CYLINDRICAL_SURFACE('',#8439,3.);
#8439 = AXIS2_PLACEMENT_3D('',#8440,#8441,#8442);
#8440 = CARTESIAN_POINT('',(6.677588583462,17.377245667956,66.9));
#8441 = DIRECTION('',(0.,1.110223024625E-16,-1.));
#8442 = DIRECTION('',(0.,1.,1.110223024625E-16));
#8443 = DEFINITIONAL_REPRESENTATION('',(#8444),#8448);
#8444 = LINE('',#8445,#8446);
#8445 = CARTESIAN_POINT('',(0.,7.));
#8446 = VECTOR('',#8447,1.);
#8447 = DIRECTION('',(1.,0.));
#8448 = ( GEOMETRIC_REPRESENTATION_CONTEXT(2) 
PARAMETRIC_REPRESENTATION_CONTEXT() REPRESENTATION_CONTEXT('2D SPACE',''
  ) );
#8449 = ORIENTED_EDGE('',*,*,#8450,.F.);
#8450 = EDGE_CURVE('',#8451,#8422,#8453,.T.);
#8451 = VERTEX_POINT('',#8452);
#8452 = CARTESIAN_POINT('',(9.712234565738,17.363581643052,59.9));
#8453 = SURFACE_CURVE('',#8454,(#8459,#8466),.PCURVE_S1.);
#8454 = CIRCLE('',#8455,3.);
#8455 = AXIS2_PLACEMENT_3D('',#8456,#8457,#8458);
#8456 = CARTESIAN_POINT('',(6.734874462811,17.73144957791,59.9));
#8457 = DIRECTION('',(0.,1.110223024625E-16,-1.));
#8458 = DIRECTION('',(0.,1.,1.110223024625E-16));
#8459 = PCURVE('',#2825,#8460);
#8460 = DEFINITIONAL_REPRESENTATION('',(#8461),#8465);
#8461 = CIRCLE('',#8462,3.);
#8462 = AXIS2_PLACEMENT_2D('',#8463,#8464);
#8463 = CARTESIAN_POINT('',(-24.26855042209,-15.76512553718));
#8464 = DIRECTION('',(1.,0.));
#8465 = ( GEOMETRIC_REPRESENTATION_CONTEXT(2) 
PARAMETRIC_REPRESENTATION_CONTEXT() REPRESENTATION_CONTEXT('2D SPACE',''
  ) );
#8466 = PCURVE('',#8467,#8472);
#8467 = CYLINDRICAL_SURFACE('',#8468,3.);
#8468 = AXIS2_PLACEMENT_3D('',#8469,#8470,#8471);
#8469 = CARTESIAN_POINT('',(6.734874462811,17.73144957791,66.9));
#8470 = DIRECTION('',(0.,1.110223024625E-16,-1.));
#8471 = DIRECTION('',(0.,1.,1.110223024625E-16));
#8472 = DEFINITIONAL_REPRESENTATION('',(#8473),#8477);
#8473 = LINE('',#8474,#8475);
#8474 = CARTESIAN_POINT('',(0.,7.));
#8475 = VECTOR('',#8476,1.);
#8476 = DIRECTION('',(1.,0.));
#8477 = ( GEOMETRIC_REPRESENTATION_CONTEXT(2) 
PARAMETRIC_REPRESENTATION_CONTEXT() REPRESENTATION_CONTEXT('2D SPACE',''
  ) );
#8478 = ORIENTED_EDGE('',*,*,#8479,.F.);
#8479 = EDGE_CURVE('',#8480,#8451,#8482,.T.);
#8480 = VERTEX_POINT('',#8481);
#8481 = CARTESIAN_POINT('',(9.768450983221,17.64974010394,59.9));
#8482 = SURFACE_CURVE('',#8483,(#8488,#8495),.PCURVE_S1.);
#8483 = CIRCLE('',#8484,3.);
#8484 = AXIS2_PLACEMENT_3D('',#8485,#8486,#8487);
#8485 = CARTESIAN_POINT('',(6.800088604197,18.084279845268,59.9));
#8486 = DIRECTION('',(0.,1.110223024625E-16,-1.));
#8487 = DIRECTION('',(0.,1.,1.110223024625E-16));
#8488 = PCURVE('',#2825,#8489);
#8489 = DEFINITIONAL_REPRESENTATION('',(#8490),#8494);
#8490 = CIRCLE('',#8491,3.);
#8491 = AXIS2_PLACEMENT_2D('',#8492,#8493);
#8492 = CARTESIAN_POINT('',(-23.91572015473,-15.6999113958));
#8493 = DIRECTION('',(1.,0.));
#8494 = ( GEOMETRIC_REPRESENTATION_CONTEXT(2) 
PARAMETRIC_REPRESENTATION_CONTEXT() REPRESENTATION_CONTEXT('2D SPACE',''
  ) );
#8495 = PCURVE('',#8496,#8501);
#8496 = CYLINDRICAL_SURFACE('',#8497,3.);
#8497 = AXIS2_PLACEMENT_3D('',#8498,#8499,#8500);
#8498 = CARTESIAN_POINT('',(6.800088604197,18.084279845268,66.9));
#8499 = DIRECTION('',(0.,1.110223024625E-16,-1.));
#8500 = DIRECTION('',(0.,1.,1.110223024625E-16));
#8501 = DEFINITIONAL_REPRESENTATION('',(#8502),#8506);
#8502 = LINE('',#8503,#8504);
#8503 = CARTESIAN_POINT('',(0.,7.));
#8504 = VECTOR('',#8505,1.);
#8505 = DIRECTION('',(1.,0.));
#8506 = ( GEOMETRIC_REPRESENTATION_CONTEXT(2) 
PARAMETRIC_REPRESENTATION_CONTEXT() REPRESENTATION_CONTEXT('2D SPACE',''
  ) );
#8507 = ORIENTED_EDGE('',*,*,#8508,.F.);
#8508 = EDGE_CURVE('',#8509,#8480,#8511,.T.);
#8509 = VERTEX_POINT('',#8510);
#8510 = CARTESIAN_POINT('',(9.831070080879,17.934566013823,59.9));
#8511 = SURFACE_CURVE('',#8512,(#8517,#8524),.PCURVE_S1.);
#8512 = CIRCLE('',#8513,3.);
#8513 = AXIS2_PLACEMENT_3D('',#8514,#8515,#8516);
#8514 = CARTESIAN_POINT('',(6.873198211509,18.435559032124,59.9));
#8515 = DIRECTION('',(0.,1.110223024625E-16,-1.));
#8516 = DIRECTION('',(0.,1.,1.110223024625E-16));
#8517 = PCURVE('',#2825,#8518);
#8518 = DEFINITIONAL_REPRESENTATION('',(#8519),#8523);
#8519 = CIRCLE('',#8520,3.);
#8520 = AXIS2_PLACEMENT_2D('',#8521,#8522);
#8521 = CARTESIAN_POINT('',(-23.56444096787,-15.62680178849));
#8522 = DIRECTION('',(1.,0.));
#8523 = ( GEOMETRIC_REPRESENTATION_CONTEXT(2) 
PARAMETRIC_REPRESENTATION_CONTEXT() REPRESENTATION_CONTEXT('2D SPACE',''
  ) );
#8524 = PCURVE('',#8525,#8530);
#8525 = CYLINDRICAL_SURFACE('',#8526,3.);
#8526 = AXIS2_PLACEMENT_3D('',#8527,#8528,#8529);
#8527 = CARTESIAN_POINT('',(6.873198211509,18.435559032124,66.9));
#8528 = DIRECTION('',(0.,1.110223024625E-16,-1.));
#8529 = DIRECTION('',(0.,1.,1.110223024625E-16));
#8530 = DEFINITIONAL_REPRESENTATION('',(#8531),#8535);
#8531 = LINE('',#8532,#8533);
#8532 = CARTESIAN_POINT('',(0.,7.));
#8533 = VECTOR('',#8534,1.);
#8534 = DIRECTION('',(1.,0.));
#8535 = ( GEOMETRIC_REPRESENTATION_CONTEXT(2) 
PARAMETRIC_REPRESENTATION_CONTEXT() REPRESENTATION_CONTEXT('2D SPACE',''
  ) );
#8536 = ORIENTED_EDGE('',*,*,#8537,.F.);
#8537 = EDGE_CURVE('',#8538,#8509,#8540,.T.);
#8538 = VERTEX_POINT('',#8539);
#8539 = CARTESIAN_POINT('',(9.900060367647,18.217916134103,59.9));
#8540 = SURFACE_CURVE('',#8541,(#8546,#8553),.PCURVE_S1.);
#8541 = CIRCLE('',#8542,3.);
#8542 = AXIS2_PLACEMENT_3D('',#8543,#8544,#8545);
#8543 = CARTESIAN_POINT('',(6.954166518017,18.785110480614,59.9));
#8544 = DIRECTION('',(0.,1.110223024625E-16,-1.));
#8545 = DIRECTION('',(0.,1.,1.110223024625E-16));
#8546 = PCURVE('',#2825,#8547);
#8547 = DEFINITIONAL_REPRESENTATION('',(#8548),#8552);
#8548 = CIRCLE('',#8549,3.);
#8549 = AXIS2_PLACEMENT_2D('',#8550,#8551);
#8550 = CARTESIAN_POINT('',(-23.21488951938,-15.54583348198));
#8551 = DIRECTION('',(1.,0.));
#8552 = ( GEOMETRIC_REPRESENTATION_CONTEXT(2) 
PARAMETRIC_REPRESENTATION_CONTEXT() REPRESENTATION_CONTEXT('2D SPACE',''
  ) );
#8553 = PCURVE('',#8554,#8559);
#8554 = CYLINDRICAL_SURFACE('',#8555,3.);
#8555 = AXIS2_PLACEMENT_3D('',#8556,#8557,#8558);
#8556 = CARTESIAN_POINT('',(6.954166518017,18.785110480614,66.9));
#8557 = DIRECTION('',(0.,1.110223024625E-16,-1.));
#8558 = DIRECTION('',(0.,1.,1.110223024625E-16));
#8559 = DEFINITIONAL_REPRESENTATION('',(#8560),#8564);
#8560 = LINE('',#8561,#8562);
#8561 = CARTESIAN_POINT('',(0.,7.));
#8562 = VECTOR('',#8563,1.);
#8563 = DIRECTION('',(1.,0.));
#8564 = ( GEOMETRIC_REPRESENTATION_CONTEXT(2) 
PARAMETRIC_REPRESENTATION_CONTEXT() REPRESENTATION_CONTEXT('2D SPACE',''
  ) );
#8565 = ORIENTED_EDGE('',*,*,#8566,.F.);
#8566 = EDGE_CURVE('',#8567,#8538,#8569,.T.);
#8567 = VERTEX_POINT('',#8568);
#8568 = CARTESIAN_POINT('',(9.975387148394,18.499647968362,59.9));
#8569 = SURFACE_CURVE('',#8570,(#8575,#8582),.PCURVE_S1.);
#8570 = CIRCLE('',#8571,3.);
#8571 = AXIS2_PLACEMENT_3D('',#8572,#8573,#8574);
#8572 = CARTESIAN_POINT('',(7.04295280486,19.132758401748,59.9));
#8573 = DIRECTION('',(0.,1.110223024625E-16,-1.));
#8574 = DIRECTION('',(0.,1.,1.110223024625E-16));
#8575 = PCURVE('',#2825,#8576);
#8576 = DEFINITIONAL_REPRESENTATION('',(#8577),#8581);
#8577 = CIRCLE('',#8578,3.);
#8578 = AXIS2_PLACEMENT_2D('',#8579,#8580);
#8579 = CARTESIAN_POINT('',(-22.86724159825,-15.45704719514));
#8580 = DIRECTION('',(1.,0.));
#8581 = ( GEOMETRIC_REPRESENTATION_CONTEXT(2) 
PARAMETRIC_REPRESENTATION_CONTEXT() REPRESENTATION_CONTEXT('2D SPACE',''
  ) );
#8582 = PCURVE('',#8583,#8588);
#8583 = CYLINDRICAL_SURFACE('',#8584,3.);
#8584 = AXIS2_PLACEMENT_3D('',#8585,#8586,#8587);
#8585 = CARTESIAN_POINT('',(7.04295280486,19.132758401748,66.9));
#8586 = DIRECTION('',(0.,1.110223024625E-16,-1.));
#8587 = DIRECTION('',(0.,1.,1.110223024625E-16));
#8588 = DEFINITIONAL_REPRESENTATION('',(#8589),#8593);
#8589 = LINE('',#8590,#8591);
#8590 = CARTESIAN_POINT('',(0.,7.));
#8591 = VECTOR('',#8592,1.);
#8592 = DIRECTION('',(1.,0.));
#8593 = ( GEOMETRIC_REPRESENTATION_CONTEXT(2) 
PARAMETRIC_REPRESENTATION_CONTEXT() REPRESENTATION_CONTEXT('2D SPACE',''
  ) );
#8594 = ORIENTED_EDGE('',*,*,#8595,.F.);
#8595 = EDGE_CURVE('',#8596,#8567,#8598,.T.);
#8596 = VERTEX_POINT('',#8597);
#8597 = CARTESIAN_POINT('',(10.057012541378,18.77961983401,59.9));
#8598 = SURFACE_CURVE('',#8599,(#8604,#8611),.PCURVE_S1.);
#8599 = CIRCLE('',#8600,3.);
#8600 = AXIS2_PLACEMENT_3D('',#8601,#8602,#8603);
#8601 = CARTESIAN_POINT('',(7.139512421525,19.478327963818,59.9));
#8602 = DIRECTION('',(0.,1.110223024625E-16,-1.));
#8603 = DIRECTION('',(0.,1.,1.110223024625E-16));
#8604 = PCURVE('',#2825,#8605);
#8605 = DEFINITIONAL_REPRESENTATION('',(#8606),#8610);
#8606 = CIRCLE('',#8607,3.);
#8607 = AXIS2_PLACEMENT_2D('',#8608,#8609);
#8608 = CARTESIAN_POINT('',(-22.52167203618,-15.36048757847));
#8609 = DIRECTION('',(1.,0.));
#8610 = ( GEOMETRIC_REPRESENTATION_CONTEXT(2) 
PARAMETRIC_REPRESENTATION_CONTEXT() REPRESENTATION_CONTEXT('2D SPACE',''
  ) );
#8611 = PCURVE('',#8612,#8617);
#8612 = CYLINDRICAL_SURFACE('',#8613,3.);
#8613 = AXIS2_PLACEMENT_3D('',#8614,#8615,#8616);
#8614 = CARTESIAN_POINT('',(7.139512421525,19.478327963818,66.9));
#8615 = DIRECTION('',(0.,1.110223024625E-16,-1.));
#8616 = DIRECTION('',(0.,1.,1.110223024625E-16));
#8617 = DEFINITIONAL_REPRESENTATION('',(#8618),#8622);
#8618 = LINE('',#8619,#8620);
#8619 = CARTESIAN_POINT('',(0.,7.));
#8620 = VECTOR('',#8621,1.);
#8621 = DIRECTION('',(1.,0.));
#8622 = ( GEOMETRIC_REPRESENTATION_CONTEXT(2) 
PARAMETRIC_REPRESENTATION_CONTEXT() REPRESENTATION_CONTEXT('2D SPACE',''
  ) );
#8623 = ORIENTED_EDGE('',*,*,#8624,.F.);
#8624 = EDGE_CURVE('',#8625,#8596,#8627,.T.);
#8625 = VERTEX_POINT('',#8626);
#8626 = CARTESIAN_POINT('',(10.144895497288,19.057690933541,59.9));
#8627 = SURFACE_CURVE('',#8628,(#8633,#8640),.PCURVE_S1.);
#8628 = CIRCLE('',#8629,3.);
#8629 = AXIS2_PLACEMENT_3D('',#8630,#8631,#8632);
#8630 = CARTESIAN_POINT('',(7.243796808301,19.821645380322,59.9));
#8631 = DIRECTION('',(0.,1.110223024625E-16,-1.));
#8632 = DIRECTION('',(0.,1.,1.110223024625E-16));
#8633 = PCURVE('',#2825,#8634);
#8634 = DEFINITIONAL_REPRESENTATION('',(#8635),#8639);
#8635 = CIRCLE('',#8636,3.);
#8636 = AXIS2_PLACEMENT_2D('',#8637,#8638);
#8637 = CARTESIAN_POINT('',(-22.17835461967,-15.25620319169));
#8638 = DIRECTION('',(1.,0.));
#8639 = ( GEOMETRIC_REPRESENTATION_CONTEXT(2) 
PARAMETRIC_REPRESENTATION_CONTEXT() REPRESENTATION_CONTEXT('2D SPACE',''
  ) );
#8640 = PCURVE('',#8641,#8646);
#8641 = CYLINDRICAL_SURFACE('',#8642,3.);
#8642 = AXIS2_PLACEMENT_3D('',#8643,#8644,#8645);
#8643 = CARTESIAN_POINT('',(7.243796808301,19.821645380322,66.9));
#8644 = DIRECTION('',(0.,1.110223024625E-16,-1.));
#8645 = DIRECTION('',(0.,1.,1.110223024625E-16));
#8646 = DEFINITIONAL_REPRESENTATION('',(#8647),#8651);
#8647 = LINE('',#8648,#8649);
#8648 = CARTESIAN_POINT('',(0.,7.));
#8649 = VECTOR('',#8650,1.);
#8650 = DIRECTION('',(1.,0.));
#8651 = ( GEOMETRIC_REPRESENTATION_CONTEXT(2) 
PARAMETRIC_REPRESENTATION_CONTEXT() REPRESENTATION_CONTEXT('2D SPACE',''
  ) );
#8652 = ORIENTED_EDGE('',*,*,#8653,.F.);
#8653 = EDGE_CURVE('',#8654,#8625,#8656,.T.);
#8654 = VERTEX_POINT('',#8655);
#8655 = CARTESIAN_POINT('',(10.238991819894,19.33372142534,59.9));
#8656 = SURFACE_CURVE('',#8657,(#8662,#8669),.PCURVE_S1.);
#8657 = CIRCLE('',#8658,3.);
#8658 = AXIS2_PLACEMENT_3D('',#8659,#8660,#8661);
#8659 = CARTESIAN_POINT('',(7.355753520698,20.162537997357,59.9));
#8660 = DIRECTION('',(0.,1.110223024625E-16,-1.));
#8661 = DIRECTION('',(0.,1.,1.110223024625E-16));
#8662 = PCURVE('',#2825,#8663);
#8663 = DEFINITIONAL_REPRESENTATION('',(#8664),#8668);
#8664 = CIRCLE('',#8665,3.);
#8665 = AXIS2_PLACEMENT_2D('',#8666,#8667);
#8666 = CARTESIAN_POINT('',(-21.83746200264,-15.1442464793));
#8667 = DIRECTION('',(1.,0.));
#8668 = ( GEOMETRIC_REPRESENTATION_CONTEXT(2) 
PARAMETRIC_REPRESENTATION_CONTEXT() REPRESENTATION_CONTEXT('2D SPACE',''
  ) );
#8669 = PCURVE('',#8670,#8675);
#8670 = CYLINDRICAL_SURFACE('',#8671,3.);
#8671 = AXIS2_PLACEMENT_3D('',#8672,#8673,#8674);
#8672 = CARTESIAN_POINT('',(7.355753520698,20.162537997357,66.9));
#8673 = DIRECTION('',(0.,1.110223024625E-16,-1.));
#8674 = DIRECTION('',(0.,1.,1.110223024625E-16));
#8675 = DEFINITIONAL_REPRESENTATION('',(#8676),#8680);
#8676 = LINE('',#8677,#8678);
#8677 = CARTESIAN_POINT('',(0.,7.));
#8678 = VECTOR('',#8679,1.);
#8679 = DIRECTION('',(1.,0.));
#8680 = ( GEOMETRIC_REPRESENTATION_CONTEXT(2) 
PARAMETRIC_REPRESENTATION_CONTEXT() REPRESENTATION_CONTEXT('2D SPACE',''
  ) );
#8681 = ORIENTED_EDGE('',*,*,#8682,.F.);
#8682 = EDGE_CURVE('',#8683,#8654,#8685,.T.);
#8683 = VERTEX_POINT('',#8684);
#8684 = CARTESIAN_POINT('',(10.339254188276,19.607572494026,59.9));
#8685 = SURFACE_CURVE('',#8686,(#8691,#8698),.PCURVE_S1.);
#8686 = CIRCLE('',#8687,3.);
#8687 = AXIS2_PLACEMENT_3D('',#8688,#8689,#8690);
#8688 = CARTESIAN_POINT('',(7.475326255827,20.500834380451,59.9));
#8689 = DIRECTION('',(0.,1.110223024625E-16,-1.));
#8690 = DIRECTION('',(0.,1.,1.110223024625E-16));
#8691 = PCURVE('',#2825,#8692);
#8692 = DEFINITIONAL_REPRESENTATION('',(#8693),#8697);
#8693 = CIRCLE('',#8694,3.);
#8694 = AXIS2_PLACEMENT_2D('',#8695,#8696);
#8695 = CARTESIAN_POINT('',(-21.49916561954,-15.02467374417));
#8696 = DIRECTION('',(1.,0.));
#8697 = ( GEOMETRIC_REPRESENTATION_CONTEXT(2) 
PARAMETRIC_REPRESENTATION_CONTEXT() REPRESENTATION_CONTEXT('2D SPACE',''
  ) );
#8698 = PCURVE('',#8699,#8704);
#8699 = CYLINDRICAL_SURFACE('',#8700,3.);
#8700 = AXIS2_PLACEMENT_3D('',#8701,#8702,#8703);
#8701 = CARTESIAN_POINT('',(7.475326255827,20.500834380451,66.9));
#8702 = DIRECTION('',(0.,1.110223024625E-16,-1.));
#8703 = DIRECTION('',(0.,1.,1.110223024625E-16));
#8704 = DEFINITIONAL_REPRESENTATION('',(#8705),#8709);
#8705 = LINE('',#8706,#8707);
#8706 = CARTESIAN_POINT('',(0.,7.));
#8707 = VECTOR('',#8708,1.);
#8708 = DIRECTION('',(1.,0.));
#8709 = ( GEOMETRIC_REPRESENTATION_CONTEXT(2) 
PARAMETRIC_REPRESENTATION_CONTEXT() REPRESENTATION_CONTEXT('2D SPACE',''
  ) );
#8710 = ORIENTED_EDGE('',*,*,#8711,.F.);
#8711 = EDGE_CURVE('',#8712,#8683,#8714,.T.);
#8712 = VERTEX_POINT('',#8713);
#8713 = CARTESIAN_POINT('',(10.445632180609,19.879106420227,59.9));
#8714 = SURFACE_CURVE('',#8715,(#8720,#8727),.PCURVE_S1.);
#8715 = CIRCLE('',#8716,3.);
#8716 = AXIS2_PLACEMENT_3D('',#8717,#8718,#8719);
#8717 = CARTESIAN_POINT('',(7.602454880706,20.836364400771,59.9));
#8718 = DIRECTION('',(0.,1.110223024625E-16,-1.));
#8719 = DIRECTION('',(0.,1.,1.110223024625E-16));
#8720 = PCURVE('',#2825,#8721);
#8721 = DEFINITIONAL_REPRESENTATION('',(#8722),#8726);
#8722 = CIRCLE('',#8723,3.);
#8723 = AXIS2_PLACEMENT_2D('',#8724,#8725);
#8724 = CARTESIAN_POINT('',(-21.16363559922,-14.89754511929));
#8725 = DIRECTION('',(1.,0.));
#8726 = ( GEOMETRIC_REPRESENTATION_CONTEXT(2) 
PARAMETRIC_REPRESENTATION_CONTEXT() REPRESENTATION_CONTEXT('2D SPACE',''
  ) );
#8727 = PCURVE('',#8728,#8733);
#8728 = CYLINDRICAL_SURFACE('',#8729,3.);
#8729 = AXIS2_PLACEMENT_3D('',#8730,#8731,#8732);
#8730 = CARTESIAN_POINT('',(7.602454880706,20.836364400771,66.9));
#8731 = DIRECTION('',(0.,1.110223024625E-16,-1.));
#8732 = DIRECTION('',(0.,1.,1.110223024625E-16));
#8733 = DEFINITIONAL_REPRESENTATION('',(#8734),#8738);
#8734 = LINE('',#8735,#8736);
#8735 = CARTESIAN_POINT('',(0.,7.));
#8736 = VECTOR('',#8737,1.);
#8737 = DIRECTION('',(1.,0.));
#8738 = ( GEOMETRIC_REPRESENTATION_CONTEXT(2) 
PARAMETRIC_REPRESENTATION_CONTEXT() REPRESENTATION_CONTEXT('2D SPACE',''
  ) );
#8739 = ORIENTED_EDGE('',*,*,#8740,.F.);
#8740 = EDGE_CURVE('',#8741,#8712,#8743,.T.);
#8741 = VERTEX_POINT('',#8742);
#8742 = CARTESIAN_POINT('',(10.558072299536,20.148186649876,59.9));
#8743 = SURFACE_CURVE('',#8744,(#8749,#8756),.PCURVE_S1.);
#8744 = CIRCLE('',#8745,3.);
#8745 = AXIS2_PLACEMENT_3D('',#8746,#8747,#8748);
#8746 = CARTESIAN_POINT('',(7.737075462508,21.168959320689,59.9));
#8747 = DIRECTION('',(0.,1.110223024625E-16,-1.));
#8748 = DIRECTION('',(0.,1.,1.110223024625E-16));
#8749 = PCURVE('',#2825,#8750);
#8750 = DEFINITIONAL_REPRESENTATION('',(#8751),#8755);
#8751 = CIRCLE('',#8752,3.);
#8752 = AXIS2_PLACEMENT_2D('',#8753,#8754);
#8753 = CARTESIAN_POINT('',(-20.83104067931,-14.76292453749));
#8754 = DIRECTION('',(1.,0.));
#8755 = ( GEOMETRIC_REPRESENTATION_CONTEXT(2) 
PARAMETRIC_REPRESENTATION_CONTEXT() REPRESENTATION_CONTEXT('2D SPACE',''
  ) );
#8756 = PCURVE('',#8757,#8762);
#8757 = CYLINDRICAL_SURFACE('',#8758,3.);
#8758 = AXIS2_PLACEMENT_3D('',#8759,#8760,#8761);
#8759 = CARTESIAN_POINT('',(7.737075462508,21.168959320689,66.9));
#8760 = DIRECTION('',(0.,1.110223024625E-16,-1.));
#8761 = DIRECTION('',(0.,1.,1.110223024625E-16));
#8762 = DEFINITIONAL_REPRESENTATION('',(#8763),#8767);
#8763 = LINE('',#8764,#8765);
#8764 = CARTESIAN_POINT('',(0.,7.));
#8765 = VECTOR('',#8766,1.);
#8766 = DIRECTION('',(1.,0.));
#8767 = ( GEOMETRIC_REPRESENTATION_CONTEXT(2) 
PARAMETRIC_REPRESENTATION_CONTEXT() REPRESENTATION_CONTEXT('2D SPACE',''
  ) );
#8768 = ORIENTED_EDGE('',*,*,#8769,.F.);
#8769 = EDGE_CURVE('',#8770,#8741,#8772,.T.);
#8770 = VERTEX_POINT('',#8771);
#8771 = CARTESIAN_POINT('',(10.676517999059,20.414677862856,59.9));
#8772 = SURFACE_CURVE('',#8773,(#8778,#8785),.PCURVE_S1.);
#8773 = CIRCLE('',#8774,3.);
#8774 = AXIS2_PLACEMENT_3D('',#8775,#8776,#8777);
#8775 = CARTESIAN_POINT('',(7.87912030071,21.498451878633,59.9));
#8776 = DIRECTION('',(0.,1.110223024625E-16,-1.));
#8777 = DIRECTION('',(0.,1.,1.110223024625E-16));
#8778 = PCURVE('',#2825,#8779);
#8779 = DEFINITIONAL_REPRESENTATION('',(#8780),#8784);
#8780 = CIRCLE('',#8781,3.);
#8781 = AXIS2_PLACEMENT_2D('',#8782,#8783);
#8782 = CARTESIAN_POINT('',(-20.50154812136,-14.62087969929));
#8783 = DIRECTION('',(1.,0.));
#8784 = ( GEOMETRIC_REPRESENTATION_CONTEXT(2) 
PARAMETRIC_REPRESENTATION_CONTEXT() REPRESENTATION_CONTEXT('2D SPACE',''
  ) );
#8785 = PCURVE('',#8786,#8791);
#8786 = CYLINDRICAL_SURFACE('',#8787,3.);
#8787 = AXIS2_PLACEMENT_3D('',#8788,#8789,#8790);
#8788 = CARTESIAN_POINT('',(7.87912030071,21.498451878633,66.9));
#8789 = DIRECTION('',(0.,1.110223024625E-16,-1.));
#8790 = DIRECTION('',(0.,1.,1.110223024625E-16));
#8791 = DEFINITIONAL_REPRESENTATION('',(#8792),#8796);
#8792 = LINE('',#8793,#8794);
#8793 = CARTESIAN_POINT('',(0.,7.));
#8794 = VECTOR('',#8795,1.);
#8795 = DIRECTION('',(1.,0.));
#8796 = ( GEOMETRIC_REPRESENTATION_CONTEXT(2) 
PARAMETRIC_REPRESENTATION_CONTEXT() REPRESENTATION_CONTEXT('2D SPACE',''
  ) );
#8797 = ORIENTED_EDGE('',*,*,#8798,.F.);
#8798 = EDGE_CURVE('',#8799,#8770,#8801,.T.);
#8799 = VERTEX_POINT('',#8800);
#8800 = CARTESIAN_POINT('',(10.800909712988,20.678446041076,59.9));
#8801 = SURFACE_CURVE('',#8802,(#8807,#8814),.PCURVE_S1.);
#8802 = CIRCLE('',#8803,3.);
#8803 = AXIS2_PLACEMENT_3D('',#8804,#8805,#8806);
#8804 = CARTESIAN_POINT('',(8.02851796114,21.824676373204,59.9));
#8805 = DIRECTION('',(0.,1.110223024625E-16,-1.));
#8806 = DIRECTION('',(0.,1.,1.110223024625E-16));
#8807 = PCURVE('',#2825,#8808);
#8808 = DEFINITIONAL_REPRESENTATION('',(#8809),#8813);
#8809 = CIRCLE('',#8810,3.);
#8810 = AXIS2_PLACEMENT_2D('',#8811,#8812);
#8811 = CARTESIAN_POINT('',(-20.17532362679,-14.47148203886));
#8812 = DIRECTION('',(1.,0.));
#8813 = ( GEOMETRIC_REPRESENTATION_CONTEXT(2) 
PARAMETRIC_REPRESENTATION_CONTEXT() REPRESENTATION_CONTEXT('2D SPACE',''
  ) );
#8814 = PCURVE('',#8815,#8820);
#8815 = CYLINDRICAL_SURFACE('',#8816,3.);
#8816 = AXIS2_PLACEMENT_3D('',#8817,#8818,#8819);
#8817 = CARTESIAN_POINT('',(8.02851796114,21.824676373204,66.9));
#8818 = DIRECTION('',(0.,1.110223024625E-16,-1.));
#8819 = DIRECTION('',(0.,1.,1.110223024625E-16));
#8820 = DEFINITIONAL_REPRESENTATION('',(#8821),#8825);
#8821 = LINE('',#8822,#8823);
#8822 = CARTESIAN_POINT('',(0.,7.));
#8823 = VECTOR('',#8824,1.);
#8824 = DIRECTION('',(1.,0.));
#8825 = ( GEOMETRIC_REPRESENTATION_CONTEXT(2) 
PARAMETRIC_REPRESENTATION_CONTEXT() REPRESENTATION_CONTEXT('2D SPACE',''
  ) );
#8826 = ORIENTED_EDGE('',*,*,#8827,.F.);
#8827 = EDGE_CURVE('',#8828,#8799,#8830,.T.);
#8828 = VERTEX_POINT('',#8829);
#8829 = CARTESIAN_POINT('',(10.931184884877,20.939358535833,59.9));
#8830 = SURFACE_CURVE('',#8831,(#8836,#8843),.PCURVE_S1.);
#8831 = CIRCLE('',#8832,3.);
#8832 = AXIS2_PLACEMENT_3D('',#8833,#8834,#8835);
#8833 = CARTESIAN_POINT('',(8.1851933119,22.147468746509,59.9));
#8834 = DIRECTION('',(0.,1.110223024625E-16,-1.));
#8835 = DIRECTION('',(0.,1.,1.110223024625E-16));
#8836 = PCURVE('',#2825,#8837);
#8837 = DEFINITIONAL_REPRESENTATION('',(#8838),#8842);
#8838 = CIRCLE('',#8839,3.);
#8839 = AXIS2_PLACEMENT_2D('',#8840,#8841);
#8840 = CARTESIAN_POINT('',(-19.85253125349,-14.3148066881));
#8841 = DIRECTION('',(1.,0.));
#8842 = ( GEOMETRIC_REPRESENTATION_CONTEXT(2) 
PARAMETRIC_REPRESENTATION_CONTEXT() REPRESENTATION_CONTEXT('2D SPACE',''
  ) );
#8843 = PCURVE('',#8844,#8849);
#8844 = CYLINDRICAL_SURFACE('',#8845,3.);
#8845 = AXIS2_PLACEMENT_3D('',#8846,#8847,#8848);
#8846 = CARTESIAN_POINT('',(8.1851933119,22.147468746509,66.9));
#8847 = DIRECTION('',(0.,1.110223024625E-16,-1.));
#8848 = DIRECTION('',(0.,1.,1.110223024625E-16));
#8849 = DEFINITIONAL_REPRESENTATION('',(#8850),#8854);
#8850 = LINE('',#8851,#8852);
#8851 = CARTESIAN_POINT('',(0.,7.));
#8852 = VECTOR('',#8853,1.);
#8853 = DIRECTION('',(1.,0.));
#8854 = ( GEOMETRIC_REPRESENTATION_CONTEXT(2) 
PARAMETRIC_REPRESENTATION_CONTEXT() REPRESENTATION_CONTEXT('2D SPACE',''
  ) );
#8855 = ORIENTED_EDGE('',*,*,#8856,.T.);
#8856 = EDGE_CURVE('',#8828,#8857,#8859,.T.);
#8857 = VERTEX_POINT('',#8858);
#8858 = CARTESIAN_POINT('',(5.603075988174,23.674776877345,59.9));
#8859 = SURFACE_CURVE('',#8860,(#8865,#8876),.PCURVE_S1.);
#8860 = CIRCLE('',#8861,3.);
#8861 = AXIS2_PLACEMENT_3D('',#8862,#8863,#8864);
#8862 = CARTESIAN_POINT('',(8.34906756115,22.466666666667,59.9));
#8863 = DIRECTION('',(-5.9959202536E-34,-1.110223024625E-16,1.));
#8864 = DIRECTION('',(0.860705774576,-0.509102710278,-5.652175508496E-17
    ));
#8865 = PCURVE('',#2825,#8866);
#8866 = DEFINITIONAL_REPRESENTATION('',(#8867),#8875);
#8867 = ( BOUNDED_CURVE() B_SPLINE_CURVE(2,(#8868,#8869,#8870,#8871,
#8872,#8873,#8874),.UNSPECIFIED.,.T.,.F.) B_SPLINE_CURVE_WITH_KNOTS((1,2
    ,2,2,2,1),(-2.094395102393,0.,2.094395102393,4.188790204786,
6.28318530718,8.377580409573),.UNSPECIFIED.) CURVE() 
GEOMETRIC_REPRESENTATION_ITEM() RATIONAL_B_SPLINE_CURVE((1.,0.5,1.,0.5,
1.,0.5,1.)) REPRESENTATION_ITEM('') );
#8868 = CARTESIAN_POINT('',(-21.06064146416,-11.56881511512));
#8869 = CARTESIAN_POINT('',(-16.58828306836,-8.923439833706));
#8870 = CARTESIAN_POINT('',(-16.53350007001,-14.11930346));
#8871 = CARTESIAN_POINT('',(-16.47871707166,-19.3151670863));
#8872 = CARTESIAN_POINT('',(-21.00585846581,-16.76467874142));
#8873 = CARTESIAN_POINT('',(-25.53299985996,-14.21419039654));
#8874 = CARTESIAN_POINT('',(-21.06064146416,-11.56881511512));
#8875 = ( GEOMETRIC_REPRESENTATION_CONTEXT(2) 
PARAMETRIC_REPRESENTATION_CONTEXT() REPRESENTATION_CONTEXT('2D SPACE',''
  ) );
#8876 = PCURVE('',#8877,#8882);
#8877 = CYLINDRICAL_SURFACE('',#8878,3.);
#8878 = AXIS2_PLACEMENT_3D('',#8879,#8880,#8881);
#8879 = CARTESIAN_POINT('',(8.34906756115,22.466666666667,66.9));
#8880 = DIRECTION('',(0.,1.110223024625E-16,-1.));
#8881 = DIRECTION('',(0.,1.,1.110223024625E-16));
#8882 = DEFINITIONAL_REPRESENTATION('',(#8883),#8887);
#8883 = LINE('',#8884,#8885);
#8884 = CARTESIAN_POINT('',(8.388123597848,7.));
#8885 = VECTOR('',#8886,1.);
#8886 = DIRECTION('',(-1.,-0.));
#8887 = ( GEOMETRIC_REPRESENTATION_CONTEXT(2) 
PARAMETRIC_REPRESENTATION_CONTEXT() REPRESENTATION_CONTEXT('2D SPACE',''
  ) );
#8888 = ORIENTED_EDGE('',*,*,#8889,.F.);
#8889 = EDGE_CURVE('',#8890,#8857,#8892,.T.);
#8890 = VERTEX_POINT('',#8891);
#8891 = CARTESIAN_POINT('',(5.412801560056,23.293699078643,59.9));
#8892 = SURFACE_CURVE('',#8893,(#8898,#8905),.PCURVE_S1.);
#8893 = CIRCLE('',#8894,3.);
#8894 = AXIS2_PLACEMENT_3D('',#8895,#8896,#8897);
#8895 = CARTESIAN_POINT('',(8.1851933119,22.147468746509,59.9));
#8896 = DIRECTION('',(0.,1.110223024625E-16,-1.));
#8897 = DIRECTION('',(0.,1.,1.110223024625E-16));
#8898 = PCURVE('',#2825,#8899);
#8899 = DEFINITIONAL_REPRESENTATION('',(#8900),#8904);
#8900 = CIRCLE('',#8901,3.);
#8901 = AXIS2_PLACEMENT_2D('',#8902,#8903);
#8902 = CARTESIAN_POINT('',(-19.85253125349,-14.3148066881));
#8903 = DIRECTION('',(1.,0.));
#8904 = ( GEOMETRIC_REPRESENTATION_CONTEXT(2) 
PARAMETRIC_REPRESENTATION_CONTEXT() REPRESENTATION_CONTEXT('2D SPACE',''
  ) );
#8905 = PCURVE('',#8906,#8911);
#8906 = CYLINDRICAL_SURFACE('',#8907,3.);
#8907 = AXIS2_PLACEMENT_3D('',#8908,#8909,#8910);
#8908 = CARTESIAN_POINT('',(8.1851933119,22.147468746509,66.9));
#8909 = DIRECTION('',(0.,1.110223024625E-16,-1.));
#8910 = DIRECTION('',(0.,1.,1.110223024625E-16));
#8911 = DEFINITIONAL_REPRESENTATION('',(#8912),#8916);
#8912 = LINE('',#8913,#8914);
#8913 = CARTESIAN_POINT('',(0.,7.));
#8914 = VECTOR('',#8915,1.);
#8915 = DIRECTION('',(1.,0.));
#8916 = ( GEOMETRIC_REPRESENTATION_CONTEXT(2) 
PARAMETRIC_REPRESENTATION_CONTEXT() REPRESENTATION_CONTEXT('2D SPACE',''
  ) );
#8917 = ORIENTED_EDGE('',*,*,#8918,.F.);
#8918 = EDGE_CURVE('',#8919,#8890,#8921,.T.);
#8919 = VERTEX_POINT('',#8920);
#8920 = CARTESIAN_POINT('',(5.23112026279,22.908450388977,59.9));
#8921 = SURFACE_CURVE('',#8922,(#8927,#8934),.PCURVE_S1.);
#8922 = CIRCLE('',#8923,3.);
#8923 = AXIS2_PLACEMENT_3D('',#8924,#8925,#8926);
#8924 = CARTESIAN_POINT('',(8.02851796114,21.824676373204,59.9));
#8925 = DIRECTION('',(0.,1.110223024625E-16,-1.));
#8926 = DIRECTION('',(0.,1.,1.110223024625E-16));
#8927 = PCURVE('',#2825,#8928);
#8928 = DEFINITIONAL_REPRESENTATION('',(#8929),#8933);
#8929 = CIRCLE('',#8930,3.);
#8930 = AXIS2_PLACEMENT_2D('',#8931,#8932);
#8931 = CARTESIAN_POINT('',(-20.17532362679,-14.47148203886));
#8932 = DIRECTION('',(1.,0.));
#8933 = ( GEOMETRIC_REPRESENTATION_CONTEXT(2) 
PARAMETRIC_REPRESENTATION_CONTEXT() REPRESENTATION_CONTEXT('2D SPACE',''
  ) );
#8934 = PCURVE('',#8935,#8940);
#8935 = CYLINDRICAL_SURFACE('',#8936,3.);
#8936 = AXIS2_PLACEMENT_3D('',#8937,#8938,#8939);
#8937 = CARTESIAN_POINT('',(8.02851796114,21.824676373204,66.9));
#8938 = DIRECTION('',(0.,1.110223024625E-16,-1.));
#8939 = DIRECTION('',(0.,1.,1.110223024625E-16));
#8940 = DEFINITIONAL_REPRESENTATION('',(#8941),#8945);
#8941 = LINE('',#8942,#8943);
#8942 = CARTESIAN_POINT('',(0.,7.));
#8943 = VECTOR('',#8944,1.);
#8944 = DIRECTION('',(1.,0.));
#8945 = ( GEOMETRIC_REPRESENTATION_CONTEXT(2) 
PARAMETRIC_REPRESENTATION_CONTEXT() REPRESENTATION_CONTEXT('2D SPACE',''
  ) );
#8946 = ORIENTED_EDGE('',*,*,#8947,.F.);
#8947 = EDGE_CURVE('',#8948,#8919,#8950,.T.);
#8948 = VERTEX_POINT('',#8949);
#8949 = CARTESIAN_POINT('',(5.058123463683,22.519224549447,59.9));
#8950 = SURFACE_CURVE('',#8951,(#8956,#8963),.PCURVE_S1.);
#8951 = CIRCLE('',#8952,3.);
#8952 = AXIS2_PLACEMENT_3D('',#8953,#8954,#8955);
#8953 = CARTESIAN_POINT('',(7.87912030071,21.498451878633,59.9));
#8954 = DIRECTION('',(0.,1.110223024625E-16,-1.));
#8955 = DIRECTION('',(0.,1.,1.110223024625E-16));
#8956 = PCURVE('',#2825,#8957);
#8957 = DEFINITIONAL_REPRESENTATION('',(#8958),#8962);
#8958 = CIRCLE('',#8959,3.);
#8959 = AXIS2_PLACEMENT_2D('',#8960,#8961);
#8960 = CARTESIAN_POINT('',(-20.50154812136,-14.62087969929));
#8961 = DIRECTION('',(1.,0.));
#8962 = ( GEOMETRIC_REPRESENTATION_CONTEXT(2) 
PARAMETRIC_REPRESENTATION_CONTEXT() REPRESENTATION_CONTEXT('2D SPACE',''
  ) );
#8963 = PCURVE('',#8964,#8969);
#8964 = CYLINDRICAL_SURFACE('',#8965,3.);
#8965 = AXIS2_PLACEMENT_3D('',#8966,#8967,#8968);
#8966 = CARTESIAN_POINT('',(7.87912030071,21.498451878633,66.9));
#8967 = DIRECTION('',(0.,1.110223024625E-16,-1.));
#8968 = DIRECTION('',(0.,1.,1.110223024625E-16));
#8969 = DEFINITIONAL_REPRESENTATION('',(#8970),#8974);
#8970 = LINE('',#8971,#8972);
#8971 = CARTESIAN_POINT('',(0.,7.));
#8972 = VECTOR('',#8973,1.);
#8973 = DIRECTION('',(1.,0.));
#8974 = ( GEOMETRIC_REPRESENTATION_CONTEXT(2) 
PARAMETRIC_REPRESENTATION_CONTEXT() REPRESENTATION_CONTEXT('2D SPACE',''
  ) );
#8975 = ORIENTED_EDGE('',*,*,#8976,.F.);
#8976 = EDGE_CURVE('',#8977,#8948,#8979,.T.);
#8977 = VERTEX_POINT('',#8978);
#8978 = CARTESIAN_POINT('',(4.893898162606,22.126217301235,59.9));
#8979 = SURFACE_CURVE('',#8980,(#8985,#8992),.PCURVE_S1.);
#8980 = CIRCLE('',#8981,3.);
#8981 = AXIS2_PLACEMENT_3D('',#8982,#8983,#8984);
#8982 = CARTESIAN_POINT('',(7.737075462508,21.168959320689,59.9));
#8983 = DIRECTION('',(0.,1.110223024625E-16,-1.));
#8984 = DIRECTION('',(0.,1.,1.110223024625E-16));
#8985 = PCURVE('',#2825,#8986);
#8986 = DEFINITIONAL_REPRESENTATION('',(#8987),#8991);
#8987 = CIRCLE('',#8988,3.);
#8988 = AXIS2_PLACEMENT_2D('',#8989,#8990);
#8989 = CARTESIAN_POINT('',(-20.83104067931,-14.76292453749));
#8990 = DIRECTION('',(1.,0.));
#8991 = ( GEOMETRIC_REPRESENTATION_CONTEXT(2) 
PARAMETRIC_REPRESENTATION_CONTEXT() REPRESENTATION_CONTEXT('2D SPACE',''
  ) );
#8992 = PCURVE('',#8993,#8998);
#8993 = CYLINDRICAL_SURFACE('',#8994,3.);
#8994 = AXIS2_PLACEMENT_3D('',#8995,#8996,#8997);
#8995 = CARTESIAN_POINT('',(7.737075462508,21.168959320689,66.9));
#8996 = DIRECTION('',(0.,1.110223024625E-16,-1.));
#8997 = DIRECTION('',(0.,1.,1.110223024625E-16));
#8998 = DEFINITIONAL_REPRESENTATION('',(#8999),#9003);
#8999 = LINE('',#9000,#9001);
#9000 = CARTESIAN_POINT('',(0.,7.));
#9001 = VECTOR('',#9002,1.);
#9002 = DIRECTION('',(1.,0.));
#9003 = ( GEOMETRIC_REPRESENTATION_CONTEXT(2) 
PARAMETRIC_REPRESENTATION_CONTEXT() REPRESENTATION_CONTEXT('2D SPACE',''
  ) );
#9004 = ORIENTED_EDGE('',*,*,#9005,.F.);
#9005 = EDGE_CURVE('',#9006,#8977,#9008,.T.);
#9006 = VERTEX_POINT('',#9007);
#9007 = CARTESIAN_POINT('',(4.738526948259,21.729626287202,59.9));
#9008 = SURFACE_CURVE('',#9009,(#9014,#9021),.PCURVE_S1.);
#9009 = CIRCLE('',#9010,3.);
#9010 = AXIS2_PLACEMENT_3D('',#9011,#9012,#9013);
#9011 = CARTESIAN_POINT('',(7.602454880706,20.836364400771,59.9));
#9012 = DIRECTION('',(0.,1.110223024625E-16,-1.));
#9013 = DIRECTION('',(0.,1.,1.110223024625E-16));
#9014 = PCURVE('',#2825,#9015);
#9015 = DEFINITIONAL_REPRESENTATION('',(#9016),#9020);
#9016 = CIRCLE('',#9017,3.);
#9017 = AXIS2_PLACEMENT_2D('',#9018,#9019);
#9018 = CARTESIAN_POINT('',(-21.16363559922,-14.89754511929));
#9019 = DIRECTION('',(1.,0.));
#9020 = ( GEOMETRIC_REPRESENTATION_CONTEXT(2) 
PARAMETRIC_REPRESENTATION_CONTEXT() REPRESENTATION_CONTEXT('2D SPACE',''
  ) );
#9021 = PCURVE('',#9022,#9027);
#9022 = CYLINDRICAL_SURFACE('',#9023,3.);
#9023 = AXIS2_PLACEMENT_3D('',#9024,#9025,#9026);
#9024 = CARTESIAN_POINT('',(7.602454880706,20.836364400771,66.9));
#9025 = DIRECTION('',(0.,1.110223024625E-16,-1.));
#9026 = DIRECTION('',(0.,1.,1.110223024625E-16));
#9027 = DEFINITIONAL_REPRESENTATION('',(#9028),#9032);
#9028 = LINE('',#9029,#9030);
#9029 = CARTESIAN_POINT('',(0.,7.));
#9030 = VECTOR('',#9031,1.);
#9031 = DIRECTION('',(1.,0.));
#9032 = ( GEOMETRIC_REPRESENTATION_CONTEXT(2) 
PARAMETRIC_REPRESENTATION_CONTEXT() REPRESENTATION_CONTEXT('2D SPACE',''
  ) );
#9033 = ORIENTED_EDGE('',*,*,#9034,.F.);
#9034 = EDGE_CURVE('',#9035,#9006,#9037,.T.);
#9035 = VERTEX_POINT('',#9036);
#9036 = CARTESIAN_POINT('',(4.592087956631,21.32965095247,59.9));
#9037 = SURFACE_CURVE('',#9038,(#9043,#9050),.PCURVE_S1.);
#9038 = CIRCLE('',#9039,3.);
#9039 = AXIS2_PLACEMENT_3D('',#9040,#9041,#9042);
#9040 = CARTESIAN_POINT('',(7.475326255827,20.500834380451,59.9));
#9041 = DIRECTION('',(0.,1.110223024625E-16,-1.));
#9042 = DIRECTION('',(0.,1.,1.110223024625E-16));
#9043 = PCURVE('',#2825,#9044);
#9044 = DEFINITIONAL_REPRESENTATION('',(#9045),#9049);
#9045 = CIRCLE('',#9046,3.);
#9046 = AXIS2_PLACEMENT_2D('',#9047,#9048);
#9047 = CARTESIAN_POINT('',(-21.49916561954,-15.02467374417));
#9048 = DIRECTION('',(1.,0.));
#9049 = ( GEOMETRIC_REPRESENTATION_CONTEXT(2) 
PARAMETRIC_REPRESENTATION_CONTEXT() REPRESENTATION_CONTEXT('2D SPACE',''
  ) );
#9050 = PCURVE('',#9051,#9056);
#9051 = CYLINDRICAL_SURFACE('',#9052,3.);
#9052 = AXIS2_PLACEMENT_3D('',#9053,#9054,#9055);
#9053 = CARTESIAN_POINT('',(7.475326255827,20.500834380451,66.9));
#9054 = DIRECTION('',(0.,1.110223024625E-16,-1.));
#9055 = DIRECTION('',(0.,1.,1.110223024625E-16));
#9056 = DEFINITIONAL_REPRESENTATION('',(#9057),#9061);
#9057 = LINE('',#9058,#9059);
#9058 = CARTESIAN_POINT('',(0.,7.));
#9059 = VECTOR('',#9060,1.);
#9060 = DIRECTION('',(1.,0.));
#9061 = ( GEOMETRIC_REPRESENTATION_CONTEXT(2) 
PARAMETRIC_REPRESENTATION_CONTEXT() REPRESENTATION_CONTEXT('2D SPACE',''
  ) );
#9062 = ORIENTED_EDGE('',*,*,#9063,.F.);
#9063 = EDGE_CURVE('',#9064,#9035,#9066,.T.);
#9064 = VERTEX_POINT('',#9065);
#9065 = CARTESIAN_POINT('',(4.454654831713,20.926492444145,59.9));
#9066 = SURFACE_CURVE('',#9067,(#9072,#9079),.PCURVE_S1.);
#9067 = CIRCLE('',#9068,3.);
#9068 = AXIS2_PLACEMENT_3D('',#9069,#9070,#9071);
#9069 = CARTESIAN_POINT('',(7.355753520698,20.162537997357,59.9));
#9070 = DIRECTION('',(0.,1.110223024625E-16,-1.));
#9071 = DIRECTION('',(0.,1.,1.110223024625E-16));
#9072 = PCURVE('',#2825,#9073);
#9073 = DEFINITIONAL_REPRESENTATION('',(#9074),#9078);
#9074 = CIRCLE('',#9075,3.);
#9075 = AXIS2_PLACEMENT_2D('',#9076,#9077);
#9076 = CARTESIAN_POINT('',(-21.83746200264,-15.1442464793));
#9077 = DIRECTION('',(1.,0.));
#9078 = ( GEOMETRIC_REPRESENTATION_CONTEXT(2) 
PARAMETRIC_REPRESENTATION_CONTEXT() REPRESENTATION_CONTEXT('2D SPACE',''
  ) );
#9079 = PCURVE('',#9080,#9085);
#9080 = CYLINDRICAL_SURFACE('',#9081,3.);
#9081 = AXIS2_PLACEMENT_3D('',#9082,#9083,#9084);
#9082 = CARTESIAN_POINT('',(7.355753520698,20.162537997357,66.9));
#9083 = DIRECTION('',(0.,1.110223024625E-16,-1.));
#9084 = DIRECTION('',(0.,1.,1.110223024625E-16));
#9085 = DEFINITIONAL_REPRESENTATION('',(#9086),#9090);
#9086 = LINE('',#9087,#9088);
#9087 = CARTESIAN_POINT('',(0.,7.));
#9088 = VECTOR('',#9089,1.);
#9089 = DIRECTION('',(1.,0.));
#9090 = ( GEOMETRIC_REPRESENTATION_CONTEXT(2) 
PARAMETRIC_REPRESENTATION_CONTEXT() REPRESENTATION_CONTEXT('2D SPACE',''
  ) );
#9091 = ORIENTED_EDGE('',*,*,#9092,.F.);
#9092 = EDGE_CURVE('',#9093,#9064,#9095,.T.);
#9093 = VERTEX_POINT('',#9094);
#9094 = CARTESIAN_POINT('',(4.326296688449,20.520353510133,59.9));
#9095 = SURFACE_CURVE('',#9096,(#9101,#9108),.PCURVE_S1.);
#9096 = CIRCLE('',#9097,3.);
#9097 = AXIS2_PLACEMENT_3D('',#9098,#9099,#9100);
#9098 = CARTESIAN_POINT('',(7.243796808301,19.821645380322,59.9));
#9099 = DIRECTION('',(0.,1.110223024625E-16,-1.));
#9100 = DIRECTION('',(0.,1.,1.110223024625E-16));
#9101 = PCURVE('',#2825,#9102);
#9102 = DEFINITIONAL_REPRESENTATION('',(#9103),#9107);
#9103 = CIRCLE('',#9104,3.);
#9104 = AXIS2_PLACEMENT_2D('',#9105,#9106);
#9105 = CARTESIAN_POINT('',(-22.17835461967,-15.25620319169));
#9106 = DIRECTION('',(1.,0.));
#9107 = ( GEOMETRIC_REPRESENTATION_CONTEXT(2) 
PARAMETRIC_REPRESENTATION_CONTEXT() REPRESENTATION_CONTEXT('2D SPACE',''
  ) );
#9108 = PCURVE('',#9109,#9114);
#9109 = CYLINDRICAL_SURFACE('',#9110,3.);
#9110 = AXIS2_PLACEMENT_3D('',#9111,#9112,#9113);
#9111 = CARTESIAN_POINT('',(7.243796808301,19.821645380322,66.9));
#9112 = DIRECTION('',(0.,1.110223024625E-16,-1.));
#9113 = DIRECTION('',(0.,1.,1.110223024625E-16));
#9114 = DEFINITIONAL_REPRESENTATION('',(#9115),#9119);
#9115 = LINE('',#9116,#9117);
#9116 = CARTESIAN_POINT('',(0.,7.));
#9117 = VECTOR('',#9118,1.);
#9118 = DIRECTION('',(1.,0.));
#9119 = ( GEOMETRIC_REPRESENTATION_CONTEXT(2) 
PARAMETRIC_REPRESENTATION_CONTEXT() REPRESENTATION_CONTEXT('2D SPACE',''
  ) );
#9120 = ORIENTED_EDGE('',*,*,#9121,.F.);
#9121 = EDGE_CURVE('',#9122,#9093,#9124,.T.);
#9122 = VERTEX_POINT('',#9123);
#9123 = CARTESIAN_POINT('',(4.20707807799,20.111438397201,59.9));
#9124 = SURFACE_CURVE('',#9125,(#9130,#9137),.PCURVE_S1.);
#9125 = CIRCLE('',#9126,3.);
#9126 = AXIS2_PLACEMENT_3D('',#9127,#9128,#9129);
#9127 = CARTESIAN_POINT('',(7.139512421525,19.478327963818,59.9));
#9128 = DIRECTION('',(0.,1.110223024625E-16,-1.));
#9129 = DIRECTION('',(0.,1.,1.110223024625E-16));
#9130 = PCURVE('',#2825,#9131);
#9131 = DEFINITIONAL_REPRESENTATION('',(#9132),#9136);
#9132 = CIRCLE('',#9133,3.);
#9133 = AXIS2_PLACEMENT_2D('',#9134,#9135);
#9134 = CARTESIAN_POINT('',(-22.52167203618,-15.36048757847));
#9135 = DIRECTION('',(1.,0.));
#9136 = ( GEOMETRIC_REPRESENTATION_CONTEXT(2) 
PARAMETRIC_REPRESENTATION_CONTEXT() REPRESENTATION_CONTEXT('2D SPACE',''
  ) );
#9137 = PCURVE('',#9138,#9143);
#9138 = CYLINDRICAL_SURFACE('',#9139,3.);
#9139 = AXIS2_PLACEMENT_3D('',#9140,#9141,#9142);
#9140 = CARTESIAN_POINT('',(7.139512421525,19.478327963818,66.9));
#9141 = DIRECTION('',(0.,1.110223024625E-16,-1.));
#9142 = DIRECTION('',(0.,1.,1.110223024625E-16));
#9143 = DEFINITIONAL_REPRESENTATION('',(#9144),#9148);
#9144 = LINE('',#9145,#9146);
#9145 = CARTESIAN_POINT('',(0.,7.));
#9146 = VECTOR('',#9147,1.);
#9147 = DIRECTION('',(1.,0.));
#9148 = ( GEOMETRIC_REPRESENTATION_CONTEXT(2) 
PARAMETRIC_REPRESENTATION_CONTEXT() REPRESENTATION_CONTEXT('2D SPACE',''
  ) );
#9149 = ORIENTED_EDGE('',*,*,#9150,.F.);
#9150 = EDGE_CURVE('',#9151,#9122,#9153,.T.);
#9151 = VERTEX_POINT('',#9152);
#9152 = CARTESIAN_POINT('',(4.09705895523,19.699952748255,59.9));
#9153 = SURFACE_CURVE('',#9154,(#9159,#9166),.PCURVE_S1.);
#9154 = CIRCLE('',#9155,3.);
#9155 = AXIS2_PLACEMENT_3D('',#9156,#9157,#9158);
#9156 = CARTESIAN_POINT('',(7.04295280486,19.132758401748,59.9));
#9157 = DIRECTION('',(0.,1.110223024625E-16,-1.));
#9158 = DIRECTION('',(0.,1.,1.110223024625E-16));
#9159 = PCURVE('',#2825,#9160);
#9160 = DEFINITIONAL_REPRESENTATION('',(#9161),#9165);
#9161 = CIRCLE('',#9162,3.);
#9162 = AXIS2_PLACEMENT_2D('',#9163,#9164);
#9163 = CARTESIAN_POINT('',(-22.86724159825,-15.45704719514));
#9164 = DIRECTION('',(1.,0.));
#9165 = ( GEOMETRIC_REPRESENTATION_CONTEXT(2) 
PARAMETRIC_REPRESENTATION_CONTEXT() REPRESENTATION_CONTEXT('2D SPACE',''
  ) );
#9166 = PCURVE('',#9167,#9172);
#9167 = CYLINDRICAL_SURFACE('',#9168,3.);
#9168 = AXIS2_PLACEMENT_3D('',#9169,#9170,#9171);
#9169 = CARTESIAN_POINT('',(7.04295280486,19.132758401748,66.9));
#9170 = DIRECTION('',(0.,1.110223024625E-16,-1.));
#9171 = DIRECTION('',(0.,1.,1.110223024625E-16));
#9172 = DEFINITIONAL_REPRESENTATION('',(#9173),#9177);
#9173 = LINE('',#9174,#9175);
#9174 = CARTESIAN_POINT('',(0.,7.));
#9175 = VECTOR('',#9176,1.);
#9176 = DIRECTION('',(1.,0.));
#9177 = ( GEOMETRIC_REPRESENTATION_CONTEXT(2) 
PARAMETRIC_REPRESENTATION_CONTEXT() REPRESENTATION_CONTEXT('2D SPACE',''
  ) );
#9178 = ORIENTED_EDGE('',*,*,#9179,.F.);
#9179 = EDGE_CURVE('',#9180,#9151,#9182,.T.);
#9180 = VERTEX_POINT('',#9181);
#9181 = CARTESIAN_POINT('',(3.996294648647,19.286103498917,59.9));
#9182 = SURFACE_CURVE('',#9183,(#9188,#9195),.PCURVE_S1.);
#9183 = CIRCLE('',#9184,3.);
#9184 = AXIS2_PLACEMENT_3D('',#9185,#9186,#9187);
#9185 = CARTESIAN_POINT('',(6.954166518017,18.785110480614,59.9));
#9186 = DIRECTION('',(0.,1.110223024625E-16,-1.));
#9187 = DIRECTION('',(0.,1.,1.110223024625E-16));
#9188 = PCURVE('',#2825,#9189);
#9189 = DEFINITIONAL_REPRESENTATION('',(#9190),#9194);
#9190 = CIRCLE('',#9191,3.);
#9191 = AXIS2_PLACEMENT_2D('',#9192,#9193);
#9192 = CARTESIAN_POINT('',(-23.21488951938,-15.54583348198));
#9193 = DIRECTION('',(1.,0.));
#9194 = ( GEOMETRIC_REPRESENTATION_CONTEXT(2) 
PARAMETRIC_REPRESENTATION_CONTEXT() REPRESENTATION_CONTEXT('2D SPACE',''
  ) );
#9195 = PCURVE('',#9196,#9201);
#9196 = CYLINDRICAL_SURFACE('',#9197,3.);
#9197 = AXIS2_PLACEMENT_3D('',#9198,#9199,#9200);
#9198 = CARTESIAN_POINT('',(6.954166518017,18.785110480614,66.9));
#9199 = DIRECTION('',(0.,1.110223024625E-16,-1.));
#9200 = DIRECTION('',(0.,1.,1.110223024625E-16));
#9201 = DEFINITIONAL_REPRESENTATION('',(#9202),#9206);
#9202 = LINE('',#9203,#9204);
#9203 = CARTESIAN_POINT('',(0.,7.));
#9204 = VECTOR('',#9205,1.);
#9205 = DIRECTION('',(1.,0.));
#9206 = ( GEOMETRIC_REPRESENTATION_CONTEXT(2) 
PARAMETRIC_REPRESENTATION_CONTEXT() REPRESENTATION_CONTEXT('2D SPACE',''
  ) );
#9207 = ORIENTED_EDGE('',*,*,#9208,.F.);
#9208 = EDGE_CURVE('',#9209,#9180,#9211,.T.);
#9209 = VERTEX_POINT('',#9210);
#9210 = CARTESIAN_POINT('',(3.904835832485,18.870098773454,59.9));
#9211 = SURFACE_CURVE('',#9212,(#9217,#9224),.PCURVE_S1.);
#9212 = CIRCLE('',#9213,3.);
#9213 = AXIS2_PLACEMENT_3D('',#9214,#9215,#9216);
#9214 = CARTESIAN_POINT('',(6.873198211509,18.435559032124,59.9));
#9215 = DIRECTION('',(0.,1.110223024625E-16,-1.));
#9216 = DIRECTION('',(0.,1.,1.110223024625E-16));
#9217 = PCURVE('',#2825,#9218);
#9218 = DEFINITIONAL_REPRESENTATION('',(#9219),#9223);
#9219 = CIRCLE('',#9220,3.);
#9220 = AXIS2_PLACEMENT_2D('',#9221,#9222);
#9221 = CARTESIAN_POINT('',(-23.56444096787,-15.62680178849));
#9222 = DIRECTION('',(1.,0.));
#9223 = ( GEOMETRIC_REPRESENTATION_CONTEXT(2) 
PARAMETRIC_REPRESENTATION_CONTEXT() REPRESENTATION_CONTEXT('2D SPACE',''
  ) );
#9224 = PCURVE('',#9225,#9230);
#9225 = CYLINDRICAL_SURFACE('',#9226,3.);
#9226 = AXIS2_PLACEMENT_3D('',#9227,#9228,#9229);
#9227 = CARTESIAN_POINT('',(6.873198211509,18.435559032124,66.9));
#9228 = DIRECTION('',(0.,1.110223024625E-16,-1.));
#9229 = DIRECTION('',(0.,1.,1.110223024625E-16));
#9230 = DEFINITIONAL_REPRESENTATION('',(#9231),#9235);
#9231 = LINE('',#9232,#9233);
#9232 = CARTESIAN_POINT('',(0.,7.));
#9233 = VECTOR('',#9234,1.);
#9234 = DIRECTION('',(1.,0.));
#9235 = ( GEOMETRIC_REPRESENTATION_CONTEXT(2) 
PARAMETRIC_REPRESENTATION_CONTEXT() REPRESENTATION_CONTEXT('2D SPACE',''
  ) );
#9236 = ORIENTED_EDGE('',*,*,#9237,.F.);
#9237 = EDGE_CURVE('',#9238,#9209,#9240,.T.);
#9238 = VERTEX_POINT('',#9239);
#9239 = CARTESIAN_POINT('',(3.82272850127,18.452147780128,59.9));
#9240 = SURFACE_CURVE('',#9241,(#9246,#9253),.PCURVE_S1.);
#9241 = CIRCLE('',#9242,3.);
#9242 = AXIS2_PLACEMENT_3D('',#9243,#9244,#9245);
#9243 = CARTESIAN_POINT('',(6.800088604197,18.084279845268,59.9));
#9244 = DIRECTION('',(0.,1.110223024625E-16,-1.));
#9245 = DIRECTION('',(0.,1.,1.110223024625E-16));
#9246 = PCURVE('',#2825,#9247);
#9247 = DEFINITIONAL_REPRESENTATION('',(#9248),#9252);
#9248 = CIRCLE('',#9249,3.);
#9249 = AXIS2_PLACEMENT_2D('',#9250,#9251);
#9250 = CARTESIAN_POINT('',(-23.91572015473,-15.6999113958));
#9251 = DIRECTION('',(1.,0.));
#9252 = ( GEOMETRIC_REPRESENTATION_CONTEXT(2) 
PARAMETRIC_REPRESENTATION_CONTEXT() REPRESENTATION_CONTEXT('2D SPACE',''
  ) );
#9253 = PCURVE('',#9254,#9259);
#9254 = CYLINDRICAL_SURFACE('',#9255,3.);
#9255 = AXIS2_PLACEMENT_3D('',#9256,#9257,#9258);
#9256 = CARTESIAN_POINT('',(6.800088604197,18.084279845268,66.9));
#9257 = DIRECTION('',(0.,1.110223024625E-16,-1.));
#9258 = DIRECTION('',(0.,1.,1.110223024625E-16));
#9259 = DEFINITIONAL_REPRESENTATION('',(#9260),#9264);
#9260 = LINE('',#9261,#9262);
#9261 = CARTESIAN_POINT('',(0.,7.));
#9262 = VECTOR('',#9263,1.);
#9263 = DIRECTION('',(1.,0.));
#9264 = ( GEOMETRIC_REPRESENTATION_CONTEXT(2) 
PARAMETRIC_REPRESENTATION_CONTEXT() REPRESENTATION_CONTEXT('2D SPACE',''
  ) );
#9265 = ORIENTED_EDGE('',*,*,#9266,.F.);
#9266 = EDGE_CURVE('',#9267,#9238,#9269,.T.);
#9267 = VERTEX_POINT('',#9268);
#9268 = CARTESIAN_POINT('',(3.750013946675,18.032460705972,59.9));
#9269 = SURFACE_CURVE('',#9270,(#9275,#9282),.PCURVE_S1.);
#9270 = CIRCLE('',#9271,3.);
#9271 = AXIS2_PLACEMENT_3D('',#9272,#9273,#9274);
#9272 = CARTESIAN_POINT('',(6.734874462811,17.73144957791,59.9));
#9273 = DIRECTION('',(0.,1.110223024625E-16,-1.));
#9274 = DIRECTION('',(0.,1.,1.110223024625E-16));
#9275 = PCURVE('',#2825,#9276);
#9276 = DEFINITIONAL_REPRESENTATION('',(#9277),#9281);
#9277 = CIRCLE('',#9278,3.);
#9278 = AXIS2_PLACEMENT_2D('',#9279,#9280);
#9279 = CARTESIAN_POINT('',(-24.26855042209,-15.76512553718));
#9280 = DIRECTION('',(1.,0.));
#9281 = ( GEOMETRIC_REPRESENTATION_CONTEXT(2) 
PARAMETRIC_REPRESENTATION_CONTEXT() REPRESENTATION_CONTEXT('2D SPACE',''
  ) );
#9282 = PCURVE('',#9283,#9288);
#9283 = CYLINDRICAL_SURFACE('',#9284,3.);
#9284 = AXIS2_PLACEMENT_3D('',#9285,#9286,#9287);
#9285 = CARTESIAN_POINT('',(6.734874462811,17.73144957791,66.9));
#9286 = DIRECTION('',(0.,1.110223024625E-16,-1.));
#9287 = DIRECTION('',(0.,1.,1.110223024625E-16));
#9288 = DEFINITIONAL_REPRESENTATION('',(#9289),#9293);
#9289 = LINE('',#9290,#9291);
#9290 = CARTESIAN_POINT('',(0.,7.));
#9291 = VECTOR('',#9292,1.);
#9292 = DIRECTION('',(1.,0.));
#9293 = ( GEOMETRIC_REPRESENTATION_CONTEXT(2) 
PARAMETRIC_REPRESENTATION_CONTEXT() REPRESENTATION_CONTEXT('2D SPACE',''
  ) );
#9294 = ORIENTED_EDGE('',*,*,#9295,.F.);
#9295 = EDGE_CURVE('',#9296,#9267,#9298,.T.);
#9296 = VERTEX_POINT('',#9297);
#9297 = CARTESIAN_POINT('',(3.686728736763,17.611248611101,59.9));
#9298 = SURFACE_CURVE('',#9299,(#9304,#9311),.PCURVE_S1.);
#9299 = CIRCLE('',#9300,3.);
#9300 = AXIS2_PLACEMENT_3D('',#9301,#9302,#9303);
#9301 = CARTESIAN_POINT('',(6.677588583462,17.377245667956,59.9));
#9302 = DIRECTION('',(0.,1.110223024625E-16,-1.));
#9303 = DIRECTION('',(0.,1.,1.110223024625E-16));
#9304 = PCURVE('',#2825,#9305);
#9305 = DEFINITIONAL_REPRESENTATION('',(#9306),#9310);
#9306 = CIRCLE('',#9307,3.);
#9307 = AXIS2_PLACEMENT_2D('',#9308,#9309);
#9308 = CARTESIAN_POINT('',(-24.62275433204,-15.82241141653));
#9309 = DIRECTION('',(1.,0.));
#9310 = ( GEOMETRIC_REPRESENTATION_CONTEXT(2) 
PARAMETRIC_REPRESENTATION_CONTEXT() REPRESENTATION_CONTEXT('2D SPACE',''
  ) );
#9311 = PCURVE('',#9312,#9317);
#9312 = CYLINDRICAL_SURFACE('',#9313,3.);
#9313 = AXIS2_PLACEMENT_3D('',#9314,#9315,#9316);
#9314 = CARTESIAN_POINT('',(6.677588583462,17.377245667956,66.9));
#9315 = DIRECTION('',(0.,1.110223024625E-16,-1.));
#9316 = DIRECTION('',(0.,1.,1.110223024625E-16));
#9317 = DEFINITIONAL_REPRESENTATION('',(#9318),#9322);
#9318 = LINE('',#9319,#9320);
#9319 = CARTESIAN_POINT('',(0.,7.));
#9320 = VECTOR('',#9321,1.);
#9321 = DIRECTION('',(1.,0.));
#9322 = ( GEOMETRIC_REPRESENTATION_CONTEXT(2) 
PARAMETRIC_REPRESENTATION_CONTEXT() REPRESENTATION_CONTEXT('2D SPACE',''
  ) );
#9323 = ORIENTED_EDGE('',*,*,#9324,.F.);
#9324 = EDGE_CURVE('',#9325,#9296,#9327,.T.);
#9325 = VERTEX_POINT('',#9326);
#9326 = CARTESIAN_POINT('',(3.632904697584,17.188723322548,59.9));
#9327 = SURFACE_CURVE('',#9328,(#9333,#9340),.PCURVE_S1.);
#9328 = CIRCLE('',#9329,3.);
#9329 = AXIS2_PLACEMENT_3D('',#9330,#9331,#9332);
#9330 = CARTESIAN_POINT('',(6.628259775148,17.021846244109,59.9));
#9331 = DIRECTION('',(0.,1.110223024625E-16,-1.));
#9332 = DIRECTION('',(0.,1.,1.110223024625E-16));
#9333 = PCURVE('',#2825,#9334);
#9334 = DEFINITIONAL_REPRESENTATION('',(#9335),#9339);
#9335 = CIRCLE('',#9336,3.);
#9336 = AXIS2_PLACEMENT_2D('',#9337,#9338);
#9337 = CARTESIAN_POINT('',(-24.97815375589,-15.87174022485));
#9338 = DIRECTION('',(1.,0.));
#9339 = ( GEOMETRIC_REPRESENTATION_CONTEXT(2) 
PARAMETRIC_REPRESENTATION_CONTEXT() REPRESENTATION_CONTEXT('2D SPACE',''
  ) );
#9340 = PCURVE('',#9341,#9346);
#9341 = CYLINDRICAL_SURFACE('',#9342,3.);
#9342 = AXIS2_PLACEMENT_3D('',#9343,#9344,#9345);
#9343 = CARTESIAN_POINT('',(6.628259775148,17.021846244109,66.9));
#9344 = DIRECTION('',(0.,1.110223024625E-16,-1.));
#9345 = DIRECTION('',(0.,1.,1.110223024625E-16));
#9346 = DEFINITIONAL_REPRESENTATION('',(#9347),#9351);
#9347 = LINE('',#9348,#9349);
#9348 = CARTESIAN_POINT('',(0.,7.));
#9349 = VECTOR('',#9350,1.);
#9350 = DIRECTION('',(1.,0.));
#9351 = ( GEOMETRIC_REPRESENTATION_CONTEXT(2) 
PARAMETRIC_REPRESENTATION_CONTEXT() REPRESENTATION_CONTEXT('2D SPACE',''
  ) );
#9352 = ORIENTED_EDGE('',*,*,#9353,.F.);
#9353 = EDGE_CURVE('',#9354,#9325,#9356,.T.);
#9354 = VERTEX_POINT('',#9355);
#9355 = CARTESIAN_POINT('',(3.588568897181,16.765097327755,59.9));
#9356 = SURFACE_CURVE('',#9357,(#9362,#9369),.PCURVE_S1.);
#9357 = CIRCLE('',#9358,3.);
#9358 = AXIS2_PLACEMENT_3D('',#9359,#9360,#9361);
#9359 = CARTESIAN_POINT('',(6.586912845265,16.6654300363,59.9));
#9360 = DIRECTION('',(0.,1.110223024625E-16,-1.));
#9361 = DIRECTION('',(0.,1.,1.110223024625E-16));
#9362 = PCURVE('',#2825,#9363);
#9363 = DEFINITIONAL_REPRESENTATION('',(#9364),#9368);
#9364 = CIRCLE('',#9365,3.);
#9365 = AXIS2_PLACEMENT_2D('',#9366,#9367);
#9366 = CARTESIAN_POINT('',(-25.3345699637,-15.91308715473));
#9367 = DIRECTION('',(1.,0.));
#9368 = ( GEOMETRIC_REPRESENTATION_CONTEXT(2) 
PARAMETRIC_REPRESENTATION_CONTEXT() REPRESENTATION_CONTEXT('2D SPACE',''
  ) );
#9369 = PCURVE('',#9370,#9375);
#9370 = CYLINDRICAL_SURFACE('',#9371,3.);
#9371 = AXIS2_PLACEMENT_3D('',#9372,#9373,#9374);
#9372 = CARTESIAN_POINT('',(6.586912845265,16.6654300363,66.9));
#9373 = DIRECTION('',(0.,1.110223024625E-16,-1.));
#9374 = DIRECTION('',(0.,1.,1.110223024625E-16));
#9375 = DEFINITIONAL_REPRESENTATION('',(#9376),#9380);
#9376 = LINE('',#9377,#9378);
#9377 = CARTESIAN_POINT('',(0.,7.));
#9378 = VECTOR('',#9379,1.);
#9379 = DIRECTION('',(1.,0.));
#9380 = ( GEOMETRIC_REPRESENTATION_CONTEXT(2) 
PARAMETRIC_REPRESENTATION_CONTEXT() REPRESENTATION_CONTEXT('2D SPACE',''
  ) );
#9381 = ORIENTED_EDGE('',*,*,#9382,.F.);
#9382 = EDGE_CURVE('',#9383,#9354,#9385,.T.);
#9383 = VERTEX_POINT('',#9384);
#9384 = CARTESIAN_POINT('',(3.553743631974,16.340583667713,59.9));
#9385 = SURFACE_CURVE('',#9386,(#9391,#9398),.PCURVE_S1.);
#9386 = CIRCLE('',#9387,3.);
#9387 = AXIS2_PLACEMENT_3D('',#9388,#9389,#9390);
#9388 = CARTESIAN_POINT('',(6.553568587133,16.308176285795,59.9));
#9389 = DIRECTION('',(0.,1.110223024625E-16,-1.));
#9390 = DIRECTION('',(0.,1.,1.110223024625E-16));
#9391 = PCURVE('',#2825,#9392);
#9392 = DEFINITIONAL_REPRESENTATION('',(#9393),#9397);
#9393 = CIRCLE('',#9394,3.);
#9394 = AXIS2_PLACEMENT_2D('',#9395,#9396);
#9395 = CARTESIAN_POINT('',(-25.6918237142,-15.94643141286));
#9396 = DIRECTION('',(1.,0.));
#9397 = ( GEOMETRIC_REPRESENTATION_CONTEXT(2) 
PARAMETRIC_REPRESENTATION_CONTEXT() REPRESENTATION_CONTEXT('2D SPACE',''
  ) );
#9398 = PCURVE('',#9399,#9404);
#9399 = CYLINDRICAL_SURFACE('',#9400,3.);
#9400 = AXIS2_PLACEMENT_3D('',#9401,#9402,#9403);
#9401 = CARTESIAN_POINT('',(6.553568587133,16.308176285795,66.9));
#9402 = DIRECTION('',(0.,1.110223024625E-16,-1.));
#9403 = DIRECTION('',(0.,1.,1.110223024625E-16));
#9404 = DEFINITIONAL_REPRESENTATION('',(#9405),#9409);
#9405 = LINE('',#9406,#9407);
#9406 = CARTESIAN_POINT('',(0.,7.));
#9407 = VECTOR('',#9408,1.);
#9408 = DIRECTION('',(1.,0.));
#9409 = ( GEOMETRIC_REPRESENTATION_CONTEXT(2) 
PARAMETRIC_REPRESENTATION_CONTEXT() REPRESENTATION_CONTEXT('2D SPACE',''
  ) );
#9410 = ORIENTED_EDGE('',*,*,#9411,.F.);
#9411 = EDGE_CURVE('',#9412,#9383,#9414,.T.);
#9412 = VERTEX_POINT('',#9413);
#9413 = CARTESIAN_POINT('',(3.528446415543,15.915395829803,59.9));
#9414 = SURFACE_CURVE('',#9415,(#9420,#9427),.PCURVE_S1.);
#9415 = CIRCLE('',#9416,3.);
#9416 = AXIS2_PLACEMENT_3D('',#9417,#9418,#9419);
#9417 = CARTESIAN_POINT('',(6.528243769537,15.950264655062,59.9));
#9418 = DIRECTION('',(0.,1.110223024625E-16,-1.));
#9419 = DIRECTION('',(0.,1.,1.110223024625E-16));
#9420 = PCURVE('',#2825,#9421);
#9421 = DEFINITIONAL_REPRESENTATION('',(#9422),#9426);
#9422 = CIRCLE('',#9423,3.);
#9423 = AXIS2_PLACEMENT_2D('',#9424,#9425);
#9424 = CARTESIAN_POINT('',(-26.04973534493,-15.97175623046));
#9425 = DIRECTION('',(1.,0.));
#9426 = ( GEOMETRIC_REPRESENTATION_CONTEXT(2) 
PARAMETRIC_REPRESENTATION_CONTEXT() REPRESENTATION_CONTEXT('2D SPACE',''
  ) );
#9427 = PCURVE('',#9428,#9433);
#9428 = CYLINDRICAL_SURFACE('',#9429,3.);
#9429 = AXIS2_PLACEMENT_3D('',#9430,#9431,#9432);
#9430 = CARTESIAN_POINT('',(6.528243769537,15.950264655062,66.9));
#9431 = DIRECTION('',(0.,1.110223024625E-16,-1.));
#9432 = DIRECTION('',(0.,1.,1.110223024625E-16));
#9433 = DEFINITIONAL_REPRESENTATION('',(#9434),#9438);
#9434 = LINE('',#9435,#9436);
#9435 = CARTESIAN_POINT('',(0.,7.));
#9436 = VECTOR('',#9437,1.);
#9437 = DIRECTION('',(1.,0.));
#9438 = ( GEOMETRIC_REPRESENTATION_CONTEXT(2) 
PARAMETRIC_REPRESENTATION_CONTEXT() REPRESENTATION_CONTEXT('2D SPACE',''
  ) );
#9439 = ORIENTED_EDGE('',*,*,#9440,.F.);
#9440 = EDGE_CURVE('',#9441,#9412,#9443,.T.);
#9441 = VERTEX_POINT('',#9442);
#9442 = CARTESIAN_POINT('',(3.51268996983,15.489747640473,59.9));
#9443 = SURFACE_CURVE('',#9444,(#9449,#9456),.PCURVE_S1.);
#9444 = CIRCLE('',#9445,3.);
#9445 = AXIS2_PLACEMENT_3D('',#9446,#9447,#9448);
#9446 = CARTESIAN_POINT('',(6.510951128297,15.591875137416,59.9));
#9447 = DIRECTION('',(0.,1.110223024625E-16,-1.));
#9448 = DIRECTION('',(0.,1.,1.110223024625E-16));
#9449 = PCURVE('',#2825,#9450);
#9450 = DEFINITIONAL_REPRESENTATION('',(#9451),#9455);
#9451 = CIRCLE('',#9452,3.);
#9452 = AXIS2_PLACEMENT_2D('',#9453,#9454);
#9453 = CARTESIAN_POINT('',(-26.40812486258,-15.9890488717));
#9454 = DIRECTION('',(1.,0.));
#9455 = ( GEOMETRIC_REPRESENTATION_CONTEXT(2) 
PARAMETRIC_REPRESENTATION_CONTEXT() REPRESENTATION_CONTEXT('2D SPACE',''
  ) );
#9456 = PCURVE('',#9457,#9462);
#9457 = CYLINDRICAL_SURFACE('',#9458,3.);
#9458 = AXIS2_PLACEMENT_3D('',#9459,#9460,#9461);
#9459 = CARTESIAN_POINT('',(6.510951128297,15.591875137416,66.9));
#9460 = DIRECTION('',(0.,1.110223024625E-16,-1.));
#9461 = DIRECTION('',(0.,1.,1.110223024625E-16));
#9462 = DEFINITIONAL_REPRESENTATION('',(#9463),#9467);
#9463 = LINE('',#9464,#9465);
#9464 = CARTESIAN_POINT('',(0.,7.));
#9465 = VECTOR('',#9466,1.);
#9466 = DIRECTION('',(1.,0.));
#9467 = ( GEOMETRIC_REPRESENTATION_CONTEXT(2) 
PARAMETRIC_REPRESENTATION_CONTEXT() REPRESENTATION_CONTEXT('2D SPACE',''
  ) );
#9468 = ORIENTED_EDGE('',*,*,#9469,.F.);
#9469 = EDGE_CURVE('',#9470,#9441,#9472,.T.);
#9470 = VERTEX_POINT('',#9471);
#9471 = CARTESIAN_POINT('',(3.506482218731,15.063853157664,59.9));
#9472 = SURFACE_CURVE('',#9473,(#9478,#9485),.PCURVE_S1.);
#9473 = CIRCLE('',#9474,3.);
#9474 = AXIS2_PLACEMENT_3D('',#9475,#9476,#9477);
#9475 = CARTESIAN_POINT('',(6.501699359861,15.233187966498,59.9));
#9476 = DIRECTION('',(0.,1.110223024625E-16,-1.));
#9477 = DIRECTION('',(0.,1.,1.110223024625E-16));
#9478 = PCURVE('',#2825,#9479);
#9479 = DEFINITIONAL_REPRESENTATION('',(#9480),#9484);
#9480 = CIRCLE('',#9481,3.);
#9481 = AXIS2_PLACEMENT_2D('',#9482,#9483);
#9482 = CARTESIAN_POINT('',(-26.7668120335,-15.99830064013));
#9483 = DIRECTION('',(1.,0.));
#9484 = ( GEOMETRIC_REPRESENTATION_CONTEXT(2) 
PARAMETRIC_REPRESENTATION_CONTEXT() REPRESENTATION_CONTEXT('2D SPACE',''
  ) );
#9485 = PCURVE('',#9486,#9491);
#9486 = CYLINDRICAL_SURFACE('',#9487,3.);
#9487 = AXIS2_PLACEMENT_3D('',#9488,#9489,#9490);
#9488 = CARTESIAN_POINT('',(6.501699359861,15.233187966498,66.9));
#9489 = DIRECTION('',(0.,1.110223024625E-16,-1.));
#9490 = DIRECTION('',(0.,1.,1.110223024625E-16));
#9491 = DEFINITIONAL_REPRESENTATION('',(#9492),#9496);
#9492 = LINE('',#9493,#9494);
#9493 = CARTESIAN_POINT('',(0.,7.));
#9494 = VECTOR('',#9495,1.);
#9495 = DIRECTION('',(1.,0.));
#9496 = ( GEOMETRIC_REPRESENTATION_CONTEXT(2) 
PARAMETRIC_REPRESENTATION_CONTEXT() REPRESENTATION_CONTEXT('2D SPACE',''
  ) );
#9497 = ORIENTED_EDGE('',*,*,#9498,.F.);
#9498 = EDGE_CURVE('',#9499,#9470,#9501,.T.);
#9499 = VERTEX_POINT('',#9500);
#9500 = CARTESIAN_POINT('',(3.509826284115,14.637926563183,59.9));
#9501 = SURFACE_CURVE('',#9502,(#9507,#9514),.PCURVE_S1.);
#9502 = CIRCLE('',#9503,3.);
#9503 = AXIS2_PLACEMENT_3D('',#9504,#9505,#9506);
#9504 = CARTESIAN_POINT('',(6.500493116931,14.874383525642,59.9));
#9505 = DIRECTION('',(0.,1.110223024625E-16,-1.));
#9506 = DIRECTION('',(0.,1.,1.110223024625E-16));
#9507 = PCURVE('',#2825,#9508);
#9508 = DEFINITIONAL_REPRESENTATION('',(#9509),#9513);
#9509 = CIRCLE('',#9510,3.);
#9510 = AXIS2_PLACEMENT_2D('',#9511,#9512);
#9511 = CARTESIAN_POINT('',(-27.12561647435,-15.99950688306));
#9512 = DIRECTION('',(1.,0.));
#9513 = ( GEOMETRIC_REPRESENTATION_CONTEXT(2) 
PARAMETRIC_REPRESENTATION_CONTEXT() REPRESENTATION_CONTEXT('2D SPACE',''
  ) );
#9514 = PCURVE('',#9515,#9520);
#9515 = CYLINDRICAL_SURFACE('',#9516,3.);
#9516 = AXIS2_PLACEMENT_3D('',#9517,#9518,#9519);
#9517 = CARTESIAN_POINT('',(6.500493116931,14.874383525642,66.9));
#9518 = DIRECTION('',(0.,1.110223024625E-16,-1.));
#9519 = DIRECTION('',(0.,1.,1.110223024625E-16));
#9520 = DEFINITIONAL_REPRESENTATION('',(#9521),#9525);
#9521 = LINE('',#9522,#9523);
#9522 = CARTESIAN_POINT('',(0.,7.));
#9523 = VECTOR('',#9524,1.);
#9524 = DIRECTION('',(1.,0.));
#9525 = ( GEOMETRIC_REPRESENTATION_CONTEXT(2) 
PARAMETRIC_REPRESENTATION_CONTEXT() REPRESENTATION_CONTEXT('2D SPACE',''
  ) );
#9526 = ORIENTED_EDGE('',*,*,#9527,.F.);
#9527 = EDGE_CURVE('',#9528,#9499,#9530,.T.);
#9528 = VERTEX_POINT('',#9529);
#9529 = CARTESIAN_POINT('',(3.522720484257,14.212182054982,59.9));
#9530 = SURFACE_CURVE('',#9531,(#9536,#9543),.PCURVE_S1.);
#9531 = CIRCLE('',#9532,3.);
#9532 = AXIS2_PLACEMENT_3D('',#9533,#9534,#9535);
#9533 = CARTESIAN_POINT('',(6.507333006126,14.515642257155,59.9));
#9534 = DIRECTION('',(0.,1.110223024625E-16,-1.));
#9535 = DIRECTION('',(0.,1.,1.110223024625E-16));
#9536 = PCURVE('',#2825,#9537);
#9537 = DEFINITIONAL_REPRESENTATION('',(#9538),#9542);
#9538 = CIRCLE('',#9539,3.);
#9539 = AXIS2_PLACEMENT_2D('',#9540,#9541);
#9540 = CARTESIAN_POINT('',(-27.48435774284,-15.99266699387));
#9541 = DIRECTION('',(1.,0.));
#9542 = ( GEOMETRIC_REPRESENTATION_CONTEXT(2) 
PARAMETRIC_REPRESENTATION_CONTEXT() REPRESENTATION_CONTEXT('2D SPACE',''
  ) );
#9543 = PCURVE('',#9544,#9549);
#9544 = CYLINDRICAL_SURFACE('',#9545,3.);
#9545 = AXIS2_PLACEMENT_3D('',#9546,#9547,#9548);
#9546 = CARTESIAN_POINT('',(6.507333006126,14.515642257155,66.9));
#9547 = DIRECTION('',(0.,1.110223024625E-16,-1.));
#9548 = DIRECTION('',(0.,1.,1.110223024625E-16));
#9549 = DEFINITIONAL_REPRESENTATION('',(#9550),#9554);
#9550 = LINE('',#9551,#9552);
#9551 = CARTESIAN_POINT('',(0.,7.));
#9552 = VECTOR('',#9553,1.);
#9553 = DIRECTION('',(1.,0.));
#9554 = ( GEOMETRIC_REPRESENTATION_CONTEXT(2) 
PARAMETRIC_REPRESENTATION_CONTEXT() REPRESENTATION_CONTEXT('2D SPACE',''
  ) );
#9555 = ORIENTED_EDGE('',*,*,#9556,.F.);
#9556 = EDGE_CURVE('',#9557,#9528,#9559,.T.);
#9557 = VERTEX_POINT('',#9558);
#9558 = CARTESIAN_POINT('',(3.545158334679,13.786833739443,59.9));
#9559 = SURFACE_CURVE('',#9560,(#9565,#9572),.PCURVE_S1.);
#9560 = CIRCLE('',#9561,3.);
#9561 = AXIS2_PLACEMENT_3D('',#9562,#9563,#9564);
#9562 = CARTESIAN_POINT('',(6.522215587674,14.157144571574,59.9));
#9563 = DIRECTION('',(0.,1.110223024625E-16,-1.));
#9564 = DIRECTION('',(0.,1.,1.110223024625E-16));
#9565 = PCURVE('',#2825,#9566);
#9566 = DEFINITIONAL_REPRESENTATION('',(#9567),#9571);
#9567 = CIRCLE('',#9568,3.);
#9568 = AXIS2_PLACEMENT_2D('',#9569,#9570);
#9569 = CARTESIAN_POINT('',(-27.84285542842,-15.97778441232));
#9570 = DIRECTION('',(1.,0.));
#9571 = ( GEOMETRIC_REPRESENTATION_CONTEXT(2) 
PARAMETRIC_REPRESENTATION_CONTEXT() REPRESENTATION_CONTEXT('2D SPACE',''
  ) );
#9572 = PCURVE('',#9573,#9578);
#9573 = CYLINDRICAL_SURFACE('',#9574,3.);
#9574 = AXIS2_PLACEMENT_3D('',#9575,#9576,#9577);
#9575 = CARTESIAN_POINT('',(6.522215587674,14.157144571574,66.9));
#9576 = DIRECTION('',(0.,1.110223024625E-16,-1.));
#9577 = DIRECTION('',(0.,1.,1.110223024625E-16));
#9578 = DEFINITIONAL_REPRESENTATION('',(#9579),#9583);
#9579 = LINE('',#9580,#9581);
#9580 = CARTESIAN_POINT('',(0.,7.));
#9581 = VECTOR('',#9582,1.);
#9582 = DIRECTION('',(1.,0.));
#9583 = ( GEOMETRIC_REPRESENTATION_CONTEXT(2) 
PARAMETRIC_REPRESENTATION_CONTEXT() REPRESENTATION_CONTEXT('2D SPACE',''
  ) );
#9584 = ORIENTED_EDGE('',*,*,#9585,.F.);
#9585 = EDGE_CURVE('',#9586,#9557,#9588,.T.);
#9586 = VERTEX_POINT('',#9587);
#9587 = CARTESIAN_POINT('',(3.577128551415,13.362095523713,59.9));
#9588 = SURFACE_CURVE('',#9589,(#9594,#9601),.PCURVE_S1.);
#9589 = CIRCLE('',#9590,3.);
#9590 = AXIS2_PLACEMENT_3D('',#9591,#9592,#9593);
#9591 = CARTESIAN_POINT('',(6.545133377143,13.799070756941,59.9));
#9592 = DIRECTION('',(0.,1.110223024625E-16,-1.));
#9593 = DIRECTION('',(0.,1.,1.110223024625E-16));
#9594 = PCURVE('',#2825,#9595);
#9595 = DEFINITIONAL_REPRESENTATION('',(#9596),#9600);
#9596 = CIRCLE('',#9597,3.);
#9597 = AXIS2_PLACEMENT_2D('',#9598,#9599);
#9598 = CARTESIAN_POINT('',(-28.20092924305,-15.95486662285));
#9599 = DIRECTION('',(1.,0.));
#9600 = ( GEOMETRIC_REPRESENTATION_CONTEXT(2) 
PARAMETRIC_REPRESENTATION_CONTEXT() REPRESENTATION_CONTEXT('2D SPACE',''
  ) );
#9601 = PCURVE('',#9602,#9607);
#9602 = CYLINDRICAL_SURFACE('',#9603,3.);
#9603 = AXIS2_PLACEMENT_3D('',#9604,#9605,#9606);
#9604 = CARTESIAN_POINT('',(6.545133377143,13.799070756941,66.9));
#9605 = DIRECTION('',(0.,1.110223024625E-16,-1.));
#9606 = DIRECTION('',(0.,1.,1.110223024625E-16));
#9607 = DEFINITIONAL_REPRESENTATION('',(#9608),#9612);
#9608 = LINE('',#9609,#9610);
#9609 = CARTESIAN_POINT('',(0.,7.));
#9610 = VECTOR('',#9611,1.);
#9611 = DIRECTION('',(1.,0.));
#9612 = ( GEOMETRIC_REPRESENTATION_CONTEXT(2) 
PARAMETRIC_REPRESENTATION_CONTEXT() REPRESENTATION_CONTEXT('2D SPACE',''
  ) );
#9613 = ORIENTED_EDGE('',*,*,#9614,.F.);
#9614 = EDGE_CURVE('',#9615,#9586,#9617,.T.);
#9615 = VERTEX_POINT('',#9616);
#9616 = CARTESIAN_POINT('',(3.618615056681,12.938181008104,59.9));
#9617 = SURFACE_CURVE('',#9618,(#9623,#9630),.PCURVE_S1.);
#9618 = CIRCLE('',#9619,3.);
#9619 = AXIS2_PLACEMENT_3D('',#9620,#9621,#9622);
#9620 = CARTESIAN_POINT('',(6.576074849205,13.441600888132,59.9));
#9621 = DIRECTION('',(0.,1.110223024625E-16,-1.));
#9622 = DIRECTION('',(0.,1.,1.110223024625E-16));
#9623 = PCURVE('',#2825,#9624);
#9624 = DEFINITIONAL_REPRESENTATION('',(#9625),#9629);
#9625 = CIRCLE('',#9626,3.);
#9626 = AXIS2_PLACEMENT_2D('',#9627,#9628);
#9627 = CARTESIAN_POINT('',(-28.55839911186,-15.92392515079));
#9628 = DIRECTION('',(1.,0.));
#9629 = ( GEOMETRIC_REPRESENTATION_CONTEXT(2) 
PARAMETRIC_REPRESENTATION_CONTEXT() REPRESENTATION_CONTEXT('2D SPACE',''
  ) );
#9630 = PCURVE('',#9631,#9636);
#9631 = CYLINDRICAL_SURFACE('',#9632,3.);
#9632 = AXIS2_PLACEMENT_3D('',#9633,#9634,#9635);
#9633 = CARTESIAN_POINT('',(6.576074849205,13.441600888132,66.9));
#9634 = DIRECTION('',(0.,1.110223024625E-16,-1.));
#9635 = DIRECTION('',(0.,1.,1.110223024625E-16));
#9636 = DEFINITIONAL_REPRESENTATION('',(#9637),#9641);
#9637 = LINE('',#9638,#9639);
#9638 = CARTESIAN_POINT('',(0.,7.));
#9639 = VECTOR('',#9640,1.);
#9640 = DIRECTION('',(1.,0.));
#9641 = ( GEOMETRIC_REPRESENTATION_CONTEXT(2) 
PARAMETRIC_REPRESENTATION_CONTEXT() REPRESENTATION_CONTEXT('2D SPACE',''
  ) );
#9642 = ORIENTED_EDGE('',*,*,#9643,.F.);
#9643 = EDGE_CURVE('',#9644,#9615,#9646,.T.);
#9644 = VERTEX_POINT('',#9645);
#9645 = CARTESIAN_POINT('',(3.669596986966,12.515303378708,59.9));
#9646 = SURFACE_CURVE('',#9647,(#9652,#9659),.PCURVE_S1.);
#9647 = CIRCLE('',#9648,3.);
#9648 = AXIS2_PLACEMENT_3D('',#9649,#9650,#9651);
#9649 = CARTESIAN_POINT('',(6.615024443432,13.084914736299,59.9));
#9650 = DIRECTION('',(0.,1.110223024625E-16,-1.));
#9651 = DIRECTION('',(0.,1.,1.110223024625E-16));
#9652 = PCURVE('',#2825,#9653);
#9653 = DEFINITIONAL_REPRESENTATION('',(#9654),#9658);
#9654 = CIRCLE('',#9655,3.);
#9655 = AXIS2_PLACEMENT_2D('',#9656,#9657);
#9656 = CARTESIAN_POINT('',(-28.9150852637,-15.88497555656));
#9657 = DIRECTION('',(1.,0.));
#9658 = ( GEOMETRIC_REPRESENTATION_CONTEXT(2) 
PARAMETRIC_REPRESENTATION_CONTEXT() REPRESENTATION_CONTEXT('2D SPACE',''
  ) );
#9659 = PCURVE('',#9660,#9665);
#9660 = CYLINDRICAL_SURFACE('',#9661,3.);
#9661 = AXIS2_PLACEMENT_3D('',#9662,#9663,#9664);
#9662 = CARTESIAN_POINT('',(6.615024443432,13.084914736299,66.9));
#9663 = DIRECTION('',(0.,1.110223024625E-16,-1.));
#9664 = DIRECTION('',(0.,1.,1.110223024625E-16));
#9665 = DEFINITIONAL_REPRESENTATION('',(#9666),#9670);
#9666 = LINE('',#9667,#9668);
#9667 = CARTESIAN_POINT('',(0.,7.));
#9668 = VECTOR('',#9669,1.);
#9669 = DIRECTION('',(1.,0.));
#9670 = ( GEOMETRIC_REPRESENTATION_CONTEXT(2) 
PARAMETRIC_REPRESENTATION_CONTEXT() REPRESENTATION_CONTEXT('2D SPACE',''
  ) );
#9671 = ORIENTED_EDGE('',*,*,#9672,.F.);
#9672 = EDGE_CURVE('',#9673,#9644,#9675,.T.);
#9673 = VERTEX_POINT('',#9674);
#9674 = CARTESIAN_POINT('',(3.730048703522,12.093675300149,59.9));
#9675 = SURFACE_CURVE('',#9676,(#9681,#9688),.PCURVE_S1.);
#9676 = CIRCLE('',#9677,3.);
#9677 = AXIS2_PLACEMENT_3D('',#9678,#9679,#9680);
#9678 = CARTESIAN_POINT('',(6.661962572123,12.729191678464,59.9));
#9679 = DIRECTION('',(0.,1.110223024625E-16,-1.));
#9680 = DIRECTION('',(0.,1.,1.110223024625E-16));
#9681 = PCURVE('',#2825,#9682);
#9682 = DEFINITIONAL_REPRESENTATION('',(#9683),#9687);
#9683 = CIRCLE('',#9684,3.);
#9684 = AXIS2_PLACEMENT_2D('',#9685,#9686);
#9685 = CARTESIAN_POINT('',(-29.27080832153,-15.83803742787));
#9686 = DIRECTION('',(1.,0.));
#9687 = ( GEOMETRIC_REPRESENTATION_CONTEXT(2) 
PARAMETRIC_REPRESENTATION_CONTEXT() REPRESENTATION_CONTEXT('2D SPACE',''
  ) );
#9688 = PCURVE('',#9689,#9694);
#9689 = CYLINDRICAL_SURFACE('',#9690,3.);
#9690 = AXIS2_PLACEMENT_3D('',#9691,#9692,#9693);
#9691 = CARTESIAN_POINT('',(6.661962572123,12.729191678464,66.9));
#9692 = DIRECTION('',(0.,1.110223024625E-16,-1.));
#9693 = DIRECTION('',(0.,1.,1.110223024625E-16));
#9694 = DEFINITIONAL_REPRESENTATION('',(#9695),#9699);
#9695 = LINE('',#9696,#9697);
#9696 = CARTESIAN_POINT('',(0.,7.));
#9697 = VECTOR('',#9698,1.);
#9698 = DIRECTION('',(1.,0.));
#9699 = ( GEOMETRIC_REPRESENTATION_CONTEXT(2) 
PARAMETRIC_REPRESENTATION_CONTEXT() REPRESENTATION_CONTEXT('2D SPACE',''
  ) );
#9700 = ORIENTED_EDGE('',*,*,#9701,.F.);
#9701 = EDGE_CURVE('',#9702,#9673,#9704,.T.);
#9702 = VERTEX_POINT('',#9703);
#9703 = CARTESIAN_POINT('',(3.799939805253,11.673508808673,59.9));
#9704 = SURFACE_CURVE('',#9705,(#9710,#9717),.PCURVE_S1.);
#9705 = CIRCLE('',#9706,3.);
#9706 = AXIS2_PLACEMENT_3D('',#9707,#9708,#9709);
#9707 = CARTESIAN_POINT('',(6.716865630149,12.374610607312,59.9));
#9708 = DIRECTION('',(0.,1.110223024625E-16,-1.));
#9709 = DIRECTION('',(0.,1.,1.110223024625E-16));
#9710 = PCURVE('',#2825,#9711);
#9711 = DEFINITIONAL_REPRESENTATION('',(#9712),#9716);
#9712 = CIRCLE('',#9713,3.);
#9713 = AXIS2_PLACEMENT_2D('',#9714,#9715);
#9714 = CARTESIAN_POINT('',(-29.62538939268,-15.78313436985));
#9715 = DIRECTION('',(1.,0.));
#9716 = ( GEOMETRIC_REPRESENTATION_CONTEXT(2) 
PARAMETRIC_REPRESENTATION_CONTEXT() REPRESENTATION_CONTEXT('2D SPACE',''
  ) );
#9717 = PCURVE('',#9718,#9723);
#9718 = CYLINDRICAL_SURFACE('',#9719,3.);
#9719 = AXIS2_PLACEMENT_3D('',#9720,#9721,#9722);
#9720 = CARTESIAN_POINT('',(6.716865630149,12.374610607312,66.9));
#9721 = DIRECTION('',(0.,1.110223024625E-16,-1.));
#9722 = DIRECTION('',(0.,1.,1.110223024625E-16));
#9723 = DEFINITIONAL_REPRESENTATION('',(#9724),#9728);
#9724 = LINE('',#9725,#9726);
#9725 = CARTESIAN_POINT('',(0.,7.));
#9726 = VECTOR('',#9727,1.);
#9727 = DIRECTION('',(1.,0.));
#9728 = ( GEOMETRIC_REPRESENTATION_CONTEXT(2) 
PARAMETRIC_REPRESENTATION_CONTEXT() REPRESENTATION_CONTEXT('2D SPACE',''
  ) );
#9729 = ORIENTED_EDGE('',*,*,#9730,.F.);
#9730 = EDGE_CURVE('',#9731,#9702,#9733,.T.);
#9731 = VERTEX_POINT('',#9732);
#9732 = CARTESIAN_POINT('',(3.879235144013,11.255015205484,59.9));
#9733 = SURFACE_CURVE('',#9734,(#9739,#9746),.PCURVE_S1.);
#9734 = CIRCLE('',#9735,3.);
#9735 = AXIS2_PLACEMENT_3D('',#9736,#9737,#9738);
#9736 = CARTESIAN_POINT('',(6.779706006833,12.021349841222,59.9));
#9737 = DIRECTION('',(0.,1.110223024625E-16,-1.));
#9738 = DIRECTION('',(0.,1.,1.110223024625E-16));
#9739 = PCURVE('',#2825,#9740);
#9740 = DEFINITIONAL_REPRESENTATION('',(#9741),#9745);
#9741 = CIRCLE('',#9742,3.);
#9742 = AXIS2_PLACEMENT_2D('',#9743,#9744);
#9743 = CARTESIAN_POINT('',(-29.97865015877,-15.72029399316));
#9744 = DIRECTION('',(1.,0.));
#9745 = ( GEOMETRIC_REPRESENTATION_CONTEXT(2) 
PARAMETRIC_REPRESENTATION_CONTEXT() REPRESENTATION_CONTEXT('2D SPACE',''
  ) );
#9746 = PCURVE('',#9747,#9752);
#9747 = CYLINDRICAL_SURFACE('',#9748,3.);
#9748 = AXIS2_PLACEMENT_3D('',#9749,#9750,#9751);
#9749 = CARTESIAN_POINT('',(6.779706006833,12.021349841222,66.9));
#9750 = DIRECTION('',(0.,1.110223024625E-16,-1.));
#9751 = DIRECTION('',(0.,1.,1.110223024625E-16));
#9752 = DEFINITIONAL_REPRESENTATION('',(#9753),#9757);
#9753 = LINE('',#9754,#9755);
#9754 = CARTESIAN_POINT('',(0.,7.));
#9755 = VECTOR('',#9756,1.);
#9756 = DIRECTION('',(1.,0.));
#9757 = ( GEOMETRIC_REPRESENTATION_CONTEXT(2) 
PARAMETRIC_REPRESENTATION_CONTEXT() REPRESENTATION_CONTEXT('2D SPACE',''
  ) );
#9758 = ORIENTED_EDGE('',*,*,#9759,.F.);
#9759 = EDGE_CURVE('',#9760,#9731,#9762,.T.);
#9760 = VERTEX_POINT('',#9761);
#9761 = CARTESIAN_POINT('',(3.967894842274,10.83840495049,59.9));
#9762 = SURFACE_CURVE('',#9763,(#9768,#9775),.PCURVE_S1.);
#9763 = CIRCLE('',#9764,3.);
#9764 = AXIS2_PLACEMENT_3D('',#9765,#9766,#9767);
#9765 = CARTESIAN_POINT('',(6.850452099825,11.669587034595,59.9));
#9766 = DIRECTION('',(0.,1.110223024625E-16,-1.));
#9767 = DIRECTION('',(0.,1.,1.110223024625E-16));
#9768 = PCURVE('',#2825,#9769);
#9769 = DEFINITIONAL_REPRESENTATION('',(#9770),#9774);
#9770 = CIRCLE('',#9771,3.);
#9771 = AXIS2_PLACEMENT_2D('',#9772,#9773);
#9772 = CARTESIAN_POINT('',(-30.3304129654,-15.64954790017));
#9773 = DIRECTION('',(1.,0.));
#9774 = ( GEOMETRIC_REPRESENTATION_CONTEXT(2) 
PARAMETRIC_REPRESENTATION_CONTEXT() REPRESENTATION_CONTEXT('2D SPACE',''
  ) );
#9775 = PCURVE('',#9776,#9781);
#9776 = CYLINDRICAL_SURFACE('',#9777,3.);
#9777 = AXIS2_PLACEMENT_3D('',#9778,#9779,#9780);
#9778 = CARTESIAN_POINT('',(6.850452099825,11.669587034595,66.9));
#9779 = DIRECTION('',(0.,1.110223024625E-16,-1.));
#9780 = DIRECTION('',(0.,1.,1.110223024625E-16));
#9781 = DEFINITIONAL_REPRESENTATION('',(#9782),#9786);
#9782 = LINE('',#9783,#9784);
#9783 = CARTESIAN_POINT('',(0.,7.));
#9784 = VECTOR('',#9785,1.);
#9785 = DIRECTION('',(1.,0.));
#9786 = ( GEOMETRIC_REPRESENTATION_CONTEXT(2) 
PARAMETRIC_REPRESENTATION_CONTEXT() REPRESENTATION_CONTEXT('2D SPACE',''
  ) );
#9787 = ORIENTED_EDGE('',*,*,#9788,.F.);
#9788 = EDGE_CURVE('',#9789,#9760,#9791,.T.);
#9789 = VERTEX_POINT('',#9790);
#9790 = CARTESIAN_POINT('',(4.065874313184,10.423887556472,59.9));
#9791 = SURFACE_CURVE('',#9792,(#9797,#9804),.PCURVE_S1.);
#9792 = CIRCLE('',#9793,3.);
#9793 = AXIS2_PLACEMENT_3D('',#9794,#9795,#9796);
#9794 = CARTESIAN_POINT('',(6.929068331005,11.319499088509,59.9));
#9795 = DIRECTION('',(0.,1.110223024625E-16,-1.));
#9796 = DIRECTION('',(0.,1.,1.110223024625E-16));
#9797 = PCURVE('',#2825,#9798);
#9798 = DEFINITIONAL_REPRESENTATION('',(#9799),#9803);
#9799 = CIRCLE('',#9800,3.);
#9800 = AXIS2_PLACEMENT_2D('',#9801,#9802);
#9801 = CARTESIAN_POINT('',(-30.68050091149,-15.57093166899));
#9802 = DIRECTION('',(1.,0.));
#9803 = ( GEOMETRIC_REPRESENTATION_CONTEXT(2) 
PARAMETRIC_REPRESENTATION_CONTEXT() REPRESENTATION_CONTEXT('2D SPACE',''
  ) );
#9804 = PCURVE('',#9805,#9810);
#9805 = CYLINDRICAL_SURFACE('',#9806,3.);
#9806 = AXIS2_PLACEMENT_3D('',#9807,#9808,#9809);
#9807 = CARTESIAN_POINT('',(6.929068331005,11.319499088509,66.9));
#9808 = DIRECTION('',(0.,1.110223024625E-16,-1.));
#9809 = DIRECTION('',(0.,1.,1.110223024625E-16));
#9810 = DEFINITIONAL_REPRESENTATION('',(#9811),#9815);
#9811 = LINE('',#9812,#9813);
#9812 = CARTESIAN_POINT('',(0.,7.));
#9813 = VECTOR('',#9814,1.);
#9814 = DIRECTION('',(1.,0.));
#9815 = ( GEOMETRIC_REPRESENTATION_CONTEXT(2) 
PARAMETRIC_REPRESENTATION_CONTEXT() REPRESENTATION_CONTEXT('2D SPACE',''
  ) );
#9816 = ORIENTED_EDGE('',*,*,#9817,.F.);
#9817 = EDGE_CURVE('',#9818,#9789,#9820,.T.);
#9818 = VERTEX_POINT('',#9819);
#9819 = CARTESIAN_POINT('',(4.17312428299,10.011671483714,59.9));
#9820 = SURFACE_CURVE('',#9821,(#9826,#9833),.PCURVE_S1.);
#9821 = CIRCLE('',#9822,3.);
#9822 = AXIS2_PLACEMENT_3D('',#9823,#9824,#9825);
#9823 = CARTESIAN_POINT('',(7.015515164367,10.971262061756,59.9));
#9824 = DIRECTION('',(0.,1.110223024625E-16,-1.));
#9825 = DIRECTION('',(0.,1.,1.110223024625E-16));
#9826 = PCURVE('',#2825,#9827);
#9827 = DEFINITIONAL_REPRESENTATION('',(#9828),#9832);
#9828 = CIRCLE('',#9829,3.);
#9829 = AXIS2_PLACEMENT_2D('',#9830,#9831);
#9830 = CARTESIAN_POINT('',(-31.02873793824,-15.48448483563));
#9831 = DIRECTION('',(1.,0.));
#9832 = ( GEOMETRIC_REPRESENTATION_CONTEXT(2) 
PARAMETRIC_REPRESENTATION_CONTEXT() REPRESENTATION_CONTEXT('2D SPACE',''
  ) );
#9833 = PCURVE('',#9834,#9839);
#9834 = CYLINDRICAL_SURFACE('',#9835,3.);
#9835 = AXIS2_PLACEMENT_3D('',#9836,#9837,#9838);
#9836 = CARTESIAN_POINT('',(7.015515164367,10.971262061756,66.9));
#9837 = DIRECTION('',(0.,1.110223024625E-16,-1.));
#9838 = DIRECTION('',(0.,1.,1.110223024625E-16));
#9839 = DEFINITIONAL_REPRESENTATION('',(#9840),#9844);
#9840 = LINE('',#9841,#9842);
#9841 = CARTESIAN_POINT('',(0.,7.));
#9842 = VECTOR('',#9843,1.);
#9843 = DIRECTION('',(1.,0.));
#9844 = ( GEOMETRIC_REPRESENTATION_CONTEXT(2) 
PARAMETRIC_REPRESENTATION_CONTEXT() REPRESENTATION_CONTEXT('2D SPACE',''
  ) );
#9845 = ORIENTED_EDGE('',*,*,#9846,.F.);
#9846 = EDGE_CURVE('',#9847,#9818,#9849,.T.);
#9847 = VERTEX_POINT('',#9848);
#9848 = CARTESIAN_POINT('',(4.289590815812,9.601964035174,59.9));
#9849 = SURFACE_CURVE('',#9850,(#9855,#9862),.PCURVE_S1.);
#9850 = CIRCLE('',#9851,3.);
#9851 = AXIS2_PLACEMENT_3D('',#9852,#9853,#9854);
#9852 = CARTESIAN_POINT('',(7.109749125906,10.625051082304,59.9));
#9853 = DIRECTION('',(0.,1.110223024625E-16,-1.));
#9854 = DIRECTION('',(0.,1.,1.110223024625E-16));
#9855 = PCURVE('',#2825,#9856);
#9856 = DEFINITIONAL_REPRESENTATION('',(#9857),#9861);
#9857 = CIRCLE('',#9858,3.);
#9858 = AXIS2_PLACEMENT_2D('',#9859,#9860);
#9859 = CARTESIAN_POINT('',(-31.37494891769,-15.39025087409));
#9860 = DIRECTION('',(1.,0.));
#9861 = ( GEOMETRIC_REPRESENTATION_CONTEXT(2) 
PARAMETRIC_REPRESENTATION_CONTEXT() REPRESENTATION_CONTEXT('2D SPACE',''
  ) );
#9862 = PCURVE('',#9863,#9868);
#9863 = CYLINDRICAL_SURFACE('',#9864,3.);
#9864 = AXIS2_PLACEMENT_3D('',#9865,#9866,#9867);
#9865 = CARTESIAN_POINT('',(7.109749125906,10.625051082304,66.9));
#9866 = DIRECTION('',(0.,1.110223024625E-16,-1.));
#9867 = DIRECTION('',(0.,1.,1.110223024625E-16));
#9868 = DEFINITIONAL_REPRESENTATION('',(#9869),#9873);
#9869 = LINE('',#9870,#9871);
#9870 = CARTESIAN_POINT('',(0.,7.));
#9871 = VECTOR('',#9872,1.);
#9872 = DIRECTION('',(1.,0.));
#9873 = ( GEOMETRIC_REPRESENTATION_CONTEXT(2) 
PARAMETRIC_REPRESENTATION_CONTEXT() REPRESENTATION_CONTEXT('2D SPACE',''
  ) );
#9874 = ORIENTED_EDGE('',*,*,#9875,.F.);
#9875 = EDGE_CURVE('',#9876,#9847,#9878,.T.);
#9876 = VERTEX_POINT('',#9877);
#9877 = CARTESIAN_POINT('',(4.415215340779,9.194971252203,59.9));
#9878 = SURFACE_CURVE('',#9879,(#9884,#9891),.PCURVE_S1.);
#9879 = CIRCLE('',#9880,3.);
#9880 = AXIS2_PLACEMENT_3D('',#9881,#9882,#9883);
#9881 = CARTESIAN_POINT('',(7.21172282548,10.281040259226,59.9));
#9882 = DIRECTION('',(0.,1.110223024625E-16,-1.));
#9883 = DIRECTION('',(0.,1.,1.110223024625E-16));
#9884 = PCURVE('',#2825,#9885);
#9885 = DEFINITIONAL_REPRESENTATION('',(#9886),#9890);
#9886 = CIRCLE('',#9887,3.);
#9887 = AXIS2_PLACEMENT_2D('',#9888,#9889);
#9888 = CARTESIAN_POINT('',(-31.71895974077,-15.28827717452));
#9889 = DIRECTION('',(1.,0.));
#9890 = ( GEOMETRIC_REPRESENTATION_CONTEXT(2) 
PARAMETRIC_REPRESENTATION_CONTEXT() REPRESENTATION_CONTEXT('2D SPACE',''
  ) );
#9891 = PCURVE('',#9892,#9897);
#9892 = CYLINDRICAL_SURFACE('',#9893,3.);
#9893 = AXIS2_PLACEMENT_3D('',#9894,#9895,#9896);
#9894 = CARTESIAN_POINT('',(7.21172282548,10.281040259226,66.9));
#9895 = DIRECTION('',(0.,1.110223024625E-16,-1.));
#9896 = DIRECTION('',(0.,1.,1.110223024625E-16));
#9897 = DEFINITIONAL_REPRESENTATION('',(#9898),#9902);
#9898 = LINE('',#9899,#9900);
#9899 = CARTESIAN_POINT('',(0.,7.));
#9900 = VECTOR('',#9901,1.);
#9901 = DIRECTION('',(1.,0.));
#9902 = ( GEOMETRIC_REPRESENTATION_CONTEXT(2) 
PARAMETRIC_REPRESENTATION_CONTEXT() REPRESENTATION_CONTEXT('2D SPACE',''
  ) );
#9903 = ORIENTED_EDGE('',*,*,#9904,.F.);
#9904 = EDGE_CURVE('',#9905,#9876,#9907,.T.);
#9905 = VERTEX_POINT('',#9906);
#9906 = CARTESIAN_POINT('',(4.549934681472,8.79089781098,59.9));
#9907 = SURFACE_CURVE('',#9908,(#9913,#9920),.PCURVE_S1.);
#9908 = CIRCLE('',#9909,3.);
#9909 = AXIS2_PLACEMENT_3D('',#9910,#9911,#9912);
#9910 = CARTESIAN_POINT('',(7.321384980642,9.939402595135,59.9));
#9911 = DIRECTION('',(0.,1.110223024625E-16,-1.));
#9912 = DIRECTION('',(0.,1.,1.110223024625E-16));
#9913 = PCURVE('',#2825,#9914);
#9914 = DEFINITIONAL_REPRESENTATION('',(#9915),#9919);
#9915 = CIRCLE('',#9916,3.);
#9916 = AXIS2_PLACEMENT_2D('',#9917,#9918);
#9917 = CARTESIAN_POINT('',(-32.06059740486,-15.17861501935));
#9918 = DIRECTION('',(1.,0.));
#9919 = ( GEOMETRIC_REPRESENTATION_CONTEXT(2) 
PARAMETRIC_REPRESENTATION_CONTEXT() REPRESENTATION_CONTEXT('2D SPACE',''
  ) );
#9920 = PCURVE('',#9921,#9926);
#9921 = CYLINDRICAL_SURFACE('',#9922,3.);
#9922 = AXIS2_PLACEMENT_3D('',#9923,#9924,#9925);
#9923 = CARTESIAN_POINT('',(7.321384980642,9.939402595135,66.9));
#9924 = DIRECTION('',(0.,1.110223024625E-16,-1.));
#9925 = DIRECTION('',(0.,1.,1.110223024625E-16));
#9926 = DEFINITIONAL_REPRESENTATION('',(#9927),#9931);
#9927 = LINE('',#9928,#9929);
#9928 = CARTESIAN_POINT('',(0.,7.));
#9929 = VECTOR('',#9930,1.);
#9930 = DIRECTION('',(1.,0.));
#9931 = ( GEOMETRIC_REPRESENTATION_CONTEXT(2) 
PARAMETRIC_REPRESENTATION_CONTEXT() REPRESENTATION_CONTEXT('2D SPACE',''
  ) );
#9932 = ORIENTED_EDGE('',*,*,#9933,.F.);
#9933 = EDGE_CURVE('',#9934,#9905,#9936,.T.);
#9934 = VERTEX_POINT('',#9935);
#9935 = CARTESIAN_POINT('',(4.693681087704,8.389946919522,59.9));
#9936 = SURFACE_CURVE('',#9937,(#9942,#9949),.PCURVE_S1.);
#9937 = CIRCLE('',#9938,3.);
#9938 = AXIS2_PLACEMENT_3D('',#9939,#9940,#9941);
#9939 = CARTESIAN_POINT('',(7.438680442431,9.600309899189,59.9));
#9940 = DIRECTION('',(0.,1.110223024625E-16,-1.));
#9941 = DIRECTION('',(0.,1.,1.110223024625E-16));
#9942 = PCURVE('',#2825,#9943);
#9943 = DEFINITIONAL_REPRESENTATION('',(#9944),#9948);
#9944 = CIRCLE('',#9945,3.);
#9945 = AXIS2_PLACEMENT_2D('',#9946,#9947);
#9946 = CARTESIAN_POINT('',(-32.39969010081,-15.06131955756));
#9947 = DIRECTION('',(1.,0.));
#9948 = ( GEOMETRIC_REPRESENTATION_CONTEXT(2) 
PARAMETRIC_REPRESENTATION_CONTEXT() REPRESENTATION_CONTEXT('2D SPACE',''
  ) );
#9949 = PCURVE('',#9950,#9955);
#9950 = CYLINDRICAL_SURFACE('',#9951,3.);
#9951 = AXIS2_PLACEMENT_3D('',#9952,#9953,#9954);
#9952 = CARTESIAN_POINT('',(7.438680442431,9.600309899189,66.9));
#9953 = DIRECTION('',(0.,1.110223024625E-16,-1.));
#9954 = DIRECTION('',(0.,1.,1.110223024625E-16));
#9955 = DEFINITIONAL_REPRESENTATION('',(#9956),#9960);
#9956 = LINE('',#9957,#9958);
#9957 = CARTESIAN_POINT('',(0.,7.));
#9958 = VECTOR('',#9959,1.);
#9959 = DIRECTION('',(1.,0.));
#9960 = ( GEOMETRIC_REPRESENTATION_CONTEXT(2) 
PARAMETRIC_REPRESENTATION_CONTEXT() REPRESENTATION_CONTEXT('2D SPACE',''
  ) );
#9961 = ORIENTED_EDGE('',*,*,#9962,.F.);
#9962 = EDGE_CURVE('',#9963,#9934,#9965,.T.);
#9963 = VERTEX_POINT('',#9964);
#9964 = CARTESIAN_POINT('',(4.846382269582,7.992320215549,59.9));
#9965 = SURFACE_CURVE('',#9966,(#9971,#9978),.PCURVE_S1.);
#9966 = CIRCLE('',#9967,3.);
#9967 = AXIS2_PLACEMENT_3D('',#9968,#9969,#9970);
#9968 = CARTESIAN_POINT('',(7.563550223105,9.263932700684,59.9));
#9969 = DIRECTION('',(0.,1.110223024625E-16,-1.));
#9970 = DIRECTION('',(0.,1.,1.110223024625E-16));
#9971 = PCURVE('',#2825,#9972);
#9972 = DEFINITIONAL_REPRESENTATION('',(#9973),#9977);
#9973 = CIRCLE('',#9974,3.);
#9974 = AXIS2_PLACEMENT_2D('',#9975,#9976);
#9975 = CARTESIAN_POINT('',(-32.73606729931,-14.93644977689));
#9976 = DIRECTION('',(1.,0.));
#9977 = ( GEOMETRIC_REPRESENTATION_CONTEXT(2) 
PARAMETRIC_REPRESENTATION_CONTEXT() REPRESENTATION_CONTEXT('2D SPACE',''
  ) );
#9978 = PCURVE('',#9979,#9984);
#9979 = CYLINDRICAL_SURFACE('',#9980,3.);
#9980 = AXIS2_PLACEMENT_3D('',#9981,#9982,#9983);
#9981 = CARTESIAN_POINT('',(7.563550223105,9.263932700684,66.9));
#9982 = DIRECTION('',(0.,1.110223024625E-16,-1.));
#9983 = DIRECTION('',(0.,1.,1.110223024625E-16));
#9984 = DEFINITIONAL_REPRESENTATION('',(#9985),#9989);
#9985 = LINE('',#9986,#9987);
#9986 = CARTESIAN_POINT('',(0.,7.));
#9987 = VECTOR('',#9988,1.);
#9988 = DIRECTION('',(1.,0.));
#9989 = ( GEOMETRIC_REPRESENTATION_CONTEXT(2) 
PARAMETRIC_REPRESENTATION_CONTEXT() REPRESENTATION_CONTEXT('2D SPACE',''
  ) );
#9990 = ORIENTED_EDGE('',*,*,#9991,.F.);
#9991 = EDGE_CURVE('',#9992,#9963,#9994,.T.);
#9992 = VERTEX_POINT('',#9993);
#9993 = CARTESIAN_POINT('',(5.007961433875,7.598217665025,59.9));
#9994 = SURFACE_CURVE('',#9995,(#10000,#10007),.PCURVE_S1.);
#9995 = CIRCLE('',#9996,3.);
#9996 = AXIS2_PLACEMENT_3D('',#9997,#9998,#9999);
#9997 = CARTESIAN_POINT('',(7.695931525806,8.930440163293,59.9));
#9998 = DIRECTION('',(0.,1.110223024625E-16,-1.));
#9999 = DIRECTION('',(0.,1.,1.110223024625E-16));
#10000 = PCURVE('',#2825,#10001);
#10001 = DEFINITIONAL_REPRESENTATION('',(#10002),#10006);
#10002 = CIRCLE('',#10003,3.);
#10003 = AXIS2_PLACEMENT_2D('',#10004,#10005);
#10004 = CARTESIAN_POINT('',(-33.0695598367,-14.80406847419));
#10005 = DIRECTION('',(1.,0.));
#10006 = ( GEOMETRIC_REPRESENTATION_CONTEXT(2) 
PARAMETRIC_REPRESENTATION_CONTEXT() REPRESENTATION_CONTEXT('2D SPACE',''
  ) );
#10007 = PCURVE('',#10008,#10013);
#10008 = CYLINDRICAL_SURFACE('',#10009,3.);
#10009 = AXIS2_PLACEMENT_3D('',#10010,#10011,#10012);
#10010 = CARTESIAN_POINT('',(7.695931525806,8.930440163293,66.9));
#10011 = DIRECTION('',(0.,1.110223024625E-16,-1.));
#10012 = DIRECTION('',(0.,1.,1.110223024625E-16));
#10013 = DEFINITIONAL_REPRESENTATION('',(#10014),#10018);
#10014 = LINE('',#10015,#10016);
#10015 = CARTESIAN_POINT('',(0.,7.));
#10016 = VECTOR('',#10017,1.);
#10017 = DIRECTION('',(1.,0.));
#10018 = ( GEOMETRIC_REPRESENTATION_CONTEXT(2) 
PARAMETRIC_REPRESENTATION_CONTEXT() REPRESENTATION_CONTEXT('2D SPACE',''
  ) );
#10019 = ORIENTED_EDGE('',*,*,#10020,.F.);
#10020 = EDGE_CURVE('',#7726,#9992,#10021,.T.);
#10021 = SURFACE_CURVE('',#10022,(#10027,#10034),.PCURVE_S1.);
#10022 = CIRCLE('',#10023,3.);
#10023 = AXIS2_PLACEMENT_3D('',#10024,#10025,#10026);
#10024 = CARTESIAN_POINT('',(7.835757776141,8.6,59.9));
#10025 = DIRECTION('',(0.,1.110223024625E-16,-1.));
#10026 = DIRECTION('',(0.,1.,1.110223024625E-16));
#10027 = PCURVE('',#2825,#10028);
#10028 = DEFINITIONAL_REPRESENTATION('',(#10029),#10033);
#10029 = CIRCLE('',#10030,3.);
#10030 = AXIS2_PLACEMENT_2D('',#10031,#10032);
#10031 = CARTESIAN_POINT('',(-33.4,-14.66424222385));
#10032 = DIRECTION('',(1.,0.));
#10033 = ( GEOMETRIC_REPRESENTATION_CONTEXT(2) 
PARAMETRIC_REPRESENTATION_CONTEXT() REPRESENTATION_CONTEXT('2D SPACE',''
  ) );
#10034 = PCURVE('',#10035,#10040);
#10035 = CYLINDRICAL_SURFACE('',#10036,3.);
#10036 = AXIS2_PLACEMENT_3D('',#10037,#10038,#10039);
#10037 = CARTESIAN_POINT('',(7.835757776141,8.6,66.9));
#10038 = DIRECTION('',(0.,1.110223024625E-16,-1.));
#10039 = DIRECTION('',(0.,1.,1.110223024625E-16));
#10040 = DEFINITIONAL_REPRESENTATION('',(#10041),#10045);
#10041 = LINE('',#10042,#10043);
#10042 = CARTESIAN_POINT('',(0.,7.));
#10043 = VECTOR('',#10044,1.);
#10044 = DIRECTION('',(1.,0.));
#10045 = ( GEOMETRIC_REPRESENTATION_CONTEXT(2) 
PARAMETRIC_REPRESENTATION_CONTEXT() REPRESENTATION_CONTEXT('2D SPACE',''
  ) );
#10046 = ADVANCED_FACE('',(#10047),#2797,.T.);
#10047 = FACE_BOUND('',#10048,.T.);
#10048 = EDGE_LOOP('',(#10049,#10050,#10051,#10075));
#10049 = ORIENTED_EDGE('',*,*,#7404,.F.);
#10050 = ORIENTED_EDGE('',*,*,#2781,.T.);
#10051 = ORIENTED_EDGE('',*,*,#10052,.T.);
#10052 = EDGE_CURVE('',#2754,#10053,#10055,.T.);
#10053 = VERTEX_POINT('',#10054);
#10054 = CARTESIAN_POINT('',(14.5,15.,65.9));
#10055 = SURFACE_CURVE('',#10056,(#10061,#10068),.PCURVE_S1.);
#10056 = CIRCLE('',#10057,8.);
#10057 = AXIS2_PLACEMENT_3D('',#10058,#10059,#10060);
#10058 = CARTESIAN_POINT('',(22.5,15.,65.9));
#10059 = DIRECTION('',(0.,1.110223024625E-16,-1.));
#10060 = DIRECTION('',(0.,1.,1.110223024625E-16));
#10061 = PCURVE('',#2797,#10062);
#10062 = DEFINITIONAL_REPRESENTATION('',(#10063),#10067);
#10063 = LINE('',#10064,#10065);
#10064 = CARTESIAN_POINT('',(0.,0.));
#10065 = VECTOR('',#10066,1.);
#10066 = DIRECTION('',(1.,0.));
#10067 = ( GEOMETRIC_REPRESENTATION_CONTEXT(2) 
PARAMETRIC_REPRESENTATION_CONTEXT() REPRESENTATION_CONTEXT('2D SPACE',''
  ) );
#10068 = PCURVE('',#2769,#10069);
#10069 = DEFINITIONAL_REPRESENTATION('',(#10070),#10074);
#10070 = CIRCLE('',#10071,8.);
#10071 = AXIS2_PLACEMENT_2D('',#10072,#10073);
#10072 = CARTESIAN_POINT('',(-50.,8.));
#10073 = DIRECTION('',(1.,0.));
#10074 = ( GEOMETRIC_REPRESENTATION_CONTEXT(2) 
PARAMETRIC_REPRESENTATION_CONTEXT() REPRESENTATION_CONTEXT('2D SPACE',''
  ) );
#10075 = ORIENTED_EDGE('',*,*,#10076,.F.);
#10076 = EDGE_CURVE('',#7405,#10053,#10077,.T.);
#10077 = SURFACE_CURVE('',#10078,(#10082,#10089),.PCURVE_S1.);
#10078 = LINE('',#10079,#10080);
#10079 = CARTESIAN_POINT('',(14.5,15.,59.9));
#10080 = VECTOR('',#10081,1.);
#10081 = DIRECTION('',(0.,-1.110223024625E-16,1.));
#10082 = PCURVE('',#2797,#10083);
#10083 = DEFINITIONAL_REPRESENTATION('',(#10084),#10088);
#10084 = LINE('',#10085,#10086);
#10085 = CARTESIAN_POINT('',(4.712388980385,6.));
#10086 = VECTOR('',#10087,1.);
#10087 = DIRECTION('',(0.,-1.));
#10088 = ( GEOMETRIC_REPRESENTATION_CONTEXT(2) 
PARAMETRIC_REPRESENTATION_CONTEXT() REPRESENTATION_CONTEXT('2D SPACE',''
  ) );
#10089 = PCURVE('',#7444,#10090);
#10090 = DEFINITIONAL_REPRESENTATION('',(#10091),#10095);
#10091 = LINE('',#10092,#10093);
#10092 = CARTESIAN_POINT('',(-3.330669073875E-16,3.));
#10093 = VECTOR('',#10094,1.);
#10094 = DIRECTION('',(0.,-1.));
#10095 = ( GEOMETRIC_REPRESENTATION_CONTEXT(2) 
PARAMETRIC_REPRESENTATION_CONTEXT() REPRESENTATION_CONTEXT('2D SPACE',''
  ) );
#10096 = ADVANCED_FACE('',(#10097,#10347,#10373),#2769,.F.);
#10097 = FACE_BOUND('',#10098,.F.);
#10098 = EDGE_LOOP('',(#10099,#10100,#10126,#10127,#10128,#10129,#10152,
    #10175,#10203,#10226,#10250,#10273,#10301,#10325,#10346));
#10099 = ORIENTED_EDGE('',*,*,#6954,.T.);
#10100 = ORIENTED_EDGE('',*,*,#10101,.F.);
#10101 = EDGE_CURVE('',#7034,#6955,#10102,.T.);
#10102 = SURFACE_CURVE('',#10103,(#10108,#10119),.PCURVE_S1.);
#10103 = CIRCLE('',#10104,8.);
#10104 = AXIS2_PLACEMENT_3D('',#10105,#10106,#10107);
#10105 = CARTESIAN_POINT('',(22.5,69.,65.9));
#10106 = DIRECTION('',(0.,-1.110223024625E-16,1.));
#10107 = DIRECTION('',(1.,0.,0.));
#10108 = PCURVE('',#2769,#10109);
#10109 = DEFINITIONAL_REPRESENTATION('',(#10110),#10118);
#10110 = ( BOUNDED_CURVE() B_SPLINE_CURVE(2,(#10111,#10112,#10113,#10114
    ,#10115,#10116,#10117),.UNSPECIFIED.,.T.,.F.) 
B_SPLINE_CURVE_WITH_KNOTS((1,2,2,2,2,1),(-2.094395102393,0.,
    2.094395102393,4.188790204786,6.28318530718,8.377580409573),
.UNSPECIFIED.) CURVE() GEOMETRIC_REPRESENTATION_ITEM() 
RATIONAL_B_SPLINE_CURVE((1.,0.5,1.,0.5,1.,0.5,1.)) REPRESENTATION_ITEM(
  '') );
#10111 = CARTESIAN_POINT('',(4.,16.));
#10112 = CARTESIAN_POINT('',(17.856406460551,16.));
#10113 = CARTESIAN_POINT('',(10.928203230276,4.));
#10114 = CARTESIAN_POINT('',(4.,-8.));
#10115 = CARTESIAN_POINT('',(-2.928203230276,4.));
#10116 = CARTESIAN_POINT('',(-9.856406460551,16.));
#10117 = CARTESIAN_POINT('',(4.,16.));
#10118 = ( GEOMETRIC_REPRESENTATION_CONTEXT(2) 
PARAMETRIC_REPRESENTATION_CONTEXT() REPRESENTATION_CONTEXT('2D SPACE',''
  ) );
#10119 = PCURVE('',#6993,#10120);
#10120 = DEFINITIONAL_REPRESENTATION('',(#10121),#10125);
#10121 = LINE('',#10122,#10123);
#10122 = CARTESIAN_POINT('',(7.853981633974,0.));
#10123 = VECTOR('',#10124,1.);
#10124 = DIRECTION('',(-1.,-0.));
#10125 = ( GEOMETRIC_REPRESENTATION_CONTEXT(2) 
PARAMETRIC_REPRESENTATION_CONTEXT() REPRESENTATION_CONTEXT('2D SPACE',''
  ) );
#10126 = ORIENTED_EDGE('',*,*,#7056,.T.);
#10127 = ORIENTED_EDGE('',*,*,#2753,.T.);
#10128 = ORIENTED_EDGE('',*,*,#10052,.T.);
#10129 = ORIENTED_EDGE('',*,*,#10130,.T.);
#10130 = EDGE_CURVE('',#10053,#10131,#10133,.T.);
#10131 = VERTEX_POINT('',#10132);
#10132 = CARTESIAN_POINT('',(14.5,26.,65.9));
#10133 = SURFACE_CURVE('',#10134,(#10138,#10145),.PCURVE_S1.);
#10134 = LINE('',#10135,#10136);
#10135 = CARTESIAN_POINT('',(14.5,15.,65.9));
#10136 = VECTOR('',#10137,1.);
#10137 = DIRECTION('',(0.,1.,1.110223024625E-16));
#10138 = PCURVE('',#2769,#10139);
#10139 = DEFINITIONAL_REPRESENTATION('',(#10140),#10144);
#10140 = LINE('',#10141,#10142);
#10141 = CARTESIAN_POINT('',(-50.,0.));
#10142 = VECTOR('',#10143,1.);
#10143 = DIRECTION('',(1.,0.));
#10144 = ( GEOMETRIC_REPRESENTATION_CONTEXT(2) 
PARAMETRIC_REPRESENTATION_CONTEXT() REPRESENTATION_CONTEXT('2D SPACE',''
  ) );
#10145 = PCURVE('',#7444,#10146);
#10146 = DEFINITIONAL_REPRESENTATION('',(#10147),#10151);
#10147 = LINE('',#10148,#10149);
#10148 = CARTESIAN_POINT('',(3.330669073875E-16,-3.));
#10149 = VECTOR('',#10150,1.);
#10150 = DIRECTION('',(1.,0.));
#10151 = ( GEOMETRIC_REPRESENTATION_CONTEXT(2) 
PARAMETRIC_REPRESENTATION_CONTEXT() REPRESENTATION_CONTEXT('2D SPACE',''
  ) );
#10152 = ORIENTED_EDGE('',*,*,#10153,.T.);
#10153 = EDGE_CURVE('',#10131,#10154,#10156,.T.);
#10154 = VERTEX_POINT('',#10155);
#10155 = CARTESIAN_POINT('',(11.682575694956,26.,65.9));
#10156 = SURFACE_CURVE('',#10157,(#10161,#10168),.PCURVE_S1.);
#10157 = LINE('',#10158,#10159);
#10158 = CARTESIAN_POINT('',(22.5,26.,65.9));
#10159 = VECTOR('',#10160,1.);
#10160 = DIRECTION('',(-1.,0.,0.));
#10161 = PCURVE('',#2769,#10162);
#10162 = DEFINITIONAL_REPRESENTATION('',(#10163),#10167);
#10163 = LINE('',#10164,#10165);
#10164 = CARTESIAN_POINT('',(-39.,8.));
#10165 = VECTOR('',#10166,1.);
#10166 = DIRECTION('',(0.,-1.));
#10167 = ( GEOMETRIC_REPRESENTATION_CONTEXT(2) 
PARAMETRIC_REPRESENTATION_CONTEXT() REPRESENTATION_CONTEXT('2D SPACE',''
  ) );
#10168 = PCURVE('',#7472,#10169);
#10169 = DEFINITIONAL_REPRESENTATION('',(#10170),#10174);
#10170 = LINE('',#10171,#10172);
#10171 = CARTESIAN_POINT('',(0.,-3.));
#10172 = VECTOR('',#10173,1.);
#10173 = DIRECTION('',(1.,0.));
#10174 = ( GEOMETRIC_REPRESENTATION_CONTEXT(2) 
PARAMETRIC_REPRESENTATION_CONTEXT() REPRESENTATION_CONTEXT('2D SPACE',''
  ) );
#10175 = ORIENTED_EDGE('',*,*,#10176,.F.);
#10176 = EDGE_CURVE('',#10177,#10154,#10179,.T.);
#10177 = VERTEX_POINT('',#10178);
#10178 = CARTESIAN_POINT('',(12.1,24.,65.9));
#10179 = SURFACE_CURVE('',#10180,(#10185,#10196),.PCURVE_S1.);
#10180 = CIRCLE('',#10181,5.);
#10181 = AXIS2_PLACEMENT_3D('',#10182,#10183,#10184);
#10182 = CARTESIAN_POINT('',(7.1,24.,65.9));
#10183 = DIRECTION('',(0.,-1.110223024625E-16,1.));
#10184 = DIRECTION('',(1.,0.,0.));
#10185 = PCURVE('',#2769,#10186);
#10186 = DEFINITIONAL_REPRESENTATION('',(#10187),#10195);
#10187 = ( BOUNDED_CURVE() B_SPLINE_CURVE(2,(#10188,#10189,#10190,#10191
    ,#10192,#10193,#10194),.UNSPECIFIED.,.T.,.F.) 
B_SPLINE_CURVE_WITH_KNOTS((1,2,2,2,2,1),(-2.094395102393,0.,
    2.094395102393,4.188790204786,6.28318530718,8.377580409573),
.UNSPECIFIED.) CURVE() GEOMETRIC_REPRESENTATION_ITEM() 
RATIONAL_B_SPLINE_CURVE((1.,0.5,1.,0.5,1.,0.5,1.)) REPRESENTATION_ITEM(
  '') );
#10188 = CARTESIAN_POINT('',(-41.,-2.4));
#10189 = CARTESIAN_POINT('',(-32.33974596215,-2.4));
#10190 = CARTESIAN_POINT('',(-36.66987298107,-9.9));
#10191 = CARTESIAN_POINT('',(-41.,-17.4));
#10192 = CARTESIAN_POINT('',(-45.33012701892,-9.9));
#10193 = CARTESIAN_POINT('',(-49.66025403784,-2.4));
#10194 = CARTESIAN_POINT('',(-41.,-2.4));
#10195 = ( GEOMETRIC_REPRESENTATION_CONTEXT(2) 
PARAMETRIC_REPRESENTATION_CONTEXT() REPRESENTATION_CONTEXT('2D SPACE',''
  ) );
#10196 = PCURVE('',#7505,#10197);
#10197 = DEFINITIONAL_REPRESENTATION('',(#10198),#10202);
#10198 = LINE('',#10199,#10200);
#10199 = CARTESIAN_POINT('',(7.853981633974,0.));
#10200 = VECTOR('',#10201,1.);
#10201 = DIRECTION('',(-1.,-0.));
#10202 = ( GEOMETRIC_REPRESENTATION_CONTEXT(2) 
PARAMETRIC_REPRESENTATION_CONTEXT() REPRESENTATION_CONTEXT('2D SPACE',''
  ) );
#10203 = ORIENTED_EDGE('',*,*,#10204,.T.);
#10204 = EDGE_CURVE('',#10177,#10205,#10207,.T.);
#10205 = VERTEX_POINT('',#10206);
#10206 = CARTESIAN_POINT('',(12.1,7.,65.9));
#10207 = SURFACE_CURVE('',#10208,(#10212,#10219),.PCURVE_S1.);
#10208 = LINE('',#10209,#10210);
#10209 = CARTESIAN_POINT('',(12.1,24.,65.9));
#10210 = VECTOR('',#10211,1.);
#10211 = DIRECTION('',(0.,-1.,-1.110223024625E-16));
#10212 = PCURVE('',#2769,#10213);
#10213 = DEFINITIONAL_REPRESENTATION('',(#10214),#10218);
#10214 = LINE('',#10215,#10216);
#10215 = CARTESIAN_POINT('',(-41.,-2.4));
#10216 = VECTOR('',#10217,1.);
#10217 = DIRECTION('',(-1.,0.));
#10218 = ( GEOMETRIC_REPRESENTATION_CONTEXT(2) 
PARAMETRIC_REPRESENTATION_CONTEXT() REPRESENTATION_CONTEXT('2D SPACE',''
  ) );
#10219 = PCURVE('',#7533,#10220);
#10220 = DEFINITIONAL_REPRESENTATION('',(#10221),#10225);
#10221 = LINE('',#10222,#10223);
#10222 = CARTESIAN_POINT('',(-3.330669073875E-16,-3.));
#10223 = VECTOR('',#10224,1.);
#10224 = DIRECTION('',(1.,0.));
#10225 = ( GEOMETRIC_REPRESENTATION_CONTEXT(2) 
PARAMETRIC_REPRESENTATION_CONTEXT() REPRESENTATION_CONTEXT('2D SPACE',''
  ) );
#10226 = ORIENTED_EDGE('',*,*,#10227,.T.);
#10227 = EDGE_CURVE('',#10205,#10228,#10230,.T.);
#10228 = VERTEX_POINT('',#10229);
#10229 = CARTESIAN_POINT('',(2.1,7.,65.9));
#10230 = SURFACE_CURVE('',#10231,(#10236,#10243),.PCURVE_S1.);
#10231 = CIRCLE('',#10232,5.);
#10232 = AXIS2_PLACEMENT_3D('',#10233,#10234,#10235);
#10233 = CARTESIAN_POINT('',(7.1,7.,65.9));
#10234 = DIRECTION('',(0.,1.110223024625E-16,-1.));
#10235 = DIRECTION('',(0.,1.,1.110223024625E-16));
#10236 = PCURVE('',#2769,#10237);
#10237 = DEFINITIONAL_REPRESENTATION('',(#10238),#10242);
#10238 = CIRCLE('',#10239,5.);
#10239 = AXIS2_PLACEMENT_2D('',#10240,#10241);
#10240 = CARTESIAN_POINT('',(-58.,-7.4));
#10241 = DIRECTION('',(1.,0.));
#10242 = ( GEOMETRIC_REPRESENTATION_CONTEXT(2) 
PARAMETRIC_REPRESENTATION_CONTEXT() REPRESENTATION_CONTEXT('2D SPACE',''
  ) );
#10243 = PCURVE('',#7562,#10244);
#10244 = DEFINITIONAL_REPRESENTATION('',(#10245),#10249);
#10245 = LINE('',#10246,#10247);
#10246 = CARTESIAN_POINT('',(0.,0.));
#10247 = VECTOR('',#10248,1.);
#10248 = DIRECTION('',(1.,0.));
#10249 = ( GEOMETRIC_REPRESENTATION_CONTEXT(2) 
PARAMETRIC_REPRESENTATION_CONTEXT() REPRESENTATION_CONTEXT('2D SPACE',''
  ) );
#10250 = ORIENTED_EDGE('',*,*,#10251,.T.);
#10251 = EDGE_CURVE('',#10228,#10252,#10254,.T.);
#10252 = VERTEX_POINT('',#10253);
#10253 = CARTESIAN_POINT('',(2.1,24.,65.9));
#10254 = SURFACE_CURVE('',#10255,(#10259,#10266),.PCURVE_S1.);
#10255 = LINE('',#10256,#10257);
#10256 = CARTESIAN_POINT('',(2.1,7.,65.9));
#10257 = VECTOR('',#10258,1.);
#10258 = DIRECTION('',(0.,1.,1.110223024625E-16));
#10259 = PCURVE('',#2769,#10260);
#10260 = DEFINITIONAL_REPRESENTATION('',(#10261),#10265);
#10261 = LINE('',#10262,#10263);
#10262 = CARTESIAN_POINT('',(-58.,-12.4));
#10263 = VECTOR('',#10264,1.);
#10264 = DIRECTION('',(1.,0.));
#10265 = ( GEOMETRIC_REPRESENTATION_CONTEXT(2) 
PARAMETRIC_REPRESENTATION_CONTEXT() REPRESENTATION_CONTEXT('2D SPACE',''
  ) );
#10266 = PCURVE('',#7590,#10267);
#10267 = DEFINITIONAL_REPRESENTATION('',(#10268),#10272);
#10268 = LINE('',#10269,#10270);
#10269 = CARTESIAN_POINT('',(3.330669073875E-16,-3.));
#10270 = VECTOR('',#10271,1.);
#10271 = DIRECTION('',(1.,0.));
#10272 = ( GEOMETRIC_REPRESENTATION_CONTEXT(2) 
PARAMETRIC_REPRESENTATION_CONTEXT() REPRESENTATION_CONTEXT('2D SPACE',''
  ) );
#10273 = ORIENTED_EDGE('',*,*,#10274,.F.);
#10274 = EDGE_CURVE('',#10275,#10252,#10277,.T.);
#10275 = VERTEX_POINT('',#10276);
#10276 = CARTESIAN_POINT('',(3.529285785728,27.5,65.9));
#10277 = SURFACE_CURVE('',#10278,(#10283,#10294),.PCURVE_S1.);
#10278 = CIRCLE('',#10279,5.);
#10279 = AXIS2_PLACEMENT_3D('',#10280,#10281,#10282);
#10280 = CARTESIAN_POINT('',(7.1,24.,65.9));
#10281 = DIRECTION('',(0.,-1.110223024625E-16,1.));
#10282 = DIRECTION('',(1.,0.,0.));
#10283 = PCURVE('',#2769,#10284);
#10284 = DEFINITIONAL_REPRESENTATION('',(#10285),#10293);
#10285 = ( BOUNDED_CURVE() B_SPLINE_CURVE(2,(#10286,#10287,#10288,#10289
    ,#10290,#10291,#10292),.UNSPECIFIED.,.T.,.F.) 
B_SPLINE_CURVE_WITH_KNOTS((1,2,2,2,2,1),(-2.094395102393,0.,
    2.094395102393,4.188790204786,6.28318530718,8.377580409573),
.UNSPECIFIED.) CURVE() GEOMETRIC_REPRESENTATION_ITEM() 
RATIONAL_B_SPLINE_CURVE((1.,0.5,1.,0.5,1.,0.5,1.)) REPRESENTATION_ITEM(
  '') );
#10286 = CARTESIAN_POINT('',(-41.,-2.4));
#10287 = CARTESIAN_POINT('',(-32.33974596215,-2.4));
#10288 = CARTESIAN_POINT('',(-36.66987298107,-9.9));
#10289 = CARTESIAN_POINT('',(-41.,-17.4));
#10290 = CARTESIAN_POINT('',(-45.33012701892,-9.9));
#10291 = CARTESIAN_POINT('',(-49.66025403784,-2.4));
#10292 = CARTESIAN_POINT('',(-41.,-2.4));
#10293 = ( GEOMETRIC_REPRESENTATION_CONTEXT(2) 
PARAMETRIC_REPRESENTATION_CONTEXT() REPRESENTATION_CONTEXT('2D SPACE',''
  ) );
#10294 = PCURVE('',#7623,#10295);
#10295 = DEFINITIONAL_REPRESENTATION('',(#10296),#10300);
#10296 = LINE('',#10297,#10298);
#10297 = CARTESIAN_POINT('',(7.853981633974,0.));
#10298 = VECTOR('',#10299,1.);
#10299 = DIRECTION('',(-1.,-0.));
#10300 = ( GEOMETRIC_REPRESENTATION_CONTEXT(2) 
PARAMETRIC_REPRESENTATION_CONTEXT() REPRESENTATION_CONTEXT('2D SPACE',''
  ) );
#10301 = ORIENTED_EDGE('',*,*,#10302,.T.);
#10302 = EDGE_CURVE('',#10275,#10303,#10305,.T.);
#10303 = VERTEX_POINT('',#10304);
#10304 = CARTESIAN_POINT('',(7.1,36.,65.9));
#10305 = SURFACE_CURVE('',#10306,(#10311,#10318),.PCURVE_S1.);
#10306 = CIRCLE('',#10307,5.);
#10307 = AXIS2_PLACEMENT_3D('',#10308,#10309,#10310);
#10308 = CARTESIAN_POINT('',(7.1,31.,65.9));
#10309 = DIRECTION('',(0.,1.110223024625E-16,-1.));
#10310 = DIRECTION('',(0.,1.,1.110223024625E-16));
#10311 = PCURVE('',#2769,#10312);
#10312 = DEFINITIONAL_REPRESENTATION('',(#10313),#10317);
#10313 = CIRCLE('',#10314,5.);
#10314 = AXIS2_PLACEMENT_2D('',#10315,#10316);
#10315 = CARTESIAN_POINT('',(-34.,-7.4));
#10316 = DIRECTION('',(1.,0.));
#10317 = ( GEOMETRIC_REPRESENTATION_CONTEXT(2) 
PARAMETRIC_REPRESENTATION_CONTEXT() REPRESENTATION_CONTEXT('2D SPACE',''
  ) );
#10318 = PCURVE('',#7652,#10319);
#10319 = DEFINITIONAL_REPRESENTATION('',(#10320),#10324);
#10320 = LINE('',#10321,#10322);
#10321 = CARTESIAN_POINT('',(0.,0.));
#10322 = VECTOR('',#10323,1.);
#10323 = DIRECTION('',(1.,0.));
#10324 = ( GEOMETRIC_REPRESENTATION_CONTEXT(2) 
PARAMETRIC_REPRESENTATION_CONTEXT() REPRESENTATION_CONTEXT('2D SPACE',''
  ) );
#10325 = ORIENTED_EDGE('',*,*,#10326,.T.);
#10326 = EDGE_CURVE('',#10303,#3100,#10327,.T.);
#10327 = SURFACE_CURVE('',#10328,(#10332,#10339),.PCURVE_S1.);
#10328 = LINE('',#10329,#10330);
#10329 = CARTESIAN_POINT('',(7.1,36.,65.9));
#10330 = VECTOR('',#10331,1.);
#10331 = DIRECTION('',(1.,0.,0.));
#10332 = PCURVE('',#2769,#10333);
#10333 = DEFINITIONAL_REPRESENTATION('',(#10334),#10338);
#10334 = LINE('',#10335,#10336);
#10335 = CARTESIAN_POINT('',(-29.,-7.4));
#10336 = VECTOR('',#10337,1.);
#10337 = DIRECTION('',(0.,1.));
#10338 = ( GEOMETRIC_REPRESENTATION_CONTEXT(2) 
PARAMETRIC_REPRESENTATION_CONTEXT() REPRESENTATION_CONTEXT('2D SPACE',''
  ) );
#10339 = PCURVE('',#3138,#10340);
#10340 = DEFINITIONAL_REPRESENTATION('',(#10341),#10345);
#10341 = LINE('',#10342,#10343);
#10342 = CARTESIAN_POINT('',(0.,-3.));
#10343 = VECTOR('',#10344,1.);
#10344 = DIRECTION('',(1.,0.));
#10345 = ( GEOMETRIC_REPRESENTATION_CONTEXT(2) 
PARAMETRIC_REPRESENTATION_CONTEXT() REPRESENTATION_CONTEXT('2D SPACE',''
  ) );
#10346 = ORIENTED_EDGE('',*,*,#3099,.T.);
#10347 = FACE_BOUND('',#10348,.F.);
#10348 = EDGE_LOOP('',(#10349));
#10349 = ORIENTED_EDGE('',*,*,#10350,.F.);
#10350 = EDGE_CURVE('',#10351,#10351,#10353,.T.);
#10351 = VERTEX_POINT('',#10352);
#10352 = CARTESIAN_POINT('',(22.5,18.2,65.9));
#10353 = SURFACE_CURVE('',#10354,(#10359,#10366),.PCURVE_S1.);
#10354 = CIRCLE('',#10355,3.2);
#10355 = AXIS2_PLACEMENT_3D('',#10356,#10357,#10358);
#10356 = CARTESIAN_POINT('',(22.5,15.,65.9));
#10357 = DIRECTION('',(0.,1.110223024625E-16,-1.));
#10358 = DIRECTION('',(0.,1.,1.110223024625E-16));
#10359 = PCURVE('',#2769,#10360);
#10360 = DEFINITIONAL_REPRESENTATION('',(#10361),#10365);
#10361 = CIRCLE('',#10362,3.2);
#10362 = AXIS2_PLACEMENT_2D('',#10363,#10364);
#10363 = CARTESIAN_POINT('',(-50.,8.));
#10364 = DIRECTION('',(1.,0.));
#10365 = ( GEOMETRIC_REPRESENTATION_CONTEXT(2) 
PARAMETRIC_REPRESENTATION_CONTEXT() REPRESENTATION_CONTEXT('2D SPACE',''
  ) );
#10366 = PCURVE('',#7709,#10367);
#10367 = DEFINITIONAL_REPRESENTATION('',(#10368),#10372);
#10368 = LINE('',#10369,#10370);
#10369 = CARTESIAN_POINT('',(0.,1.));
#10370 = VECTOR('',#10371,1.);
#10371 = DIRECTION('',(1.,0.));
#10372 = ( GEOMETRIC_REPRESENTATION_CONTEXT(2) 
PARAMETRIC_REPRESENTATION_CONTEXT() REPRESENTATION_CONTEXT('2D SPACE',''
  ) );
#10373 = FACE_BOUND('',#10374,.F.);
#10374 = EDGE_LOOP('',(#10375,#10401,#10425,#10449,#10473,#10497,#10521,
    #10545,#10569,#10593,#10617,#10641,#10665,#10689,#10713,#10737,
    #10761,#10785,#10809,#10833,#10857,#10881,#10905,#10929,#10953,
    #10977,#11001,#11025,#11049,#11073,#11097,#11121,#11145,#11169,
    #11193,#11217,#11241,#11265,#11289,#11313,#11337,#11361,#11385,
    #11409,#11433,#11457,#11481,#11505,#11529,#11553,#11577,#11601,
    #11625,#11649,#11673,#11697,#11721,#11745,#11769,#11793,#11817,
    #11841,#11865,#11889,#11913,#11937,#11961,#11985,#12009,#12033,
    #12057,#12081,#12105,#12129,#12153,#12177,#12201,#12225,#12249,
    #12273));
#10375 = ORIENTED_EDGE('',*,*,#10376,.F.);
#10376 = EDGE_CURVE('',#10377,#10379,#10381,.T.);
#10377 = VERTEX_POINT('',#10378);
#10378 = CARTESIAN_POINT('',(10.41309947933,10.202052648425,65.9));
#10379 = VERTEX_POINT('',#10380);
#10380 = CARTESIAN_POINT('',(10.523727868075,9.932222498261,65.9));
#10381 = SURFACE_CURVE('',#10382,(#10387,#10394),.PCURVE_S1.);
#10382 = CIRCLE('',#10383,3.);
#10383 = AXIS2_PLACEMENT_3D('',#10384,#10385,#10386);
#10384 = CARTESIAN_POINT('',(7.695931525806,8.930440163293,65.9));
#10385 = DIRECTION('',(0.,1.110223024625E-16,-1.));
#10386 = DIRECTION('',(0.,1.,1.110223024625E-16));
#10387 = PCURVE('',#2769,#10388);
#10388 = DEFINITIONAL_REPRESENTATION('',(#10389),#10393);
#10389 = CIRCLE('',#10390,3.);
#10390 = AXIS2_PLACEMENT_2D('',#10391,#10392);
#10391 = CARTESIAN_POINT('',(-56.0695598367,-6.804068474194));
#10392 = DIRECTION('',(1.,0.));
#10393 = ( GEOMETRIC_REPRESENTATION_CONTEXT(2) 
PARAMETRIC_REPRESENTATION_CONTEXT() REPRESENTATION_CONTEXT('2D SPACE',''
  ) );
#10394 = PCURVE('',#7742,#10395);
#10395 = DEFINITIONAL_REPRESENTATION('',(#10396),#10400);
#10396 = LINE('',#10397,#10398);
#10397 = CARTESIAN_POINT('',(0.,1.));
#10398 = VECTOR('',#10399,1.);
#10399 = DIRECTION('',(1.,0.));
#10400 = ( GEOMETRIC_REPRESENTATION_CONTEXT(2) 
PARAMETRIC_REPRESENTATION_CONTEXT() REPRESENTATION_CONTEXT('2D SPACE',''
  ) );
#10401 = ORIENTED_EDGE('',*,*,#10402,.F.);
#10402 = EDGE_CURVE('',#10403,#10377,#10405,.T.);
#10403 = VERTEX_POINT('',#10404);
#10404 = CARTESIAN_POINT('',(10.308549577835,10.474295680344,65.9));
#10405 = SURFACE_CURVE('',#10406,(#10411,#10418),.PCURVE_S1.);
#10406 = CIRCLE('',#10407,3.);
#10407 = AXIS2_PLACEMENT_3D('',#10408,#10409,#10410);
#10408 = CARTESIAN_POINT('',(7.563550223105,9.263932700684,65.9));
#10409 = DIRECTION('',(0.,1.110223024625E-16,-1.));
#10410 = DIRECTION('',(0.,1.,1.110223024625E-16));
#10411 = PCURVE('',#2769,#10412);
#10412 = DEFINITIONAL_REPRESENTATION('',(#10413),#10417);
#10413 = CIRCLE('',#10414,3.);
#10414 = AXIS2_PLACEMENT_2D('',#10415,#10416);
#10415 = CARTESIAN_POINT('',(-55.73606729931,-6.936449776895));
#10416 = DIRECTION('',(1.,0.));
#10417 = ( GEOMETRIC_REPRESENTATION_CONTEXT(2) 
PARAMETRIC_REPRESENTATION_CONTEXT() REPRESENTATION_CONTEXT('2D SPACE',''
  ) );
#10418 = PCURVE('',#7771,#10419);
#10419 = DEFINITIONAL_REPRESENTATION('',(#10420),#10424);
#10420 = LINE('',#10421,#10422);
#10421 = CARTESIAN_POINT('',(0.,1.));
#10422 = VECTOR('',#10423,1.);
#10423 = DIRECTION('',(1.,0.));
#10424 = ( GEOMETRIC_REPRESENTATION_CONTEXT(2) 
PARAMETRIC_REPRESENTATION_CONTEXT() REPRESENTATION_CONTEXT('2D SPACE',''
  ) );
#10425 = ORIENTED_EDGE('',*,*,#10426,.F.);
#10426 = EDGE_CURVE('',#10427,#10403,#10429,.T.);
#10427 = VERTEX_POINT('',#10428);
#10428 = CARTESIAN_POINT('',(10.210130741601,10.748814683347,65.9));
#10429 = SURFACE_CURVE('',#10430,(#10435,#10442),.PCURVE_S1.);
#10430 = CIRCLE('',#10431,3.);
#10431 = AXIS2_PLACEMENT_3D('',#10432,#10433,#10434);
#10432 = CARTESIAN_POINT('',(7.438680442431,9.600309899189,65.9));
#10433 = DIRECTION('',(0.,1.110223024625E-16,-1.));
#10434 = DIRECTION('',(0.,1.,1.110223024625E-16));
#10435 = PCURVE('',#2769,#10436);
#10436 = DEFINITIONAL_REPRESENTATION('',(#10437),#10441);
#10437 = CIRCLE('',#10438,3.);
#10438 = AXIS2_PLACEMENT_2D('',#10439,#10440);
#10439 = CARTESIAN_POINT('',(-55.39969010081,-7.061319557569));
#10440 = DIRECTION('',(1.,0.));
#10441 = ( GEOMETRIC_REPRESENTATION_CONTEXT(2) 
PARAMETRIC_REPRESENTATION_CONTEXT() REPRESENTATION_CONTEXT('2D SPACE',''
  ) );
#10442 = PCURVE('',#7800,#10443);
#10443 = DEFINITIONAL_REPRESENTATION('',(#10444),#10448);
#10444 = LINE('',#10445,#10446);
#10445 = CARTESIAN_POINT('',(0.,1.));
#10446 = VECTOR('',#10447,1.);
#10447 = DIRECTION('',(1.,0.));
#10448 = ( GEOMETRIC_REPRESENTATION_CONTEXT(2) 
PARAMETRIC_REPRESENTATION_CONTEXT() REPRESENTATION_CONTEXT('2D SPACE',''
  ) );
#10449 = ORIENTED_EDGE('',*,*,#10450,.F.);
#10450 = EDGE_CURVE('',#10451,#10427,#10453,.T.);
#10451 = VERTEX_POINT('',#10452);
#10452 = CARTESIAN_POINT('',(10.117892465344,11.025471602154,65.9));
#10453 = SURFACE_CURVE('',#10454,(#10459,#10466),.PCURVE_S1.);
#10454 = CIRCLE('',#10455,3.);
#10455 = AXIS2_PLACEMENT_3D('',#10456,#10457,#10458);
#10456 = CARTESIAN_POINT('',(7.321384980642,9.939402595135,65.9));
#10457 = DIRECTION('',(0.,1.110223024625E-16,-1.));
#10458 = DIRECTION('',(0.,1.,1.110223024625E-16));
#10459 = PCURVE('',#2769,#10460);
#10460 = DEFINITIONAL_REPRESENTATION('',(#10461),#10465);
#10461 = CIRCLE('',#10462,3.);
#10462 = AXIS2_PLACEMENT_2D('',#10463,#10464);
#10463 = CARTESIAN_POINT('',(-55.06059740486,-7.178615019358));
#10464 = DIRECTION('',(1.,0.));
#10465 = ( GEOMETRIC_REPRESENTATION_CONTEXT(2) 
PARAMETRIC_REPRESENTATION_CONTEXT() REPRESENTATION_CONTEXT('2D SPACE',''
  ) );
#10466 = PCURVE('',#7829,#10467);
#10467 = DEFINITIONAL_REPRESENTATION('',(#10468),#10472);
#10468 = LINE('',#10469,#10470);
#10469 = CARTESIAN_POINT('',(0.,1.));
#10470 = VECTOR('',#10471,1.);
#10471 = DIRECTION('',(1.,0.));
#10472 = ( GEOMETRIC_REPRESENTATION_CONTEXT(2) 
PARAMETRIC_REPRESENTATION_CONTEXT() REPRESENTATION_CONTEXT('2D SPACE',''
  ) );
#10473 = ORIENTED_EDGE('',*,*,#10474,.F.);
#10474 = EDGE_CURVE('',#10475,#10451,#10477,.T.);
#10475 = VERTEX_POINT('',#10476);
#10476 = CARTESIAN_POINT('',(10.031881135574,11.304127306358,65.9));
#10477 = SURFACE_CURVE('',#10478,(#10483,#10490),.PCURVE_S1.);
#10478 = CIRCLE('',#10479,3.);
#10479 = AXIS2_PLACEMENT_3D('',#10480,#10481,#10482);
#10480 = CARTESIAN_POINT('',(7.21172282548,10.281040259226,65.9));
#10481 = DIRECTION('',(0.,1.110223024625E-16,-1.));
#10482 = DIRECTION('',(0.,1.,1.110223024625E-16));
#10483 = PCURVE('',#2769,#10484);
#10484 = DEFINITIONAL_REPRESENTATION('',(#10485),#10489);
#10485 = CIRCLE('',#10486,3.);
#10486 = AXIS2_PLACEMENT_2D('',#10487,#10488);
#10487 = CARTESIAN_POINT('',(-54.71895974077,-7.28827717452));
#10488 = DIRECTION('',(1.,0.));
#10489 = ( GEOMETRIC_REPRESENTATION_CONTEXT(2) 
PARAMETRIC_REPRESENTATION_CONTEXT() REPRESENTATION_CONTEXT('2D SPACE',''
  ) );
#10490 = PCURVE('',#7858,#10491);
#10491 = DEFINITIONAL_REPRESENTATION('',(#10492),#10496);
#10492 = LINE('',#10493,#10494);
#10493 = CARTESIAN_POINT('',(0.,1.));
#10494 = VECTOR('',#10495,1.);
#10495 = DIRECTION('',(1.,0.));
#10496 = ( GEOMETRIC_REPRESENTATION_CONTEXT(2) 
PARAMETRIC_REPRESENTATION_CONTEXT() REPRESENTATION_CONTEXT('2D SPACE',''
  ) );
#10497 = ORIENTED_EDGE('',*,*,#10498,.F.);
#10498 = EDGE_CURVE('',#10499,#10475,#10501,.T.);
#10499 = VERTEX_POINT('',#10500);
#10500 = CARTESIAN_POINT('',(9.952140007285,11.584641660338,65.9));
#10501 = SURFACE_CURVE('',#10502,(#10507,#10514),.PCURVE_S1.);
#10502 = CIRCLE('',#10503,3.);
#10503 = AXIS2_PLACEMENT_3D('',#10504,#10505,#10506);
#10504 = CARTESIAN_POINT('',(7.109749125906,10.625051082304,65.9));
#10505 = DIRECTION('',(0.,1.110223024625E-16,-1.));
#10506 = DIRECTION('',(0.,1.,1.110223024625E-16));
#10507 = PCURVE('',#2769,#10508);
#10508 = DEFINITIONAL_REPRESENTATION('',(#10509),#10513);
#10509 = CIRCLE('',#10510,3.);
#10510 = AXIS2_PLACEMENT_2D('',#10511,#10512);
#10511 = CARTESIAN_POINT('',(-54.37494891769,-7.390250874094));
#10512 = DIRECTION('',(1.,0.));
#10513 = ( GEOMETRIC_REPRESENTATION_CONTEXT(2) 
PARAMETRIC_REPRESENTATION_CONTEXT() REPRESENTATION_CONTEXT('2D SPACE',''
  ) );
#10514 = PCURVE('',#7887,#10515);
#10515 = DEFINITIONAL_REPRESENTATION('',(#10516),#10520);
#10516 = LINE('',#10517,#10518);
#10517 = CARTESIAN_POINT('',(0.,1.));
#10518 = VECTOR('',#10519,1.);
#10519 = DIRECTION('',(1.,0.));
#10520 = ( GEOMETRIC_REPRESENTATION_CONTEXT(2) 
PARAMETRIC_REPRESENTATION_CONTEXT() REPRESENTATION_CONTEXT('2D SPACE',''
  ) );
#10521 = ORIENTED_EDGE('',*,*,#10522,.F.);
#10522 = EDGE_CURVE('',#10523,#10499,#10525,.T.);
#10523 = VERTEX_POINT('',#10524);
#10524 = CARTESIAN_POINT('',(9.878709182189,11.866873593789,65.9));
#10525 = SURFACE_CURVE('',#10526,(#10531,#10538),.PCURVE_S1.);
#10526 = CIRCLE('',#10527,3.);
#10527 = AXIS2_PLACEMENT_3D('',#10528,#10529,#10530);
#10528 = CARTESIAN_POINT('',(7.015515164367,10.971262061756,65.9));
#10529 = DIRECTION('',(0.,1.110223024625E-16,-1.));
#10530 = DIRECTION('',(0.,1.,1.110223024625E-16));
#10531 = PCURVE('',#2769,#10532);
#10532 = DEFINITIONAL_REPRESENTATION('',(#10533),#10537);
#10533 = CIRCLE('',#10534,3.);
#10534 = AXIS2_PLACEMENT_2D('',#10535,#10536);
#10535 = CARTESIAN_POINT('',(-54.02873793824,-7.484484835633));
#10536 = DIRECTION('',(1.,0.));
#10537 = ( GEOMETRIC_REPRESENTATION_CONTEXT(2) 
PARAMETRIC_REPRESENTATION_CONTEXT() REPRESENTATION_CONTEXT('2D SPACE',''
  ) );
#10538 = PCURVE('',#7916,#10539);
#10539 = DEFINITIONAL_REPRESENTATION('',(#10540),#10544);
#10540 = LINE('',#10541,#10542);
#10541 = CARTESIAN_POINT('',(0.,1.));
#10542 = VECTOR('',#10543,1.);
#10543 = DIRECTION('',(1.,0.));
#10544 = ( GEOMETRIC_REPRESENTATION_CONTEXT(2) 
PARAMETRIC_REPRESENTATION_CONTEXT() REPRESENTATION_CONTEXT('2D SPACE',''
  ) );
#10545 = ORIENTED_EDGE('',*,*,#10546,.F.);
#10546 = EDGE_CURVE('',#10547,#10523,#10549,.T.);
#10547 = VERTEX_POINT('',#10548);
#10548 = CARTESIAN_POINT('',(9.811625588556,12.150681172615,65.9));
#10549 = SURFACE_CURVE('',#10550,(#10555,#10562),.PCURVE_S1.);
#10550 = CIRCLE('',#10551,3.);
#10551 = AXIS2_PLACEMENT_3D('',#10552,#10553,#10554);
#10552 = CARTESIAN_POINT('',(6.929068331005,11.319499088509,65.9));
#10553 = DIRECTION('',(0.,1.110223024625E-16,-1.));
#10554 = DIRECTION('',(0.,1.,1.110223024625E-16));
#10555 = PCURVE('',#2769,#10556);
#10556 = DEFINITIONAL_REPRESENTATION('',(#10557),#10561);
#10557 = CIRCLE('',#10558,3.);
#10558 = AXIS2_PLACEMENT_2D('',#10559,#10560);
#10559 = CARTESIAN_POINT('',(-53.68050091149,-7.570931668995));
#10560 = DIRECTION('',(1.,0.));
#10561 = ( GEOMETRIC_REPRESENTATION_CONTEXT(2) 
PARAMETRIC_REPRESENTATION_CONTEXT() REPRESENTATION_CONTEXT('2D SPACE',''
  ) );
#10562 = PCURVE('',#7945,#10563);
#10563 = DEFINITIONAL_REPRESENTATION('',(#10564),#10568);
#10564 = LINE('',#10565,#10566);
#10565 = CARTESIAN_POINT('',(0.,1.));
#10566 = VECTOR('',#10567,1.);
#10567 = DIRECTION('',(1.,0.));
#10568 = ( GEOMETRIC_REPRESENTATION_CONTEXT(2) 
PARAMETRIC_REPRESENTATION_CONTEXT() REPRESENTATION_CONTEXT('2D SPACE',''
  ) );
#10569 = ORIENTED_EDGE('',*,*,#10570,.F.);
#10570 = EDGE_CURVE('',#10571,#10547,#10573,.T.);
#10571 = VERTEX_POINT('',#10572);
#10572 = CARTESIAN_POINT('',(9.750922962645,12.435921670336,65.9));
#10573 = SURFACE_CURVE('',#10574,(#10579,#10586),.PCURVE_S1.);
#10574 = CIRCLE('',#10575,3.);
#10575 = AXIS2_PLACEMENT_3D('',#10576,#10577,#10578);
#10576 = CARTESIAN_POINT('',(6.850452099825,11.669587034595,65.9));
#10577 = DIRECTION('',(0.,1.110223024625E-16,-1.));
#10578 = DIRECTION('',(0.,1.,1.110223024625E-16));
#10579 = PCURVE('',#2769,#10580);
#10580 = DEFINITIONAL_REPRESENTATION('',(#10581),#10585);
#10581 = CIRCLE('',#10582,3.);
#10582 = AXIS2_PLACEMENT_2D('',#10583,#10584);
#10583 = CARTESIAN_POINT('',(-53.3304129654,-7.649547900175));
#10584 = DIRECTION('',(1.,0.));
#10585 = ( GEOMETRIC_REPRESENTATION_CONTEXT(2) 
PARAMETRIC_REPRESENTATION_CONTEXT() REPRESENTATION_CONTEXT('2D SPACE',''
  ) );
#10586 = PCURVE('',#7974,#10587);
#10587 = DEFINITIONAL_REPRESENTATION('',(#10588),#10592);
#10588 = LINE('',#10589,#10590);
#10589 = CARTESIAN_POINT('',(0.,1.));
#10590 = VECTOR('',#10591,1.);
#10591 = DIRECTION('',(1.,0.));
#10592 = ( GEOMETRIC_REPRESENTATION_CONTEXT(2) 
PARAMETRIC_REPRESENTATION_CONTEXT() REPRESENTATION_CONTEXT('2D SPACE',''
  ) );
#10593 = ORIENTED_EDGE('',*,*,#10594,.F.);
#10594 = EDGE_CURVE('',#10595,#10571,#10597,.T.);
#10595 = VERTEX_POINT('',#10596);
#10596 = CARTESIAN_POINT('',(9.696631831729,12.722451639859,65.9));
#10597 = SURFACE_CURVE('',#10598,(#10603,#10610),.PCURVE_S1.);
#10598 = CIRCLE('',#10599,3.);
#10599 = AXIS2_PLACEMENT_3D('',#10600,#10601,#10602);
#10600 = CARTESIAN_POINT('',(6.779706006833,12.021349841222,65.9));
#10601 = DIRECTION('',(0.,1.110223024625E-16,-1.));
#10602 = DIRECTION('',(0.,1.,1.110223024625E-16));
#10603 = PCURVE('',#2769,#10604);
#10604 = DEFINITIONAL_REPRESENTATION('',(#10605),#10609);
#10605 = CIRCLE('',#10606,3.);
#10606 = AXIS2_PLACEMENT_2D('',#10607,#10608);
#10607 = CARTESIAN_POINT('',(-52.97865015877,-7.720293993167));
#10608 = DIRECTION('',(1.,0.));
#10609 = ( GEOMETRIC_REPRESENTATION_CONTEXT(2) 
PARAMETRIC_REPRESENTATION_CONTEXT() REPRESENTATION_CONTEXT('2D SPACE',''
  ) );
#10610 = PCURVE('',#8003,#10611);
#10611 = DEFINITIONAL_REPRESENTATION('',(#10612),#10616);
#10612 = LINE('',#10613,#10614);
#10613 = CARTESIAN_POINT('',(0.,1.));
#10614 = VECTOR('',#10615,1.);
#10615 = DIRECTION('',(1.,0.));
#10616 = ( GEOMETRIC_REPRESENTATION_CONTEXT(2) 
PARAMETRIC_REPRESENTATION_CONTEXT() REPRESENTATION_CONTEXT('2D SPACE',''
  ) );
#10617 = ORIENTED_EDGE('',*,*,#10618,.F.);
#10618 = EDGE_CURVE('',#10619,#10595,#10621,.T.);
#10619 = VERTEX_POINT('',#10620);
#10620 = CARTESIAN_POINT('',(9.648779498751,13.010126985624,65.9));
#10621 = SURFACE_CURVE('',#10622,(#10627,#10634),.PCURVE_S1.);
#10622 = CIRCLE('',#10623,3.);
#10623 = AXIS2_PLACEMENT_3D('',#10624,#10625,#10626);
#10624 = CARTESIAN_POINT('',(6.716865630149,12.374610607312,65.9));
#10625 = DIRECTION('',(0.,1.110223024625E-16,-1.));
#10626 = DIRECTION('',(0.,1.,1.110223024625E-16));
#10627 = PCURVE('',#2769,#10628);
#10628 = DEFINITIONAL_REPRESENTATION('',(#10629),#10633);
#10629 = CIRCLE('',#10630,3.);
#10630 = AXIS2_PLACEMENT_2D('',#10631,#10632);
#10631 = CARTESIAN_POINT('',(-52.62538939268,-7.783134369851));
#10632 = DIRECTION('',(1.,0.));
#10633 = ( GEOMETRIC_REPRESENTATION_CONTEXT(2) 
PARAMETRIC_REPRESENTATION_CONTEXT() REPRESENTATION_CONTEXT('2D SPACE',''
  ) );
#10634 = PCURVE('',#8032,#10635);
#10635 = DEFINITIONAL_REPRESENTATION('',(#10636),#10640);
#10636 = LINE('',#10637,#10638);
#10637 = CARTESIAN_POINT('',(0.,1.));
#10638 = VECTOR('',#10639,1.);
#10639 = DIRECTION('',(1.,0.));
#10640 = ( GEOMETRIC_REPRESENTATION_CONTEXT(2) 
PARAMETRIC_REPRESENTATION_CONTEXT() REPRESENTATION_CONTEXT('2D SPACE',''
  ) );
#10641 = ORIENTED_EDGE('',*,*,#10642,.F.);
#10642 = EDGE_CURVE('',#10643,#10619,#10645,.T.);
#10643 = VERTEX_POINT('',#10644);
#10644 = CARTESIAN_POINT('',(9.607390028588,13.298803036057,65.9));
#10645 = SURFACE_CURVE('',#10646,(#10651,#10658),.PCURVE_S1.);
#10646 = CIRCLE('',#10647,3.);
#10647 = AXIS2_PLACEMENT_3D('',#10648,#10649,#10650);
#10648 = CARTESIAN_POINT('',(6.661962572123,12.729191678464,65.9));
#10649 = DIRECTION('',(0.,1.110223024625E-16,-1.));
#10650 = DIRECTION('',(0.,1.,1.110223024625E-16));
#10651 = PCURVE('',#2769,#10652);
#10652 = DEFINITIONAL_REPRESENTATION('',(#10653),#10657);
#10653 = CIRCLE('',#10654,3.);
#10654 = AXIS2_PLACEMENT_2D('',#10655,#10656);
#10655 = CARTESIAN_POINT('',(-52.27080832153,-7.838037427877));
#10656 = DIRECTION('',(1.,0.));
#10657 = ( GEOMETRIC_REPRESENTATION_CONTEXT(2) 
PARAMETRIC_REPRESENTATION_CONTEXT() REPRESENTATION_CONTEXT('2D SPACE',''
  ) );
#10658 = PCURVE('',#8061,#10659);
#10659 = DEFINITIONAL_REPRESENTATION('',(#10660),#10664);
#10660 = LINE('',#10661,#10662);
#10661 = CARTESIAN_POINT('',(0.,1.));
#10662 = VECTOR('',#10663,1.);
#10663 = DIRECTION('',(1.,0.));
#10664 = ( GEOMETRIC_REPRESENTATION_CONTEXT(2) 
PARAMETRIC_REPRESENTATION_CONTEXT() REPRESENTATION_CONTEXT('2D SPACE',''
  ) );
#10665 = ORIENTED_EDGE('',*,*,#10666,.F.);
#10666 = EDGE_CURVE('',#10667,#10643,#10669,.T.);
#10667 = VERTEX_POINT('',#10668);
#10668 = CARTESIAN_POINT('',(9.572484235956,13.588334616324,65.9));
#10669 = SURFACE_CURVE('',#10670,(#10675,#10682),.PCURVE_S1.);
#10670 = CIRCLE('',#10671,3.);
#10671 = AXIS2_PLACEMENT_3D('',#10672,#10673,#10674);
#10672 = CARTESIAN_POINT('',(6.615024443432,13.084914736299,65.9));
#10673 = DIRECTION('',(0.,1.110223024625E-16,-1.));
#10674 = DIRECTION('',(0.,1.,1.110223024625E-16));
#10675 = PCURVE('',#2769,#10676);
#10676 = DEFINITIONAL_REPRESENTATION('',(#10677),#10681);
#10677 = CIRCLE('',#10678,3.);
#10678 = AXIS2_PLACEMENT_2D('',#10679,#10680);
#10679 = CARTESIAN_POINT('',(-51.9150852637,-7.884975556568));
#10680 = DIRECTION('',(1.,0.));
#10681 = ( GEOMETRIC_REPRESENTATION_CONTEXT(2) 
PARAMETRIC_REPRESENTATION_CONTEXT() REPRESENTATION_CONTEXT('2D SPACE',''
  ) );
#10682 = PCURVE('',#8090,#10683);
#10683 = DEFINITIONAL_REPRESENTATION('',(#10684),#10688);
#10684 = LINE('',#10685,#10686);
#10685 = CARTESIAN_POINT('',(0.,1.));
#10686 = VECTOR('',#10687,1.);
#10687 = DIRECTION('',(1.,0.));
#10688 = ( GEOMETRIC_REPRESENTATION_CONTEXT(2) 
PARAMETRIC_REPRESENTATION_CONTEXT() REPRESENTATION_CONTEXT('2D SPACE',''
  ) );
#10689 = ORIENTED_EDGE('',*,*,#10690,.F.);
#10690 = EDGE_CURVE('',#10691,#10667,#10693,.T.);
#10691 = VERTEX_POINT('',#10692);
#10692 = CARTESIAN_POINT('',(9.544079674933,13.878576121362,65.9));
#10693 = SURFACE_CURVE('',#10694,(#10699,#10706),.PCURVE_S1.);
#10694 = CIRCLE('',#10695,3.);
#10695 = AXIS2_PLACEMENT_3D('',#10696,#10697,#10698);
#10696 = CARTESIAN_POINT('',(6.576074849205,13.441600888132,65.9));
#10697 = DIRECTION('',(0.,1.110223024625E-16,-1.));
#10698 = DIRECTION('',(0.,1.,1.110223024625E-16));
#10699 = PCURVE('',#2769,#10700);
#10700 = DEFINITIONAL_REPRESENTATION('',(#10701),#10705);
#10701 = CIRCLE('',#10702,3.);
#10702 = AXIS2_PLACEMENT_2D('',#10703,#10704);
#10703 = CARTESIAN_POINT('',(-51.55839911186,-7.923925150795));
#10704 = DIRECTION('',(1.,0.));
#10705 = ( GEOMETRIC_REPRESENTATION_CONTEXT(2) 
PARAMETRIC_REPRESENTATION_CONTEXT() REPRESENTATION_CONTEXT('2D SPACE',''
  ) );
#10706 = PCURVE('',#8119,#10707);
#10707 = DEFINITIONAL_REPRESENTATION('',(#10708),#10712);
#10708 = LINE('',#10709,#10710);
#10709 = CARTESIAN_POINT('',(0.,1.));
#10710 = VECTOR('',#10711,1.);
#10711 = DIRECTION('',(1.,0.));
#10712 = ( GEOMETRIC_REPRESENTATION_CONTEXT(2) 
PARAMETRIC_REPRESENTATION_CONTEXT() REPRESENTATION_CONTEXT('2D SPACE',''
  ) );
#10713 = ORIENTED_EDGE('',*,*,#10714,.F.);
#10714 = EDGE_CURVE('',#10715,#10691,#10717,.T.);
#10715 = VERTEX_POINT('',#10716);
#10716 = CARTESIAN_POINT('',(9.522190630137,14.16938158907,65.9));
#10717 = SURFACE_CURVE('',#10718,(#10723,#10730),.PCURVE_S1.);
#10718 = CIRCLE('',#10719,3.);
#10719 = AXIS2_PLACEMENT_3D('',#10720,#10721,#10722);
#10720 = CARTESIAN_POINT('',(6.545133377143,13.799070756941,65.9));
#10721 = DIRECTION('',(0.,1.110223024625E-16,-1.));
#10722 = DIRECTION('',(0.,1.,1.110223024625E-16));
#10723 = PCURVE('',#2769,#10724);
#10724 = DEFINITIONAL_REPRESENTATION('',(#10725),#10729);
#10725 = CIRCLE('',#10726,3.);
#10726 = AXIS2_PLACEMENT_2D('',#10727,#10728);
#10727 = CARTESIAN_POINT('',(-51.20092924305,-7.954866622857));
#10728 = DIRECTION('',(1.,0.));
#10729 = ( GEOMETRIC_REPRESENTATION_CONTEXT(2) 
PARAMETRIC_REPRESENTATION_CONTEXT() REPRESENTATION_CONTEXT('2D SPACE',''
  ) );
#10730 = PCURVE('',#8148,#10731);
#10731 = DEFINITIONAL_REPRESENTATION('',(#10732),#10736);
#10732 = LINE('',#10733,#10734);
#10733 = CARTESIAN_POINT('',(0.,1.));
#10734 = VECTOR('',#10735,1.);
#10735 = DIRECTION('',(1.,0.));
#10736 = ( GEOMETRIC_REPRESENTATION_CONTEXT(2) 
PARAMETRIC_REPRESENTATION_CONTEXT() REPRESENTATION_CONTEXT('2D SPACE',''
  ) );
#10737 = ORIENTED_EDGE('',*,*,#10738,.F.);
#10738 = EDGE_CURVE('',#10739,#10715,#10741,.T.);
#10739 = VERTEX_POINT('',#10740);
#10740 = CARTESIAN_POINT('',(9.506828109543,14.46060477375,65.9));
#10741 = SURFACE_CURVE('',#10742,(#10747,#10754),.PCURVE_S1.);
#10742 = CIRCLE('',#10743,3.);
#10743 = AXIS2_PLACEMENT_3D('',#10744,#10745,#10746);
#10744 = CARTESIAN_POINT('',(6.522215587674,14.157144571574,65.9));
#10745 = DIRECTION('',(0.,1.110223024625E-16,-1.));
#10746 = DIRECTION('',(0.,1.,1.110223024625E-16));
#10747 = PCURVE('',#2769,#10748);
#10748 = DEFINITIONAL_REPRESENTATION('',(#10749),#10753);
#10749 = CIRCLE('',#10750,3.);
#10750 = AXIS2_PLACEMENT_2D('',#10751,#10752);
#10751 = CARTESIAN_POINT('',(-50.84285542842,-7.977784412326));
#10752 = DIRECTION('',(1.,0.));
#10753 = ( GEOMETRIC_REPRESENTATION_CONTEXT(2) 
PARAMETRIC_REPRESENTATION_CONTEXT() REPRESENTATION_CONTEXT('2D SPACE',''
  ) );
#10754 = PCURVE('',#8177,#10755);
#10755 = DEFINITIONAL_REPRESENTATION('',(#10756),#10760);
#10756 = LINE('',#10757,#10758);
#10757 = CARTESIAN_POINT('',(0.,1.));
#10758 = VECTOR('',#10759,1.);
#10759 = DIRECTION('',(1.,0.));
#10760 = ( GEOMETRIC_REPRESENTATION_CONTEXT(2) 
PARAMETRIC_REPRESENTATION_CONTEXT() REPRESENTATION_CONTEXT('2D SPACE',''
  ) );
#10761 = ORIENTED_EDGE('',*,*,#10762,.F.);
#10762 = EDGE_CURVE('',#10763,#10739,#10765,.T.);
#10763 = VERTEX_POINT('',#10764);
#10764 = CARTESIAN_POINT('',(9.497999838942,14.752099219616,65.9));
#10765 = SURFACE_CURVE('',#10766,(#10771,#10778),.PCURVE_S1.);
#10766 = CIRCLE('',#10767,3.);
#10767 = AXIS2_PLACEMENT_3D('',#10768,#10769,#10770);
#10768 = CARTESIAN_POINT('',(6.507333006126,14.515642257155,65.9));
#10769 = DIRECTION('',(0.,1.110223024625E-16,-1.));
#10770 = DIRECTION('',(0.,1.,1.110223024625E-16));
#10771 = PCURVE('',#2769,#10772);
#10772 = DEFINITIONAL_REPRESENTATION('',(#10773),#10777);
#10773 = CIRCLE('',#10774,3.);
#10774 = AXIS2_PLACEMENT_2D('',#10775,#10776);
#10775 = CARTESIAN_POINT('',(-50.48435774284,-7.992666993874));
#10776 = DIRECTION('',(1.,0.));
#10777 = ( GEOMETRIC_REPRESENTATION_CONTEXT(2) 
PARAMETRIC_REPRESENTATION_CONTEXT() REPRESENTATION_CONTEXT('2D SPACE',''
  ) );
#10778 = PCURVE('',#8206,#10779);
#10779 = DEFINITIONAL_REPRESENTATION('',(#10780),#10784);
#10780 = LINE('',#10781,#10782);
#10781 = CARTESIAN_POINT('',(0.,1.));
#10782 = VECTOR('',#10783,1.);
#10783 = DIRECTION('',(1.,0.));
#10784 = ( GEOMETRIC_REPRESENTATION_CONTEXT(2) 
PARAMETRIC_REPRESENTATION_CONTEXT() REPRESENTATION_CONTEXT('2D SPACE',''
  ) );
#10785 = ORIENTED_EDGE('',*,*,#10786,.F.);
#10786 = EDGE_CURVE('',#10787,#10763,#10789,.T.);
#10787 = VERTEX_POINT('',#10788);
#10788 = CARTESIAN_POINT('',(9.495710258061,15.043718334473,65.9));
#10789 = SURFACE_CURVE('',#10790,(#10795,#10802),.PCURVE_S1.);
#10790 = CIRCLE('',#10791,3.);
#10791 = AXIS2_PLACEMENT_3D('',#10792,#10793,#10794);
#10792 = CARTESIAN_POINT('',(6.500493116931,14.874383525642,65.9));
#10793 = DIRECTION('',(0.,1.110223024625E-16,-1.));
#10794 = DIRECTION('',(0.,1.,1.110223024625E-16));
#10795 = PCURVE('',#2769,#10796);
#10796 = DEFINITIONAL_REPRESENTATION('',(#10797),#10801);
#10797 = CIRCLE('',#10798,3.);
#10798 = AXIS2_PLACEMENT_2D('',#10799,#10800);
#10799 = CARTESIAN_POINT('',(-50.12561647435,-7.999506883069));
#10800 = DIRECTION('',(1.,0.));
#10801 = ( GEOMETRIC_REPRESENTATION_CONTEXT(2) 
PARAMETRIC_REPRESENTATION_CONTEXT() REPRESENTATION_CONTEXT('2D SPACE',''
  ) );
#10802 = PCURVE('',#8235,#10803);
#10803 = DEFINITIONAL_REPRESENTATION('',(#10804),#10808);
#10804 = LINE('',#10805,#10806);
#10805 = CARTESIAN_POINT('',(0.,1.));
#10806 = VECTOR('',#10807,1.);
#10807 = DIRECTION('',(1.,0.));
#10808 = ( GEOMETRIC_REPRESENTATION_CONTEXT(2) 
PARAMETRIC_REPRESENTATION_CONTEXT() REPRESENTATION_CONTEXT('2D SPACE',''
  ) );
#10809 = ORIENTED_EDGE('',*,*,#10810,.F.);
#10810 = EDGE_CURVE('',#10811,#10787,#10813,.T.);
#10811 = VERTEX_POINT('',#10812);
#10812 = CARTESIAN_POINT('',(9.499960518327,15.335315463438,65.9));
#10813 = SURFACE_CURVE('',#10814,(#10819,#10826),.PCURVE_S1.);
#10814 = CIRCLE('',#10815,3.);
#10815 = AXIS2_PLACEMENT_3D('',#10816,#10817,#10818);
#10816 = CARTESIAN_POINT('',(6.501699359861,15.233187966498,65.9));
#10817 = DIRECTION('',(0.,1.110223024625E-16,-1.));
#10818 = DIRECTION('',(0.,1.,1.110223024625E-16));
#10819 = PCURVE('',#2769,#10820);
#10820 = DEFINITIONAL_REPRESENTATION('',(#10821),#10825);
#10821 = CIRCLE('',#10822,3.);
#10822 = AXIS2_PLACEMENT_2D('',#10823,#10824);
#10823 = CARTESIAN_POINT('',(-49.7668120335,-7.998300640139));
#10824 = DIRECTION('',(1.,0.));
#10825 = ( GEOMETRIC_REPRESENTATION_CONTEXT(2) 
PARAMETRIC_REPRESENTATION_CONTEXT() REPRESENTATION_CONTEXT('2D SPACE',''
  ) );
#10826 = PCURVE('',#8264,#10827);
#10827 = DEFINITIONAL_REPRESENTATION('',(#10828),#10832);
#10828 = LINE('',#10829,#10830);
#10829 = CARTESIAN_POINT('',(0.,1.));
#10830 = VECTOR('',#10831,1.);
#10831 = DIRECTION('',(1.,0.));
#10832 = ( GEOMETRIC_REPRESENTATION_CONTEXT(2) 
PARAMETRIC_REPRESENTATION_CONTEXT() REPRESENTATION_CONTEXT('2D SPACE',''
  ) );
#10833 = ORIENTED_EDGE('',*,*,#10834,.F.);
#10834 = EDGE_CURVE('',#10835,#10811,#10837,.T.);
#10835 = VERTEX_POINT('',#10836);
#10836 = CARTESIAN_POINT('',(9.51074848229,15.626743962672,65.9));
#10837 = SURFACE_CURVE('',#10838,(#10843,#10850),.PCURVE_S1.);
#10838 = CIRCLE('',#10839,3.);
#10839 = AXIS2_PLACEMENT_3D('',#10840,#10841,#10842);
#10840 = CARTESIAN_POINT('',(6.510951128297,15.591875137416,65.9));
#10841 = DIRECTION('',(0.,1.110223024625E-16,-1.));
#10842 = DIRECTION('',(0.,1.,1.110223024625E-16));
#10843 = PCURVE('',#2769,#10844);
#10844 = DEFINITIONAL_REPRESENTATION('',(#10845),#10849);
#10845 = CIRCLE('',#10846,3.);
#10846 = AXIS2_PLACEMENT_2D('',#10847,#10848);
#10847 = CARTESIAN_POINT('',(-49.40812486258,-7.989048871703));
#10848 = DIRECTION('',(1.,0.));
#10849 = ( GEOMETRIC_REPRESENTATION_CONTEXT(2) 
PARAMETRIC_REPRESENTATION_CONTEXT() REPRESENTATION_CONTEXT('2D SPACE',''
  ) );
#10850 = PCURVE('',#8293,#10851);
#10851 = DEFINITIONAL_REPRESENTATION('',(#10852),#10856);
#10852 = LINE('',#10853,#10854);
#10853 = CARTESIAN_POINT('',(0.,1.));
#10854 = VECTOR('',#10855,1.);
#10855 = DIRECTION('',(1.,0.));
#10856 = ( GEOMETRIC_REPRESENTATION_CONTEXT(2) 
PARAMETRIC_REPRESENTATION_CONTEXT() REPRESENTATION_CONTEXT('2D SPACE',''
  ) );
#10857 = ORIENTED_EDGE('',*,*,#10858,.F.);
#10858 = EDGE_CURVE('',#10859,#10835,#10861,.T.);
#10859 = VERTEX_POINT('',#10860);
#10860 = CARTESIAN_POINT('',(9.528068724696,15.917857273152,65.9));
#10861 = SURFACE_CURVE('',#10862,(#10867,#10874),.PCURVE_S1.);
#10862 = CIRCLE('',#10863,3.);
#10863 = AXIS2_PLACEMENT_3D('',#10864,#10865,#10866);
#10864 = CARTESIAN_POINT('',(6.528243769537,15.950264655062,65.9));
#10865 = DIRECTION('',(0.,1.110223024625E-16,-1.));
#10866 = DIRECTION('',(0.,1.,1.110223024625E-16));
#10867 = PCURVE('',#2769,#10868);
#10868 = DEFINITIONAL_REPRESENTATION('',(#10869),#10873);
#10869 = CIRCLE('',#10870,3.);
#10870 = AXIS2_PLACEMENT_2D('',#10871,#10872);
#10871 = CARTESIAN_POINT('',(-49.04973534493,-7.971756230463));
#10872 = DIRECTION('',(1.,0.));
#10873 = ( GEOMETRIC_REPRESENTATION_CONTEXT(2) 
PARAMETRIC_REPRESENTATION_CONTEXT() REPRESENTATION_CONTEXT('2D SPACE',''
  ) );
#10874 = PCURVE('',#8322,#10875);
#10875 = DEFINITIONAL_REPRESENTATION('',(#10876),#10880);
#10876 = LINE('',#10877,#10878);
#10877 = CARTESIAN_POINT('',(0.,1.));
#10878 = VECTOR('',#10879,1.);
#10879 = DIRECTION('',(1.,0.));
#10880 = ( GEOMETRIC_REPRESENTATION_CONTEXT(2) 
PARAMETRIC_REPRESENTATION_CONTEXT() REPRESENTATION_CONTEXT('2D SPACE',''
  ) );
#10881 = ORIENTED_EDGE('',*,*,#10882,.F.);
#10882 = EDGE_CURVE('',#10883,#10859,#10885,.T.);
#10883 = VERTEX_POINT('',#10884);
#10884 = CARTESIAN_POINT('',(9.551912535217,16.208508994342,65.9));
#10885 = SURFACE_CURVE('',#10886,(#10891,#10898),.PCURVE_S1.);
#10886 = CIRCLE('',#10887,3.);
#10887 = AXIS2_PLACEMENT_3D('',#10888,#10889,#10890);
#10888 = CARTESIAN_POINT('',(6.553568587133,16.308176285795,65.9));
#10889 = DIRECTION('',(0.,1.110223024625E-16,-1.));
#10890 = DIRECTION('',(0.,1.,1.110223024625E-16));
#10891 = PCURVE('',#2769,#10892);
#10892 = DEFINITIONAL_REPRESENTATION('',(#10893),#10897);
#10893 = CIRCLE('',#10894,3.);
#10894 = AXIS2_PLACEMENT_2D('',#10895,#10896);
#10895 = CARTESIAN_POINT('',(-48.6918237142,-7.946431412867));
#10896 = DIRECTION('',(1.,0.));
#10897 = ( GEOMETRIC_REPRESENTATION_CONTEXT(2) 
PARAMETRIC_REPRESENTATION_CONTEXT() REPRESENTATION_CONTEXT('2D SPACE',''
  ) );
#10898 = PCURVE('',#8351,#10899);
#10899 = DEFINITIONAL_REPRESENTATION('',(#10900),#10904);
#10900 = LINE('',#10901,#10902);
#10901 = CARTESIAN_POINT('',(0.,1.));
#10902 = VECTOR('',#10903,1.);
#10903 = DIRECTION('',(1.,0.));
#10904 = ( GEOMETRIC_REPRESENTATION_CONTEXT(2) 
PARAMETRIC_REPRESENTATION_CONTEXT() REPRESENTATION_CONTEXT('2D SPACE',''
  ) );
#10905 = ORIENTED_EDGE('',*,*,#10906,.F.);
#10906 = EDGE_CURVE('',#10907,#10883,#10909,.T.);
#10907 = VERTEX_POINT('',#10908);
#10908 = CARTESIAN_POINT('',(9.58226792283,16.498552957863,65.9));
#10909 = SURFACE_CURVE('',#10910,(#10915,#10922),.PCURVE_S1.);
#10910 = CIRCLE('',#10911,3.);
#10911 = AXIS2_PLACEMENT_3D('',#10912,#10913,#10914);
#10912 = CARTESIAN_POINT('',(6.586912845265,16.6654300363,65.9));
#10913 = DIRECTION('',(0.,1.110223024625E-16,-1.));
#10914 = DIRECTION('',(0.,1.,1.110223024625E-16));
#10915 = PCURVE('',#2769,#10916);
#10916 = DEFINITIONAL_REPRESENTATION('',(#10917),#10921);
#10917 = CIRCLE('',#10918,3.);
#10918 = AXIS2_PLACEMENT_2D('',#10919,#10920);
#10919 = CARTESIAN_POINT('',(-48.3345699637,-7.913087154735));
#10920 = DIRECTION('',(1.,0.));
#10921 = ( GEOMETRIC_REPRESENTATION_CONTEXT(2) 
PARAMETRIC_REPRESENTATION_CONTEXT() REPRESENTATION_CONTEXT('2D SPACE',''
  ) );
#10922 = PCURVE('',#8380,#10923);
#10923 = DEFINITIONAL_REPRESENTATION('',(#10924),#10928);
#10924 = LINE('',#10925,#10926);
#10925 = CARTESIAN_POINT('',(0.,1.));
#10926 = VECTOR('',#10927,1.);
#10927 = DIRECTION('',(1.,0.));
#10928 = ( GEOMETRIC_REPRESENTATION_CONTEXT(2) 
PARAMETRIC_REPRESENTATION_CONTEXT() REPRESENTATION_CONTEXT('2D SPACE',''
  ) );
#10929 = ORIENTED_EDGE('',*,*,#10930,.F.);
#10930 = EDGE_CURVE('',#10931,#10907,#10933,.T.);
#10931 = VERTEX_POINT('',#10932);
#10932 = CARTESIAN_POINT('',(9.619119621848,16.787843300965,65.9));
#10933 = SURFACE_CURVE('',#10934,(#10939,#10946),.PCURVE_S1.);
#10934 = CIRCLE('',#10935,3.);
#10935 = AXIS2_PLACEMENT_3D('',#10936,#10937,#10938);
#10936 = CARTESIAN_POINT('',(6.628259775148,17.021846244109,65.9));
#10937 = DIRECTION('',(0.,1.110223024625E-16,-1.));
#10938 = DIRECTION('',(0.,1.,1.110223024625E-16));
#10939 = PCURVE('',#2769,#10940);
#10940 = DEFINITIONAL_REPRESENTATION('',(#10941),#10945);
#10941 = CIRCLE('',#10942,3.);
#10942 = AXIS2_PLACEMENT_2D('',#10943,#10944);
#10943 = CARTESIAN_POINT('',(-47.97815375589,-7.871740224852));
#10944 = DIRECTION('',(1.,0.));
#10945 = ( GEOMETRIC_REPRESENTATION_CONTEXT(2) 
PARAMETRIC_REPRESENTATION_CONTEXT() REPRESENTATION_CONTEXT('2D SPACE',''
  ) );
#10946 = PCURVE('',#8409,#10947);
#10947 = DEFINITIONAL_REPRESENTATION('',(#10948),#10952);
#10948 = LINE('',#10949,#10950);
#10949 = CARTESIAN_POINT('',(0.,1.));
#10950 = VECTOR('',#10951,1.);
#10951 = DIRECTION('',(1.,0.));
#10952 = ( GEOMETRIC_REPRESENTATION_CONTEXT(2) 
PARAMETRIC_REPRESENTATION_CONTEXT() REPRESENTATION_CONTEXT('2D SPACE',''
  ) );
#10953 = ORIENTED_EDGE('',*,*,#10954,.F.);
#10954 = EDGE_CURVE('',#10955,#10931,#10957,.T.);
#10955 = VERTEX_POINT('',#10956);
#10956 = CARTESIAN_POINT('',(9.662449099597,17.076234539891,65.9));
#10957 = SURFACE_CURVE('',#10958,(#10963,#10970),.PCURVE_S1.);
#10958 = CIRCLE('',#10959,3.);
#10959 = AXIS2_PLACEMENT_3D('',#10960,#10961,#10962);
#10960 = CARTESIAN_POINT('',(6.677588583462,17.377245667956,65.9));
#10961 = DIRECTION('',(0.,1.110223024625E-16,-1.));
#10962 = DIRECTION('',(0.,1.,1.110223024625E-16));
#10963 = PCURVE('',#2769,#10964);
#10964 = DEFINITIONAL_REPRESENTATION('',(#10965),#10969);
#10965 = CIRCLE('',#10966,3.);
#10966 = AXIS2_PLACEMENT_2D('',#10967,#10968);
#10967 = CARTESIAN_POINT('',(-47.62275433204,-7.822411416538));
#10968 = DIRECTION('',(1.,0.));
#10969 = ( GEOMETRIC_REPRESENTATION_CONTEXT(2) 
PARAMETRIC_REPRESENTATION_CONTEXT() REPRESENTATION_CONTEXT('2D SPACE',''
  ) );
#10970 = PCURVE('',#8438,#10971);
#10971 = DEFINITIONAL_REPRESENTATION('',(#10972),#10976);
#10972 = LINE('',#10973,#10974);
#10973 = CARTESIAN_POINT('',(0.,1.));
#10974 = VECTOR('',#10975,1.);
#10975 = DIRECTION('',(1.,0.));
#10976 = ( GEOMETRIC_REPRESENTATION_CONTEXT(2) 
PARAMETRIC_REPRESENTATION_CONTEXT() REPRESENTATION_CONTEXT('2D SPACE',''
  ) );
#10977 = ORIENTED_EDGE('',*,*,#10978,.F.);
#10978 = EDGE_CURVE('',#10979,#10955,#10981,.T.);
#10979 = VERTEX_POINT('',#10980);
#10980 = CARTESIAN_POINT('',(9.712234565738,17.363581643052,65.9));
#10981 = SURFACE_CURVE('',#10982,(#10987,#10994),.PCURVE_S1.);
#10982 = CIRCLE('',#10983,3.);
#10983 = AXIS2_PLACEMENT_3D('',#10984,#10985,#10986);
#10984 = CARTESIAN_POINT('',(6.734874462811,17.73144957791,65.9));
#10985 = DIRECTION('',(0.,1.110223024625E-16,-1.));
#10986 = DIRECTION('',(0.,1.,1.110223024625E-16));
#10987 = PCURVE('',#2769,#10988);
#10988 = DEFINITIONAL_REPRESENTATION('',(#10989),#10993);
#10989 = CIRCLE('',#10990,3.);
#10990 = AXIS2_PLACEMENT_2D('',#10991,#10992);
#10991 = CARTESIAN_POINT('',(-47.26855042209,-7.765125537189));
#10992 = DIRECTION('',(1.,0.));
#10993 = ( GEOMETRIC_REPRESENTATION_CONTEXT(2) 
PARAMETRIC_REPRESENTATION_CONTEXT() REPRESENTATION_CONTEXT('2D SPACE',''
  ) );
#10994 = PCURVE('',#8467,#10995);
#10995 = DEFINITIONAL_REPRESENTATION('',(#10996),#11000);
#10996 = LINE('',#10997,#10998);
#10997 = CARTESIAN_POINT('',(0.,1.));
#10998 = VECTOR('',#10999,1.);
#10999 = DIRECTION('',(1.,0.));
#11000 = ( GEOMETRIC_REPRESENTATION_CONTEXT(2) 
PARAMETRIC_REPRESENTATION_CONTEXT() REPRESENTATION_CONTEXT('2D SPACE',''
  ) );
#11001 = ORIENTED_EDGE('',*,*,#11002,.F.);
#11002 = EDGE_CURVE('',#11003,#10979,#11005,.T.);
#11003 = VERTEX_POINT('',#11004);
#11004 = CARTESIAN_POINT('',(9.768450983221,17.64974010394,65.9));
#11005 = SURFACE_CURVE('',#11006,(#11011,#11018),.PCURVE_S1.);
#11006 = CIRCLE('',#11007,3.);
#11007 = AXIS2_PLACEMENT_3D('',#11008,#11009,#11010);
#11008 = CARTESIAN_POINT('',(6.800088604197,18.084279845268,65.9));
#11009 = DIRECTION('',(0.,1.110223024625E-16,-1.));
#11010 = DIRECTION('',(0.,1.,1.110223024625E-16));
#11011 = PCURVE('',#2769,#11012);
#11012 = DEFINITIONAL_REPRESENTATION('',(#11013),#11017);
#11013 = CIRCLE('',#11014,3.);
#11014 = AXIS2_PLACEMENT_2D('',#11015,#11016);
#11015 = CARTESIAN_POINT('',(-46.91572015473,-7.699911395803));
#11016 = DIRECTION('',(1.,0.));
#11017 = ( GEOMETRIC_REPRESENTATION_CONTEXT(2) 
PARAMETRIC_REPRESENTATION_CONTEXT() REPRESENTATION_CONTEXT('2D SPACE',''
  ) );
#11018 = PCURVE('',#8496,#11019);
#11019 = DEFINITIONAL_REPRESENTATION('',(#11020),#11024);
#11020 = LINE('',#11021,#11022);
#11021 = CARTESIAN_POINT('',(0.,1.));
#11022 = VECTOR('',#11023,1.);
#11023 = DIRECTION('',(1.,0.));
#11024 = ( GEOMETRIC_REPRESENTATION_CONTEXT(2) 
PARAMETRIC_REPRESENTATION_CONTEXT() REPRESENTATION_CONTEXT('2D SPACE',''
  ) );
#11025 = ORIENTED_EDGE('',*,*,#11026,.F.);
#11026 = EDGE_CURVE('',#11027,#11003,#11029,.T.);
#11027 = VERTEX_POINT('',#11028);
#11028 = CARTESIAN_POINT('',(9.831070080879,17.934566013823,65.9));
#11029 = SURFACE_CURVE('',#11030,(#11035,#11042),.PCURVE_S1.);
#11030 = CIRCLE('',#11031,3.);
#11031 = AXIS2_PLACEMENT_3D('',#11032,#11033,#11034);
#11032 = CARTESIAN_POINT('',(6.873198211509,18.435559032124,65.9));
#11033 = DIRECTION('',(0.,1.110223024625E-16,-1.));
#11034 = DIRECTION('',(0.,1.,1.110223024625E-16));
#11035 = PCURVE('',#2769,#11036);
#11036 = DEFINITIONAL_REPRESENTATION('',(#11037),#11041);
#11037 = CIRCLE('',#11038,3.);
#11038 = AXIS2_PLACEMENT_2D('',#11039,#11040);
#11039 = CARTESIAN_POINT('',(-46.56444096787,-7.626801788491));
#11040 = DIRECTION('',(1.,0.));
#11041 = ( GEOMETRIC_REPRESENTATION_CONTEXT(2) 
PARAMETRIC_REPRESENTATION_CONTEXT() REPRESENTATION_CONTEXT('2D SPACE',''
  ) );
#11042 = PCURVE('',#8525,#11043);
#11043 = DEFINITIONAL_REPRESENTATION('',(#11044),#11048);
#11044 = LINE('',#11045,#11046);
#11045 = CARTESIAN_POINT('',(0.,1.));
#11046 = VECTOR('',#11047,1.);
#11047 = DIRECTION('',(1.,0.));
#11048 = ( GEOMETRIC_REPRESENTATION_CONTEXT(2) 
PARAMETRIC_REPRESENTATION_CONTEXT() REPRESENTATION_CONTEXT('2D SPACE',''
  ) );
#11049 = ORIENTED_EDGE('',*,*,#11050,.F.);
#11050 = EDGE_CURVE('',#11051,#11027,#11053,.T.);
#11051 = VERTEX_POINT('',#11052);
#11052 = CARTESIAN_POINT('',(9.900060367647,18.217916134103,65.9));
#11053 = SURFACE_CURVE('',#11054,(#11059,#11066),.PCURVE_S1.);
#11054 = CIRCLE('',#11055,3.);
#11055 = AXIS2_PLACEMENT_3D('',#11056,#11057,#11058);
#11056 = CARTESIAN_POINT('',(6.954166518017,18.785110480614,65.9));
#11057 = DIRECTION('',(0.,1.110223024625E-16,-1.));
#11058 = DIRECTION('',(0.,1.,1.110223024625E-16));
#11059 = PCURVE('',#2769,#11060);
#11060 = DEFINITIONAL_REPRESENTATION('',(#11061),#11065);
#11061 = CIRCLE('',#11062,3.);
#11062 = AXIS2_PLACEMENT_2D('',#11063,#11064);
#11063 = CARTESIAN_POINT('',(-46.21488951938,-7.545833481983));
#11064 = DIRECTION('',(1.,0.));
#11065 = ( GEOMETRIC_REPRESENTATION_CONTEXT(2) 
PARAMETRIC_REPRESENTATION_CONTEXT() REPRESENTATION_CONTEXT('2D SPACE',''
  ) );
#11066 = PCURVE('',#8554,#11067);
#11067 = DEFINITIONAL_REPRESENTATION('',(#11068),#11072);
#11068 = LINE('',#11069,#11070);
#11069 = CARTESIAN_POINT('',(0.,1.));
#11070 = VECTOR('',#11071,1.);
#11071 = DIRECTION('',(1.,0.));
#11072 = ( GEOMETRIC_REPRESENTATION_CONTEXT(2) 
PARAMETRIC_REPRESENTATION_CONTEXT() REPRESENTATION_CONTEXT('2D SPACE',''
  ) );
#11073 = ORIENTED_EDGE('',*,*,#11074,.F.);
#11074 = EDGE_CURVE('',#11075,#11051,#11077,.T.);
#11075 = VERTEX_POINT('',#11076);
#11076 = CARTESIAN_POINT('',(9.975387148394,18.499647968362,65.9));
#11077 = SURFACE_CURVE('',#11078,(#11083,#11090),.PCURVE_S1.);
#11078 = CIRCLE('',#11079,3.);
#11079 = AXIS2_PLACEMENT_3D('',#11080,#11081,#11082);
#11080 = CARTESIAN_POINT('',(7.04295280486,19.132758401748,65.9));
#11081 = DIRECTION('',(0.,1.110223024625E-16,-1.));
#11082 = DIRECTION('',(0.,1.,1.110223024625E-16));
#11083 = PCURVE('',#2769,#11084);
#11084 = DEFINITIONAL_REPRESENTATION('',(#11085),#11089);
#11085 = CIRCLE('',#11086,3.);
#11086 = AXIS2_PLACEMENT_2D('',#11087,#11088);
#11087 = CARTESIAN_POINT('',(-45.86724159825,-7.45704719514));
#11088 = DIRECTION('',(1.,0.));
#11089 = ( GEOMETRIC_REPRESENTATION_CONTEXT(2) 
PARAMETRIC_REPRESENTATION_CONTEXT() REPRESENTATION_CONTEXT('2D SPACE',''
  ) );
#11090 = PCURVE('',#8583,#11091);
#11091 = DEFINITIONAL_REPRESENTATION('',(#11092),#11096);
#11092 = LINE('',#11093,#11094);
#11093 = CARTESIAN_POINT('',(0.,1.));
#11094 = VECTOR('',#11095,1.);
#11095 = DIRECTION('',(1.,0.));
#11096 = ( GEOMETRIC_REPRESENTATION_CONTEXT(2) 
PARAMETRIC_REPRESENTATION_CONTEXT() REPRESENTATION_CONTEXT('2D SPACE',''
  ) );
#11097 = ORIENTED_EDGE('',*,*,#11098,.F.);
#11098 = EDGE_CURVE('',#11099,#11075,#11101,.T.);
#11099 = VERTEX_POINT('',#11100);
#11100 = CARTESIAN_POINT('',(10.057012541378,18.77961983401,65.9));
#11101 = SURFACE_CURVE('',#11102,(#11107,#11114),.PCURVE_S1.);
#11102 = CIRCLE('',#11103,3.);
#11103 = AXIS2_PLACEMENT_3D('',#11104,#11105,#11106);
#11104 = CARTESIAN_POINT('',(7.139512421525,19.478327963818,65.9));
#11105 = DIRECTION('',(0.,1.110223024625E-16,-1.));
#11106 = DIRECTION('',(0.,1.,1.110223024625E-16));
#11107 = PCURVE('',#2769,#11108);
#11108 = DEFINITIONAL_REPRESENTATION('',(#11109),#11113);
#11109 = CIRCLE('',#11110,3.);
#11110 = AXIS2_PLACEMENT_2D('',#11111,#11112);
#11111 = CARTESIAN_POINT('',(-45.52167203618,-7.360487578475));
#11112 = DIRECTION('',(1.,0.));
#11113 = ( GEOMETRIC_REPRESENTATION_CONTEXT(2) 
PARAMETRIC_REPRESENTATION_CONTEXT() REPRESENTATION_CONTEXT('2D SPACE',''
  ) );
#11114 = PCURVE('',#8612,#11115);
#11115 = DEFINITIONAL_REPRESENTATION('',(#11116),#11120);
#11116 = LINE('',#11117,#11118);
#11117 = CARTESIAN_POINT('',(0.,1.));
#11118 = VECTOR('',#11119,1.);
#11119 = DIRECTION('',(1.,0.));
#11120 = ( GEOMETRIC_REPRESENTATION_CONTEXT(2) 
PARAMETRIC_REPRESENTATION_CONTEXT() REPRESENTATION_CONTEXT('2D SPACE',''
  ) );
#11121 = ORIENTED_EDGE('',*,*,#11122,.F.);
#11122 = EDGE_CURVE('',#11123,#11099,#11125,.T.);
#11123 = VERTEX_POINT('',#11124);
#11124 = CARTESIAN_POINT('',(10.144895497288,19.057690933541,65.9));
#11125 = SURFACE_CURVE('',#11126,(#11131,#11138),.PCURVE_S1.);
#11126 = CIRCLE('',#11127,3.);
#11127 = AXIS2_PLACEMENT_3D('',#11128,#11129,#11130);
#11128 = CARTESIAN_POINT('',(7.243796808301,19.821645380322,65.9));
#11129 = DIRECTION('',(0.,1.110223024625E-16,-1.));
#11130 = DIRECTION('',(0.,1.,1.110223024625E-16));
#11131 = PCURVE('',#2769,#11132);
#11132 = DEFINITIONAL_REPRESENTATION('',(#11133),#11137);
#11133 = CIRCLE('',#11134,3.);
#11134 = AXIS2_PLACEMENT_2D('',#11135,#11136);
#11135 = CARTESIAN_POINT('',(-45.17835461967,-7.256203191699));
#11136 = DIRECTION('',(1.,0.));
#11137 = ( GEOMETRIC_REPRESENTATION_CONTEXT(2) 
PARAMETRIC_REPRESENTATION_CONTEXT() REPRESENTATION_CONTEXT('2D SPACE',''
  ) );
#11138 = PCURVE('',#8641,#11139);
#11139 = DEFINITIONAL_REPRESENTATION('',(#11140),#11144);
#11140 = LINE('',#11141,#11142);
#11141 = CARTESIAN_POINT('',(0.,1.));
#11142 = VECTOR('',#11143,1.);
#11143 = DIRECTION('',(1.,0.));
#11144 = ( GEOMETRIC_REPRESENTATION_CONTEXT(2) 
PARAMETRIC_REPRESENTATION_CONTEXT() REPRESENTATION_CONTEXT('2D SPACE',''
  ) );
#11145 = ORIENTED_EDGE('',*,*,#11146,.F.);
#11146 = EDGE_CURVE('',#11147,#11123,#11149,.T.);
#11147 = VERTEX_POINT('',#11148);
#11148 = CARTESIAN_POINT('',(10.238991819894,19.33372142534,65.9));
#11149 = SURFACE_CURVE('',#11150,(#11155,#11162),.PCURVE_S1.);
#11150 = CIRCLE('',#11151,3.);
#11151 = AXIS2_PLACEMENT_3D('',#11152,#11153,#11154);
#11152 = CARTESIAN_POINT('',(7.355753520698,20.162537997357,65.9));
#11153 = DIRECTION('',(0.,1.110223024625E-16,-1.));
#11154 = DIRECTION('',(0.,1.,1.110223024625E-16));
#11155 = PCURVE('',#2769,#11156);
#11156 = DEFINITIONAL_REPRESENTATION('',(#11157),#11161);
#11157 = CIRCLE('',#11158,3.);
#11158 = AXIS2_PLACEMENT_2D('',#11159,#11160);
#11159 = CARTESIAN_POINT('',(-44.83746200264,-7.144246479302));
#11160 = DIRECTION('',(1.,0.));
#11161 = ( GEOMETRIC_REPRESENTATION_CONTEXT(2) 
PARAMETRIC_REPRESENTATION_CONTEXT() REPRESENTATION_CONTEXT('2D SPACE',''
  ) );
#11162 = PCURVE('',#8670,#11163);
#11163 = DEFINITIONAL_REPRESENTATION('',(#11164),#11168);
#11164 = LINE('',#11165,#11166);
#11165 = CARTESIAN_POINT('',(0.,1.));
#11166 = VECTOR('',#11167,1.);
#11167 = DIRECTION('',(1.,0.));
#11168 = ( GEOMETRIC_REPRESENTATION_CONTEXT(2) 
PARAMETRIC_REPRESENTATION_CONTEXT() REPRESENTATION_CONTEXT('2D SPACE',''
  ) );
#11169 = ORIENTED_EDGE('',*,*,#11170,.F.);
#11170 = EDGE_CURVE('',#11171,#11147,#11173,.T.);
#11171 = VERTEX_POINT('',#11172);
#11172 = CARTESIAN_POINT('',(10.339254188276,19.607572494026,65.9));
#11173 = SURFACE_CURVE('',#11174,(#11179,#11186),.PCURVE_S1.);
#11174 = CIRCLE('',#11175,3.);
#11175 = AXIS2_PLACEMENT_3D('',#11176,#11177,#11178);
#11176 = CARTESIAN_POINT('',(7.475326255827,20.500834380451,65.9));
#11177 = DIRECTION('',(0.,1.110223024625E-16,-1.));
#11178 = DIRECTION('',(0.,1.,1.110223024625E-16));
#11179 = PCURVE('',#2769,#11180);
#11180 = DEFINITIONAL_REPRESENTATION('',(#11181),#11185);
#11181 = CIRCLE('',#11182,3.);
#11182 = AXIS2_PLACEMENT_2D('',#11183,#11184);
#11183 = CARTESIAN_POINT('',(-44.49916561954,-7.024673744173));
#11184 = DIRECTION('',(1.,0.));
#11185 = ( GEOMETRIC_REPRESENTATION_CONTEXT(2) 
PARAMETRIC_REPRESENTATION_CONTEXT() REPRESENTATION_CONTEXT('2D SPACE',''
  ) );
#11186 = PCURVE('',#8699,#11187);
#11187 = DEFINITIONAL_REPRESENTATION('',(#11188),#11192);
#11188 = LINE('',#11189,#11190);
#11189 = CARTESIAN_POINT('',(0.,1.));
#11190 = VECTOR('',#11191,1.);
#11191 = DIRECTION('',(1.,0.));
#11192 = ( GEOMETRIC_REPRESENTATION_CONTEXT(2) 
PARAMETRIC_REPRESENTATION_CONTEXT() REPRESENTATION_CONTEXT('2D SPACE',''
  ) );
#11193 = ORIENTED_EDGE('',*,*,#11194,.F.);
#11194 = EDGE_CURVE('',#11195,#11171,#11197,.T.);
#11195 = VERTEX_POINT('',#11196);
#11196 = CARTESIAN_POINT('',(10.445632180609,19.879106420227,65.9));
#11197 = SURFACE_CURVE('',#11198,(#11203,#11210),.PCURVE_S1.);
#11198 = CIRCLE('',#11199,3.);
#11199 = AXIS2_PLACEMENT_3D('',#11200,#11201,#11202);
#11200 = CARTESIAN_POINT('',(7.602454880706,20.836364400771,65.9));
#11201 = DIRECTION('',(0.,1.110223024625E-16,-1.));
#11202 = DIRECTION('',(0.,1.,1.110223024625E-16));
#11203 = PCURVE('',#2769,#11204);
#11204 = DEFINITIONAL_REPRESENTATION('',(#11205),#11209);
#11205 = CIRCLE('',#11206,3.);
#11206 = AXIS2_PLACEMENT_2D('',#11207,#11208);
#11207 = CARTESIAN_POINT('',(-44.16363559922,-6.897545119294));
#11208 = DIRECTION('',(1.,0.));
#11209 = ( GEOMETRIC_REPRESENTATION_CONTEXT(2) 
PARAMETRIC_REPRESENTATION_CONTEXT() REPRESENTATION_CONTEXT('2D SPACE',''
  ) );
#11210 = PCURVE('',#8728,#11211);
#11211 = DEFINITIONAL_REPRESENTATION('',(#11212),#11216);
#11212 = LINE('',#11213,#11214);
#11213 = CARTESIAN_POINT('',(0.,1.));
#11214 = VECTOR('',#11215,1.);
#11215 = DIRECTION('',(1.,0.));
#11216 = ( GEOMETRIC_REPRESENTATION_CONTEXT(2) 
PARAMETRIC_REPRESENTATION_CONTEXT() REPRESENTATION_CONTEXT('2D SPACE',''
  ) );
#11217 = ORIENTED_EDGE('',*,*,#11218,.F.);
#11218 = EDGE_CURVE('',#11219,#11195,#11221,.T.);
#11219 = VERTEX_POINT('',#11220);
#11220 = CARTESIAN_POINT('',(10.558072299536,20.148186649876,65.9));
#11221 = SURFACE_CURVE('',#11222,(#11227,#11234),.PCURVE_S1.);
#11222 = CIRCLE('',#11223,3.);
#11223 = AXIS2_PLACEMENT_3D('',#11224,#11225,#11226);
#11224 = CARTESIAN_POINT('',(7.737075462508,21.168959320689,65.9));
#11225 = DIRECTION('',(0.,1.110223024625E-16,-1.));
#11226 = DIRECTION('',(0.,1.,1.110223024625E-16));
#11227 = PCURVE('',#2769,#11228);
#11228 = DEFINITIONAL_REPRESENTATION('',(#11229),#11233);
#11229 = CIRCLE('',#11230,3.);
#11230 = AXIS2_PLACEMENT_2D('',#11231,#11232);
#11231 = CARTESIAN_POINT('',(-43.83104067931,-6.762924537492));
#11232 = DIRECTION('',(1.,0.));
#11233 = ( GEOMETRIC_REPRESENTATION_CONTEXT(2) 
PARAMETRIC_REPRESENTATION_CONTEXT() REPRESENTATION_CONTEXT('2D SPACE',''
  ) );
#11234 = PCURVE('',#8757,#11235);
#11235 = DEFINITIONAL_REPRESENTATION('',(#11236),#11240);
#11236 = LINE('',#11237,#11238);
#11237 = CARTESIAN_POINT('',(0.,1.));
#11238 = VECTOR('',#11239,1.);
#11239 = DIRECTION('',(1.,0.));
#11240 = ( GEOMETRIC_REPRESENTATION_CONTEXT(2) 
PARAMETRIC_REPRESENTATION_CONTEXT() REPRESENTATION_CONTEXT('2D SPACE',''
  ) );
#11241 = ORIENTED_EDGE('',*,*,#11242,.F.);
#11242 = EDGE_CURVE('',#11243,#11219,#11245,.T.);
#11243 = VERTEX_POINT('',#11244);
#11244 = CARTESIAN_POINT('',(10.676517999059,20.414677862856,65.9));
#11245 = SURFACE_CURVE('',#11246,(#11251,#11258),.PCURVE_S1.);
#11246 = CIRCLE('',#11247,3.);
#11247 = AXIS2_PLACEMENT_3D('',#11248,#11249,#11250);
#11248 = CARTESIAN_POINT('',(7.87912030071,21.498451878633,65.9));
#11249 = DIRECTION('',(0.,1.110223024625E-16,-1.));
#11250 = DIRECTION('',(0.,1.,1.110223024625E-16));
#11251 = PCURVE('',#2769,#11252);
#11252 = DEFINITIONAL_REPRESENTATION('',(#11253),#11257);
#11253 = CIRCLE('',#11254,3.);
#11254 = AXIS2_PLACEMENT_2D('',#11255,#11256);
#11255 = CARTESIAN_POINT('',(-43.50154812136,-6.62087969929));
#11256 = DIRECTION('',(1.,0.));
#11257 = ( GEOMETRIC_REPRESENTATION_CONTEXT(2) 
PARAMETRIC_REPRESENTATION_CONTEXT() REPRESENTATION_CONTEXT('2D SPACE',''
  ) );
#11258 = PCURVE('',#8786,#11259);
#11259 = DEFINITIONAL_REPRESENTATION('',(#11260),#11264);
#11260 = LINE('',#11261,#11262);
#11261 = CARTESIAN_POINT('',(0.,1.));
#11262 = VECTOR('',#11263,1.);
#11263 = DIRECTION('',(1.,0.));
#11264 = ( GEOMETRIC_REPRESENTATION_CONTEXT(2) 
PARAMETRIC_REPRESENTATION_CONTEXT() REPRESENTATION_CONTEXT('2D SPACE',''
  ) );
#11265 = ORIENTED_EDGE('',*,*,#11266,.F.);
#11266 = EDGE_CURVE('',#11267,#11243,#11269,.T.);
#11267 = VERTEX_POINT('',#11268);
#11268 = CARTESIAN_POINT('',(10.800909712988,20.678446041076,65.9));
#11269 = SURFACE_CURVE('',#11270,(#11275,#11282),.PCURVE_S1.);
#11270 = CIRCLE('',#11271,3.);
#11271 = AXIS2_PLACEMENT_3D('',#11272,#11273,#11274);
#11272 = CARTESIAN_POINT('',(8.02851796114,21.824676373204,65.9));
#11273 = DIRECTION('',(0.,1.110223024625E-16,-1.));
#11274 = DIRECTION('',(0.,1.,1.110223024625E-16));
#11275 = PCURVE('',#2769,#11276);
#11276 = DEFINITIONAL_REPRESENTATION('',(#11277),#11281);
#11277 = CIRCLE('',#11278,3.);
#11278 = AXIS2_PLACEMENT_2D('',#11279,#11280);
#11279 = CARTESIAN_POINT('',(-43.17532362679,-6.47148203886));
#11280 = DIRECTION('',(1.,0.));
#11281 = ( GEOMETRIC_REPRESENTATION_CONTEXT(2) 
PARAMETRIC_REPRESENTATION_CONTEXT() REPRESENTATION_CONTEXT('2D SPACE',''
  ) );
#11282 = PCURVE('',#8815,#11283);
#11283 = DEFINITIONAL_REPRESENTATION('',(#11284),#11288);
#11284 = LINE('',#11285,#11286);
#11285 = CARTESIAN_POINT('',(0.,1.));
#11286 = VECTOR('',#11287,1.);
#11287 = DIRECTION('',(1.,0.));
#11288 = ( GEOMETRIC_REPRESENTATION_CONTEXT(2) 
PARAMETRIC_REPRESENTATION_CONTEXT() REPRESENTATION_CONTEXT('2D SPACE',''
  ) );
#11289 = ORIENTED_EDGE('',*,*,#11290,.F.);
#11290 = EDGE_CURVE('',#11291,#11267,#11293,.T.);
#11291 = VERTEX_POINT('',#11292);
#11292 = CARTESIAN_POINT('',(10.931184884877,20.939358535833,65.9));
#11293 = SURFACE_CURVE('',#11294,(#11299,#11306),.PCURVE_S1.);
#11294 = CIRCLE('',#11295,3.);
#11295 = AXIS2_PLACEMENT_3D('',#11296,#11297,#11298);
#11296 = CARTESIAN_POINT('',(8.1851933119,22.147468746509,65.9));
#11297 = DIRECTION('',(0.,1.110223024625E-16,-1.));
#11298 = DIRECTION('',(0.,1.,1.110223024625E-16));
#11299 = PCURVE('',#2769,#11300);
#11300 = DEFINITIONAL_REPRESENTATION('',(#11301),#11305);
#11301 = CIRCLE('',#11302,3.);
#11302 = AXIS2_PLACEMENT_2D('',#11303,#11304);
#11303 = CARTESIAN_POINT('',(-42.85253125349,-6.3148066881));
#11304 = DIRECTION('',(1.,0.));
#11305 = ( GEOMETRIC_REPRESENTATION_CONTEXT(2) 
PARAMETRIC_REPRESENTATION_CONTEXT() REPRESENTATION_CONTEXT('2D SPACE',''
  ) );
#11306 = PCURVE('',#8844,#11307);
#11307 = DEFINITIONAL_REPRESENTATION('',(#11308),#11312);
#11308 = LINE('',#11309,#11310);
#11309 = CARTESIAN_POINT('',(0.,1.));
#11310 = VECTOR('',#11311,1.);
#11311 = DIRECTION('',(1.,0.));
#11312 = ( GEOMETRIC_REPRESENTATION_CONTEXT(2) 
PARAMETRIC_REPRESENTATION_CONTEXT() REPRESENTATION_CONTEXT('2D SPACE',''
  ) );
#11313 = ORIENTED_EDGE('',*,*,#11314,.F.);
#11314 = EDGE_CURVE('',#11315,#11291,#11317,.T.);
#11315 = VERTEX_POINT('',#11316);
#11316 = CARTESIAN_POINT('',(5.603075988174,23.674776877345,65.9));
#11317 = SURFACE_CURVE('',#11318,(#11323,#11330),.PCURVE_S1.);
#11318 = CIRCLE('',#11319,3.);
#11319 = AXIS2_PLACEMENT_3D('',#11320,#11321,#11322);
#11320 = CARTESIAN_POINT('',(8.34906756115,22.466666666667,65.9));
#11321 = DIRECTION('',(-9.048725622585E-34,1.110223024625E-16,-1.));
#11322 = DIRECTION('',(-0.915330524325,0.402703403559,4.470905907266E-17
    ));
#11323 = PCURVE('',#2769,#11324);
#11324 = DEFINITIONAL_REPRESENTATION('',(#11325),#11329);
#11325 = CIRCLE('',#11326,3.);
#11326 = AXIS2_PLACEMENT_2D('',#11327,#11328);
#11327 = CARTESIAN_POINT('',(-42.53333333333,-6.15093243885));
#11328 = DIRECTION('',(0.402703403559,-0.915330524325));
#11329 = ( GEOMETRIC_REPRESENTATION_CONTEXT(2) 
PARAMETRIC_REPRESENTATION_CONTEXT() REPRESENTATION_CONTEXT('2D SPACE',''
  ) );
#11330 = PCURVE('',#8877,#11331);
#11331 = DEFINITIONAL_REPRESENTATION('',(#11332),#11336);
#11332 = LINE('',#11333,#11334);
#11333 = CARTESIAN_POINT('',(5.126857386893,1.));
#11334 = VECTOR('',#11335,1.);
#11335 = DIRECTION('',(1.,0.));
#11336 = ( GEOMETRIC_REPRESENTATION_CONTEXT(2) 
PARAMETRIC_REPRESENTATION_CONTEXT() REPRESENTATION_CONTEXT('2D SPACE',''
  ) );
#11337 = ORIENTED_EDGE('',*,*,#11338,.F.);
#11338 = EDGE_CURVE('',#11339,#11315,#11341,.T.);
#11339 = VERTEX_POINT('',#11340);
#11340 = CARTESIAN_POINT('',(5.412801560056,23.293699078643,65.9));
#11341 = SURFACE_CURVE('',#11342,(#11347,#11354),.PCURVE_S1.);
#11342 = CIRCLE('',#11343,3.);
#11343 = AXIS2_PLACEMENT_3D('',#11344,#11345,#11346);
#11344 = CARTESIAN_POINT('',(8.1851933119,22.147468746509,65.9));
#11345 = DIRECTION('',(0.,1.110223024625E-16,-1.));
#11346 = DIRECTION('',(0.,1.,1.110223024625E-16));
#11347 = PCURVE('',#2769,#11348);
#11348 = DEFINITIONAL_REPRESENTATION('',(#11349),#11353);
#11349 = CIRCLE('',#11350,3.);
#11350 = AXIS2_PLACEMENT_2D('',#11351,#11352);
#11351 = CARTESIAN_POINT('',(-42.85253125349,-6.3148066881));
#11352 = DIRECTION('',(1.,0.));
#11353 = ( GEOMETRIC_REPRESENTATION_CONTEXT(2) 
PARAMETRIC_REPRESENTATION_CONTEXT() REPRESENTATION_CONTEXT('2D SPACE',''
  ) );
#11354 = PCURVE('',#8906,#11355);
#11355 = DEFINITIONAL_REPRESENTATION('',(#11356),#11360);
#11356 = LINE('',#11357,#11358);
#11357 = CARTESIAN_POINT('',(0.,1.));
#11358 = VECTOR('',#11359,1.);
#11359 = DIRECTION('',(1.,0.));
#11360 = ( GEOMETRIC_REPRESENTATION_CONTEXT(2) 
PARAMETRIC_REPRESENTATION_CONTEXT() REPRESENTATION_CONTEXT('2D SPACE',''
  ) );
#11361 = ORIENTED_EDGE('',*,*,#11362,.F.);
#11362 = EDGE_CURVE('',#11363,#11339,#11365,.T.);
#11363 = VERTEX_POINT('',#11364);
#11364 = CARTESIAN_POINT('',(5.23112026279,22.908450388977,65.9));
#11365 = SURFACE_CURVE('',#11366,(#11371,#11378),.PCURVE_S1.);
#11366 = CIRCLE('',#11367,3.);
#11367 = AXIS2_PLACEMENT_3D('',#11368,#11369,#11370);
#11368 = CARTESIAN_POINT('',(8.02851796114,21.824676373204,65.9));
#11369 = DIRECTION('',(0.,1.110223024625E-16,-1.));
#11370 = DIRECTION('',(0.,1.,1.110223024625E-16));
#11371 = PCURVE('',#2769,#11372);
#11372 = DEFINITIONAL_REPRESENTATION('',(#11373),#11377);
#11373 = CIRCLE('',#11374,3.);
#11374 = AXIS2_PLACEMENT_2D('',#11375,#11376);
#11375 = CARTESIAN_POINT('',(-43.17532362679,-6.47148203886));
#11376 = DIRECTION('',(1.,0.));
#11377 = ( GEOMETRIC_REPRESENTATION_CONTEXT(2) 
PARAMETRIC_REPRESENTATION_CONTEXT() REPRESENTATION_CONTEXT('2D SPACE',''
  ) );
#11378 = PCURVE('',#8935,#11379);
#11379 = DEFINITIONAL_REPRESENTATION('',(#11380),#11384);
#11380 = LINE('',#11381,#11382);
#11381 = CARTESIAN_POINT('',(0.,1.));
#11382 = VECTOR('',#11383,1.);
#11383 = DIRECTION('',(1.,0.));
#11384 = ( GEOMETRIC_REPRESENTATION_CONTEXT(2) 
PARAMETRIC_REPRESENTATION_CONTEXT() REPRESENTATION_CONTEXT('2D SPACE',''
  ) );
#11385 = ORIENTED_EDGE('',*,*,#11386,.F.);
#11386 = EDGE_CURVE('',#11387,#11363,#11389,.T.);
#11387 = VERTEX_POINT('',#11388);
#11388 = CARTESIAN_POINT('',(5.058123463683,22.519224549447,65.9));
#11389 = SURFACE_CURVE('',#11390,(#11395,#11402),.PCURVE_S1.);
#11390 = CIRCLE('',#11391,3.);
#11391 = AXIS2_PLACEMENT_3D('',#11392,#11393,#11394);
#11392 = CARTESIAN_POINT('',(7.87912030071,21.498451878633,65.9));
#11393 = DIRECTION('',(0.,1.110223024625E-16,-1.));
#11394 = DIRECTION('',(0.,1.,1.110223024625E-16));
#11395 = PCURVE('',#2769,#11396);
#11396 = DEFINITIONAL_REPRESENTATION('',(#11397),#11401);
#11397 = CIRCLE('',#11398,3.);
#11398 = AXIS2_PLACEMENT_2D('',#11399,#11400);
#11399 = CARTESIAN_POINT('',(-43.50154812136,-6.62087969929));
#11400 = DIRECTION('',(1.,0.));
#11401 = ( GEOMETRIC_REPRESENTATION_CONTEXT(2) 
PARAMETRIC_REPRESENTATION_CONTEXT() REPRESENTATION_CONTEXT('2D SPACE',''
  ) );
#11402 = PCURVE('',#8964,#11403);
#11403 = DEFINITIONAL_REPRESENTATION('',(#11404),#11408);
#11404 = LINE('',#11405,#11406);
#11405 = CARTESIAN_POINT('',(0.,1.));
#11406 = VECTOR('',#11407,1.);
#11407 = DIRECTION('',(1.,0.));
#11408 = ( GEOMETRIC_REPRESENTATION_CONTEXT(2) 
PARAMETRIC_REPRESENTATION_CONTEXT() REPRESENTATION_CONTEXT('2D SPACE',''
  ) );
#11409 = ORIENTED_EDGE('',*,*,#11410,.F.);
#11410 = EDGE_CURVE('',#11411,#11387,#11413,.T.);
#11411 = VERTEX_POINT('',#11412);
#11412 = CARTESIAN_POINT('',(4.893898162606,22.126217301235,65.9));
#11413 = SURFACE_CURVE('',#11414,(#11419,#11426),.PCURVE_S1.);
#11414 = CIRCLE('',#11415,3.);
#11415 = AXIS2_PLACEMENT_3D('',#11416,#11417,#11418);
#11416 = CARTESIAN_POINT('',(7.737075462508,21.168959320689,65.9));
#11417 = DIRECTION('',(0.,1.110223024625E-16,-1.));
#11418 = DIRECTION('',(0.,1.,1.110223024625E-16));
#11419 = PCURVE('',#2769,#11420);
#11420 = DEFINITIONAL_REPRESENTATION('',(#11421),#11425);
#11421 = CIRCLE('',#11422,3.);
#11422 = AXIS2_PLACEMENT_2D('',#11423,#11424);
#11423 = CARTESIAN_POINT('',(-43.83104067931,-6.762924537492));
#11424 = DIRECTION('',(1.,0.));
#11425 = ( GEOMETRIC_REPRESENTATION_CONTEXT(2) 
PARAMETRIC_REPRESENTATION_CONTEXT() REPRESENTATION_CONTEXT('2D SPACE',''
  ) );
#11426 = PCURVE('',#8993,#11427);
#11427 = DEFINITIONAL_REPRESENTATION('',(#11428),#11432);
#11428 = LINE('',#11429,#11430);
#11429 = CARTESIAN_POINT('',(0.,1.));
#11430 = VECTOR('',#11431,1.);
#11431 = DIRECTION('',(1.,0.));
#11432 = ( GEOMETRIC_REPRESENTATION_CONTEXT(2) 
PARAMETRIC_REPRESENTATION_CONTEXT() REPRESENTATION_CONTEXT('2D SPACE',''
  ) );
#11433 = ORIENTED_EDGE('',*,*,#11434,.F.);
#11434 = EDGE_CURVE('',#11435,#11411,#11437,.T.);
#11435 = VERTEX_POINT('',#11436);
#11436 = CARTESIAN_POINT('',(4.738526948259,21.729626287202,65.9));
#11437 = SURFACE_CURVE('',#11438,(#11443,#11450),.PCURVE_S1.);
#11438 = CIRCLE('',#11439,3.);
#11439 = AXIS2_PLACEMENT_3D('',#11440,#11441,#11442);
#11440 = CARTESIAN_POINT('',(7.602454880706,20.836364400771,65.9));
#11441 = DIRECTION('',(0.,1.110223024625E-16,-1.));
#11442 = DIRECTION('',(0.,1.,1.110223024625E-16));
#11443 = PCURVE('',#2769,#11444);
#11444 = DEFINITIONAL_REPRESENTATION('',(#11445),#11449);
#11445 = CIRCLE('',#11446,3.);
#11446 = AXIS2_PLACEMENT_2D('',#11447,#11448);
#11447 = CARTESIAN_POINT('',(-44.16363559922,-6.897545119294));
#11448 = DIRECTION('',(1.,0.));
#11449 = ( GEOMETRIC_REPRESENTATION_CONTEXT(2) 
PARAMETRIC_REPRESENTATION_CONTEXT() REPRESENTATION_CONTEXT('2D SPACE',''
  ) );
#11450 = PCURVE('',#9022,#11451);
#11451 = DEFINITIONAL_REPRESENTATION('',(#11452),#11456);
#11452 = LINE('',#11453,#11454);
#11453 = CARTESIAN_POINT('',(0.,1.));
#11454 = VECTOR('',#11455,1.);
#11455 = DIRECTION('',(1.,0.));
#11456 = ( GEOMETRIC_REPRESENTATION_CONTEXT(2) 
PARAMETRIC_REPRESENTATION_CONTEXT() REPRESENTATION_CONTEXT('2D SPACE',''
  ) );
#11457 = ORIENTED_EDGE('',*,*,#11458,.F.);
#11458 = EDGE_CURVE('',#11459,#11435,#11461,.T.);
#11459 = VERTEX_POINT('',#11460);
#11460 = CARTESIAN_POINT('',(4.592087956631,21.32965095247,65.9));
#11461 = SURFACE_CURVE('',#11462,(#11467,#11474),.PCURVE_S1.);
#11462 = CIRCLE('',#11463,3.);
#11463 = AXIS2_PLACEMENT_3D('',#11464,#11465,#11466);
#11464 = CARTESIAN_POINT('',(7.475326255827,20.500834380451,65.9));
#11465 = DIRECTION('',(0.,1.110223024625E-16,-1.));
#11466 = DIRECTION('',(0.,1.,1.110223024625E-16));
#11467 = PCURVE('',#2769,#11468);
#11468 = DEFINITIONAL_REPRESENTATION('',(#11469),#11473);
#11469 = CIRCLE('',#11470,3.);
#11470 = AXIS2_PLACEMENT_2D('',#11471,#11472);
#11471 = CARTESIAN_POINT('',(-44.49916561954,-7.024673744173));
#11472 = DIRECTION('',(1.,0.));
#11473 = ( GEOMETRIC_REPRESENTATION_CONTEXT(2) 
PARAMETRIC_REPRESENTATION_CONTEXT() REPRESENTATION_CONTEXT('2D SPACE',''
  ) );
#11474 = PCURVE('',#9051,#11475);
#11475 = DEFINITIONAL_REPRESENTATION('',(#11476),#11480);
#11476 = LINE('',#11477,#11478);
#11477 = CARTESIAN_POINT('',(0.,1.));
#11478 = VECTOR('',#11479,1.);
#11479 = DIRECTION('',(1.,0.));
#11480 = ( GEOMETRIC_REPRESENTATION_CONTEXT(2) 
PARAMETRIC_REPRESENTATION_CONTEXT() REPRESENTATION_CONTEXT('2D SPACE',''
  ) );
#11481 = ORIENTED_EDGE('',*,*,#11482,.F.);
#11482 = EDGE_CURVE('',#11483,#11459,#11485,.T.);
#11483 = VERTEX_POINT('',#11484);
#11484 = CARTESIAN_POINT('',(4.454654831713,20.926492444145,65.9));
#11485 = SURFACE_CURVE('',#11486,(#11491,#11498),.PCURVE_S1.);
#11486 = CIRCLE('',#11487,3.);
#11487 = AXIS2_PLACEMENT_3D('',#11488,#11489,#11490);
#11488 = CARTESIAN_POINT('',(7.355753520698,20.162537997357,65.9));
#11489 = DIRECTION('',(0.,1.110223024625E-16,-1.));
#11490 = DIRECTION('',(0.,1.,1.110223024625E-16));
#11491 = PCURVE('',#2769,#11492);
#11492 = DEFINITIONAL_REPRESENTATION('',(#11493),#11497);
#11493 = CIRCLE('',#11494,3.);
#11494 = AXIS2_PLACEMENT_2D('',#11495,#11496);
#11495 = CARTESIAN_POINT('',(-44.83746200264,-7.144246479302));
#11496 = DIRECTION('',(1.,0.));
#11497 = ( GEOMETRIC_REPRESENTATION_CONTEXT(2) 
PARAMETRIC_REPRESENTATION_CONTEXT() REPRESENTATION_CONTEXT('2D SPACE',''
  ) );
#11498 = PCURVE('',#9080,#11499);
#11499 = DEFINITIONAL_REPRESENTATION('',(#11500),#11504);
#11500 = LINE('',#11501,#11502);
#11501 = CARTESIAN_POINT('',(0.,1.));
#11502 = VECTOR('',#11503,1.);
#11503 = DIRECTION('',(1.,0.));
#11504 = ( GEOMETRIC_REPRESENTATION_CONTEXT(2) 
PARAMETRIC_REPRESENTATION_CONTEXT() REPRESENTATION_CONTEXT('2D SPACE',''
  ) );
#11505 = ORIENTED_EDGE('',*,*,#11506,.F.);
#11506 = EDGE_CURVE('',#11507,#11483,#11509,.T.);
#11507 = VERTEX_POINT('',#11508);
#11508 = CARTESIAN_POINT('',(4.326296688449,20.520353510133,65.9));
#11509 = SURFACE_CURVE('',#11510,(#11515,#11522),.PCURVE_S1.);
#11510 = CIRCLE('',#11511,3.);
#11511 = AXIS2_PLACEMENT_3D('',#11512,#11513,#11514);
#11512 = CARTESIAN_POINT('',(7.243796808301,19.821645380322,65.9));
#11513 = DIRECTION('',(0.,1.110223024625E-16,-1.));
#11514 = DIRECTION('',(0.,1.,1.110223024625E-16));
#11515 = PCURVE('',#2769,#11516);
#11516 = DEFINITIONAL_REPRESENTATION('',(#11517),#11521);
#11517 = CIRCLE('',#11518,3.);
#11518 = AXIS2_PLACEMENT_2D('',#11519,#11520);
#11519 = CARTESIAN_POINT('',(-45.17835461967,-7.256203191699));
#11520 = DIRECTION('',(1.,0.));
#11521 = ( GEOMETRIC_REPRESENTATION_CONTEXT(2) 
PARAMETRIC_REPRESENTATION_CONTEXT() REPRESENTATION_CONTEXT('2D SPACE',''
  ) );
#11522 = PCURVE('',#9109,#11523);
#11523 = DEFINITIONAL_REPRESENTATION('',(#11524),#11528);
#11524 = LINE('',#11525,#11526);
#11525 = CARTESIAN_POINT('',(0.,1.));
#11526 = VECTOR('',#11527,1.);
#11527 = DIRECTION('',(1.,0.));
#11528 = ( GEOMETRIC_REPRESENTATION_CONTEXT(2) 
PARAMETRIC_REPRESENTATION_CONTEXT() REPRESENTATION_CONTEXT('2D SPACE',''
  ) );
#11529 = ORIENTED_EDGE('',*,*,#11530,.F.);
#11530 = EDGE_CURVE('',#11531,#11507,#11533,.T.);
#11531 = VERTEX_POINT('',#11532);
#11532 = CARTESIAN_POINT('',(4.20707807799,20.111438397201,65.9));
#11533 = SURFACE_CURVE('',#11534,(#11539,#11546),.PCURVE_S1.);
#11534 = CIRCLE('',#11535,3.);
#11535 = AXIS2_PLACEMENT_3D('',#11536,#11537,#11538);
#11536 = CARTESIAN_POINT('',(7.139512421525,19.478327963818,65.9));
#11537 = DIRECTION('',(0.,1.110223024625E-16,-1.));
#11538 = DIRECTION('',(0.,1.,1.110223024625E-16));
#11539 = PCURVE('',#2769,#11540);
#11540 = DEFINITIONAL_REPRESENTATION('',(#11541),#11545);
#11541 = CIRCLE('',#11542,3.);
#11542 = AXIS2_PLACEMENT_2D('',#11543,#11544);
#11543 = CARTESIAN_POINT('',(-45.52167203618,-7.360487578475));
#11544 = DIRECTION('',(1.,0.));
#11545 = ( GEOMETRIC_REPRESENTATION_CONTEXT(2) 
PARAMETRIC_REPRESENTATION_CONTEXT() REPRESENTATION_CONTEXT('2D SPACE',''
  ) );
#11546 = PCURVE('',#9138,#11547);
#11547 = DEFINITIONAL_REPRESENTATION('',(#11548),#11552);
#11548 = LINE('',#11549,#11550);
#11549 = CARTESIAN_POINT('',(0.,1.));
#11550 = VECTOR('',#11551,1.);
#11551 = DIRECTION('',(1.,0.));
#11552 = ( GEOMETRIC_REPRESENTATION_CONTEXT(2) 
PARAMETRIC_REPRESENTATION_CONTEXT() REPRESENTATION_CONTEXT('2D SPACE',''
  ) );
#11553 = ORIENTED_EDGE('',*,*,#11554,.F.);
#11554 = EDGE_CURVE('',#11555,#11531,#11557,.T.);
#11555 = VERTEX_POINT('',#11556);
#11556 = CARTESIAN_POINT('',(4.09705895523,19.699952748255,65.9));
#11557 = SURFACE_CURVE('',#11558,(#11563,#11570),.PCURVE_S1.);
#11558 = CIRCLE('',#11559,3.);
#11559 = AXIS2_PLACEMENT_3D('',#11560,#11561,#11562);
#11560 = CARTESIAN_POINT('',(7.04295280486,19.132758401748,65.9));
#11561 = DIRECTION('',(0.,1.110223024625E-16,-1.));
#11562 = DIRECTION('',(0.,1.,1.110223024625E-16));
#11563 = PCURVE('',#2769,#11564);
#11564 = DEFINITIONAL_REPRESENTATION('',(#11565),#11569);
#11565 = CIRCLE('',#11566,3.);
#11566 = AXIS2_PLACEMENT_2D('',#11567,#11568);
#11567 = CARTESIAN_POINT('',(-45.86724159825,-7.45704719514));
#11568 = DIRECTION('',(1.,0.));
#11569 = ( GEOMETRIC_REPRESENTATION_CONTEXT(2) 
PARAMETRIC_REPRESENTATION_CONTEXT() REPRESENTATION_CONTEXT('2D SPACE',''
  ) );
#11570 = PCURVE('',#9167,#11571);
#11571 = DEFINITIONAL_REPRESENTATION('',(#11572),#11576);
#11572 = LINE('',#11573,#11574);
#11573 = CARTESIAN_POINT('',(0.,1.));
#11574 = VECTOR('',#11575,1.);
#11575 = DIRECTION('',(1.,0.));
#11576 = ( GEOMETRIC_REPRESENTATION_CONTEXT(2) 
PARAMETRIC_REPRESENTATION_CONTEXT() REPRESENTATION_CONTEXT('2D SPACE',''
  ) );
#11577 = ORIENTED_EDGE('',*,*,#11578,.F.);
#11578 = EDGE_CURVE('',#11579,#11555,#11581,.T.);
#11579 = VERTEX_POINT('',#11580);
#11580 = CARTESIAN_POINT('',(3.996294648647,19.286103498917,65.9));
#11581 = SURFACE_CURVE('',#11582,(#11587,#11594),.PCURVE_S1.);
#11582 = CIRCLE('',#11583,3.);
#11583 = AXIS2_PLACEMENT_3D('',#11584,#11585,#11586);
#11584 = CARTESIAN_POINT('',(6.954166518017,18.785110480614,65.9));
#11585 = DIRECTION('',(0.,1.110223024625E-16,-1.));
#11586 = DIRECTION('',(0.,1.,1.110223024625E-16));
#11587 = PCURVE('',#2769,#11588);
#11588 = DEFINITIONAL_REPRESENTATION('',(#11589),#11593);
#11589 = CIRCLE('',#11590,3.);
#11590 = AXIS2_PLACEMENT_2D('',#11591,#11592);
#11591 = CARTESIAN_POINT('',(-46.21488951938,-7.545833481983));
#11592 = DIRECTION('',(1.,0.));
#11593 = ( GEOMETRIC_REPRESENTATION_CONTEXT(2) 
PARAMETRIC_REPRESENTATION_CONTEXT() REPRESENTATION_CONTEXT('2D SPACE',''
  ) );
#11594 = PCURVE('',#9196,#11595);
#11595 = DEFINITIONAL_REPRESENTATION('',(#11596),#11600);
#11596 = LINE('',#11597,#11598);
#11597 = CARTESIAN_POINT('',(0.,1.));
#11598 = VECTOR('',#11599,1.);
#11599 = DIRECTION('',(1.,0.));
#11600 = ( GEOMETRIC_REPRESENTATION_CONTEXT(2) 
PARAMETRIC_REPRESENTATION_CONTEXT() REPRESENTATION_CONTEXT('2D SPACE',''
  ) );
#11601 = ORIENTED_EDGE('',*,*,#11602,.F.);
#11602 = EDGE_CURVE('',#11603,#11579,#11605,.T.);
#11603 = VERTEX_POINT('',#11604);
#11604 = CARTESIAN_POINT('',(3.904835832485,18.870098773454,65.9));
#11605 = SURFACE_CURVE('',#11606,(#11611,#11618),.PCURVE_S1.);
#11606 = CIRCLE('',#11607,3.);
#11607 = AXIS2_PLACEMENT_3D('',#11608,#11609,#11610);
#11608 = CARTESIAN_POINT('',(6.873198211509,18.435559032124,65.9));
#11609 = DIRECTION('',(0.,1.110223024625E-16,-1.));
#11610 = DIRECTION('',(0.,1.,1.110223024625E-16));
#11611 = PCURVE('',#2769,#11612);
#11612 = DEFINITIONAL_REPRESENTATION('',(#11613),#11617);
#11613 = CIRCLE('',#11614,3.);
#11614 = AXIS2_PLACEMENT_2D('',#11615,#11616);
#11615 = CARTESIAN_POINT('',(-46.56444096787,-7.626801788491));
#11616 = DIRECTION('',(1.,0.));
#11617 = ( GEOMETRIC_REPRESENTATION_CONTEXT(2) 
PARAMETRIC_REPRESENTATION_CONTEXT() REPRESENTATION_CONTEXT('2D SPACE',''
  ) );
#11618 = PCURVE('',#9225,#11619);
#11619 = DEFINITIONAL_REPRESENTATION('',(#11620),#11624);
#11620 = LINE('',#11621,#11622);
#11621 = CARTESIAN_POINT('',(0.,1.));
#11622 = VECTOR('',#11623,1.);
#11623 = DIRECTION('',(1.,0.));
#11624 = ( GEOMETRIC_REPRESENTATION_CONTEXT(2) 
PARAMETRIC_REPRESENTATION_CONTEXT() REPRESENTATION_CONTEXT('2D SPACE',''
  ) );
#11625 = ORIENTED_EDGE('',*,*,#11626,.F.);
#11626 = EDGE_CURVE('',#11627,#11603,#11629,.T.);
#11627 = VERTEX_POINT('',#11628);
#11628 = CARTESIAN_POINT('',(3.82272850127,18.452147780128,65.9));
#11629 = SURFACE_CURVE('',#11630,(#11635,#11642),.PCURVE_S1.);
#11630 = CIRCLE('',#11631,3.);
#11631 = AXIS2_PLACEMENT_3D('',#11632,#11633,#11634);
#11632 = CARTESIAN_POINT('',(6.800088604197,18.084279845268,65.9));
#11633 = DIRECTION('',(0.,1.110223024625E-16,-1.));
#11634 = DIRECTION('',(0.,1.,1.110223024625E-16));
#11635 = PCURVE('',#2769,#11636);
#11636 = DEFINITIONAL_REPRESENTATION('',(#11637),#11641);
#11637 = CIRCLE('',#11638,3.);
#11638 = AXIS2_PLACEMENT_2D('',#11639,#11640);
#11639 = CARTESIAN_POINT('',(-46.91572015473,-7.699911395803));
#11640 = DIRECTION('',(1.,0.));
#11641 = ( GEOMETRIC_REPRESENTATION_CONTEXT(2) 
PARAMETRIC_REPRESENTATION_CONTEXT() REPRESENTATION_CONTEXT('2D SPACE',''
  ) );
#11642 = PCURVE('',#9254,#11643);
#11643 = DEFINITIONAL_REPRESENTATION('',(#11644),#11648);
#11644 = LINE('',#11645,#11646);
#11645 = CARTESIAN_POINT('',(0.,1.));
#11646 = VECTOR('',#11647,1.);
#11647 = DIRECTION('',(1.,0.));
#11648 = ( GEOMETRIC_REPRESENTATION_CONTEXT(2) 
PARAMETRIC_REPRESENTATION_CONTEXT() REPRESENTATION_CONTEXT('2D SPACE',''
  ) );
#11649 = ORIENTED_EDGE('',*,*,#11650,.F.);
#11650 = EDGE_CURVE('',#11651,#11627,#11653,.T.);
#11651 = VERTEX_POINT('',#11652);
#11652 = CARTESIAN_POINT('',(3.750013946675,18.032460705972,65.9));
#11653 = SURFACE_CURVE('',#11654,(#11659,#11666),.PCURVE_S1.);
#11654 = CIRCLE('',#11655,3.);
#11655 = AXIS2_PLACEMENT_3D('',#11656,#11657,#11658);
#11656 = CARTESIAN_POINT('',(6.734874462811,17.73144957791,65.9));
#11657 = DIRECTION('',(0.,1.110223024625E-16,-1.));
#11658 = DIRECTION('',(0.,1.,1.110223024625E-16));
#11659 = PCURVE('',#2769,#11660);
#11660 = DEFINITIONAL_REPRESENTATION('',(#11661),#11665);
#11661 = CIRCLE('',#11662,3.);
#11662 = AXIS2_PLACEMENT_2D('',#11663,#11664);
#11663 = CARTESIAN_POINT('',(-47.26855042209,-7.765125537189));
#11664 = DIRECTION('',(1.,0.));
#11665 = ( GEOMETRIC_REPRESENTATION_CONTEXT(2) 
PARAMETRIC_REPRESENTATION_CONTEXT() REPRESENTATION_CONTEXT('2D SPACE',''
  ) );
#11666 = PCURVE('',#9283,#11667);
#11667 = DEFINITIONAL_REPRESENTATION('',(#11668),#11672);
#11668 = LINE('',#11669,#11670);
#11669 = CARTESIAN_POINT('',(0.,1.));
#11670 = VECTOR('',#11671,1.);
#11671 = DIRECTION('',(1.,0.));
#11672 = ( GEOMETRIC_REPRESENTATION_CONTEXT(2) 
PARAMETRIC_REPRESENTATION_CONTEXT() REPRESENTATION_CONTEXT('2D SPACE',''
  ) );
#11673 = ORIENTED_EDGE('',*,*,#11674,.F.);
#11674 = EDGE_CURVE('',#11675,#11651,#11677,.T.);
#11675 = VERTEX_POINT('',#11676);
#11676 = CARTESIAN_POINT('',(3.686728736763,17.611248611101,65.9));
#11677 = SURFACE_CURVE('',#11678,(#11683,#11690),.PCURVE_S1.);
#11678 = CIRCLE('',#11679,3.);
#11679 = AXIS2_PLACEMENT_3D('',#11680,#11681,#11682);
#11680 = CARTESIAN_POINT('',(6.677588583462,17.377245667956,65.9));
#11681 = DIRECTION('',(0.,1.110223024625E-16,-1.));
#11682 = DIRECTION('',(0.,1.,1.110223024625E-16));
#11683 = PCURVE('',#2769,#11684);
#11684 = DEFINITIONAL_REPRESENTATION('',(#11685),#11689);
#11685 = CIRCLE('',#11686,3.);
#11686 = AXIS2_PLACEMENT_2D('',#11687,#11688);
#11687 = CARTESIAN_POINT('',(-47.62275433204,-7.822411416538));
#11688 = DIRECTION('',(1.,0.));
#11689 = ( GEOMETRIC_REPRESENTATION_CONTEXT(2) 
PARAMETRIC_REPRESENTATION_CONTEXT() REPRESENTATION_CONTEXT('2D SPACE',''
  ) );
#11690 = PCURVE('',#9312,#11691);
#11691 = DEFINITIONAL_REPRESENTATION('',(#11692),#11696);
#11692 = LINE('',#11693,#11694);
#11693 = CARTESIAN_POINT('',(0.,1.));
#11694 = VECTOR('',#11695,1.);
#11695 = DIRECTION('',(1.,0.));
#11696 = ( GEOMETRIC_REPRESENTATION_CONTEXT(2) 
PARAMETRIC_REPRESENTATION_CONTEXT() REPRESENTATION_CONTEXT('2D SPACE',''
  ) );
#11697 = ORIENTED_EDGE('',*,*,#11698,.F.);
#11698 = EDGE_CURVE('',#11699,#11675,#11701,.T.);
#11699 = VERTEX_POINT('',#11700);
#11700 = CARTESIAN_POINT('',(3.632904697584,17.188723322548,65.9));
#11701 = SURFACE_CURVE('',#11702,(#11707,#11714),.PCURVE_S1.);
#11702 = CIRCLE('',#11703,3.);
#11703 = AXIS2_PLACEMENT_3D('',#11704,#11705,#11706);
#11704 = CARTESIAN_POINT('',(6.628259775148,17.021846244109,65.9));
#11705 = DIRECTION('',(0.,1.110223024625E-16,-1.));
#11706 = DIRECTION('',(0.,1.,1.110223024625E-16));
#11707 = PCURVE('',#2769,#11708);
#11708 = DEFINITIONAL_REPRESENTATION('',(#11709),#11713);
#11709 = CIRCLE('',#11710,3.);
#11710 = AXIS2_PLACEMENT_2D('',#11711,#11712);
#11711 = CARTESIAN_POINT('',(-47.97815375589,-7.871740224852));
#11712 = DIRECTION('',(1.,0.));
#11713 = ( GEOMETRIC_REPRESENTATION_CONTEXT(2) 
PARAMETRIC_REPRESENTATION_CONTEXT() REPRESENTATION_CONTEXT('2D SPACE',''
  ) );
#11714 = PCURVE('',#9341,#11715);
#11715 = DEFINITIONAL_REPRESENTATION('',(#11716),#11720);
#11716 = LINE('',#11717,#11718);
#11717 = CARTESIAN_POINT('',(0.,1.));
#11718 = VECTOR('',#11719,1.);
#11719 = DIRECTION('',(1.,0.));
#11720 = ( GEOMETRIC_REPRESENTATION_CONTEXT(2) 
PARAMETRIC_REPRESENTATION_CONTEXT() REPRESENTATION_CONTEXT('2D SPACE',''
  ) );
#11721 = ORIENTED_EDGE('',*,*,#11722,.F.);
#11722 = EDGE_CURVE('',#11723,#11699,#11725,.T.);
#11723 = VERTEX_POINT('',#11724);
#11724 = CARTESIAN_POINT('',(3.588568897181,16.765097327755,65.9));
#11725 = SURFACE_CURVE('',#11726,(#11731,#11738),.PCURVE_S1.);
#11726 = CIRCLE('',#11727,3.);
#11727 = AXIS2_PLACEMENT_3D('',#11728,#11729,#11730);
#11728 = CARTESIAN_POINT('',(6.586912845265,16.6654300363,65.9));
#11729 = DIRECTION('',(0.,1.110223024625E-16,-1.));
#11730 = DIRECTION('',(0.,1.,1.110223024625E-16));
#11731 = PCURVE('',#2769,#11732);
#11732 = DEFINITIONAL_REPRESENTATION('',(#11733),#11737);
#11733 = CIRCLE('',#11734,3.);
#11734 = AXIS2_PLACEMENT_2D('',#11735,#11736);
#11735 = CARTESIAN_POINT('',(-48.3345699637,-7.913087154735));
#11736 = DIRECTION('',(1.,0.));
#11737 = ( GEOMETRIC_REPRESENTATION_CONTEXT(2) 
PARAMETRIC_REPRESENTATION_CONTEXT() REPRESENTATION_CONTEXT('2D SPACE',''
  ) );
#11738 = PCURVE('',#9370,#11739);
#11739 = DEFINITIONAL_REPRESENTATION('',(#11740),#11744);
#11740 = LINE('',#11741,#11742);
#11741 = CARTESIAN_POINT('',(0.,1.));
#11742 = VECTOR('',#11743,1.);
#11743 = DIRECTION('',(1.,0.));
#11744 = ( GEOMETRIC_REPRESENTATION_CONTEXT(2) 
PARAMETRIC_REPRESENTATION_CONTEXT() REPRESENTATION_CONTEXT('2D SPACE',''
  ) );
#11745 = ORIENTED_EDGE('',*,*,#11746,.F.);
#11746 = EDGE_CURVE('',#11747,#11723,#11749,.T.);
#11747 = VERTEX_POINT('',#11748);
#11748 = CARTESIAN_POINT('',(3.553743631974,16.340583667713,65.9));
#11749 = SURFACE_CURVE('',#11750,(#11755,#11762),.PCURVE_S1.);
#11750 = CIRCLE('',#11751,3.);
#11751 = AXIS2_PLACEMENT_3D('',#11752,#11753,#11754);
#11752 = CARTESIAN_POINT('',(6.553568587133,16.308176285795,65.9));
#11753 = DIRECTION('',(0.,1.110223024625E-16,-1.));
#11754 = DIRECTION('',(0.,1.,1.110223024625E-16));
#11755 = PCURVE('',#2769,#11756);
#11756 = DEFINITIONAL_REPRESENTATION('',(#11757),#11761);
#11757 = CIRCLE('',#11758,3.);
#11758 = AXIS2_PLACEMENT_2D('',#11759,#11760);
#11759 = CARTESIAN_POINT('',(-48.6918237142,-7.946431412867));
#11760 = DIRECTION('',(1.,0.));
#11761 = ( GEOMETRIC_REPRESENTATION_CONTEXT(2) 
PARAMETRIC_REPRESENTATION_CONTEXT() REPRESENTATION_CONTEXT('2D SPACE',''
  ) );
#11762 = PCURVE('',#9399,#11763);
#11763 = DEFINITIONAL_REPRESENTATION('',(#11764),#11768);
#11764 = LINE('',#11765,#11766);
#11765 = CARTESIAN_POINT('',(0.,1.));
#11766 = VECTOR('',#11767,1.);
#11767 = DIRECTION('',(1.,0.));
#11768 = ( GEOMETRIC_REPRESENTATION_CONTEXT(2) 
PARAMETRIC_REPRESENTATION_CONTEXT() REPRESENTATION_CONTEXT('2D SPACE',''
  ) );
#11769 = ORIENTED_EDGE('',*,*,#11770,.F.);
#11770 = EDGE_CURVE('',#11771,#11747,#11773,.T.);
#11771 = VERTEX_POINT('',#11772);
#11772 = CARTESIAN_POINT('',(3.528446415543,15.915395829803,65.9));
#11773 = SURFACE_CURVE('',#11774,(#11779,#11786),.PCURVE_S1.);
#11774 = CIRCLE('',#11775,3.);
#11775 = AXIS2_PLACEMENT_3D('',#11776,#11777,#11778);
#11776 = CARTESIAN_POINT('',(6.528243769537,15.950264655062,65.9));
#11777 = DIRECTION('',(0.,1.110223024625E-16,-1.));
#11778 = DIRECTION('',(0.,1.,1.110223024625E-16));
#11779 = PCURVE('',#2769,#11780);
#11780 = DEFINITIONAL_REPRESENTATION('',(#11781),#11785);
#11781 = CIRCLE('',#11782,3.);
#11782 = AXIS2_PLACEMENT_2D('',#11783,#11784);
#11783 = CARTESIAN_POINT('',(-49.04973534493,-7.971756230463));
#11784 = DIRECTION('',(1.,0.));
#11785 = ( GEOMETRIC_REPRESENTATION_CONTEXT(2) 
PARAMETRIC_REPRESENTATION_CONTEXT() REPRESENTATION_CONTEXT('2D SPACE',''
  ) );
#11786 = PCURVE('',#9428,#11787);
#11787 = DEFINITIONAL_REPRESENTATION('',(#11788),#11792);
#11788 = LINE('',#11789,#11790);
#11789 = CARTESIAN_POINT('',(0.,1.));
#11790 = VECTOR('',#11791,1.);
#11791 = DIRECTION('',(1.,0.));
#11792 = ( GEOMETRIC_REPRESENTATION_CONTEXT(2) 
PARAMETRIC_REPRESENTATION_CONTEXT() REPRESENTATION_CONTEXT('2D SPACE',''
  ) );
#11793 = ORIENTED_EDGE('',*,*,#11794,.F.);
#11794 = EDGE_CURVE('',#11795,#11771,#11797,.T.);
#11795 = VERTEX_POINT('',#11796);
#11796 = CARTESIAN_POINT('',(3.51268996983,15.489747640473,65.9));
#11797 = SURFACE_CURVE('',#11798,(#11803,#11810),.PCURVE_S1.);
#11798 = CIRCLE('',#11799,3.);
#11799 = AXIS2_PLACEMENT_3D('',#11800,#11801,#11802);
#11800 = CARTESIAN_POINT('',(6.510951128297,15.591875137416,65.9));
#11801 = DIRECTION('',(0.,1.110223024625E-16,-1.));
#11802 = DIRECTION('',(0.,1.,1.110223024625E-16));
#11803 = PCURVE('',#2769,#11804);
#11804 = DEFINITIONAL_REPRESENTATION('',(#11805),#11809);
#11805 = CIRCLE('',#11806,3.);
#11806 = AXIS2_PLACEMENT_2D('',#11807,#11808);
#11807 = CARTESIAN_POINT('',(-49.40812486258,-7.989048871703));
#11808 = DIRECTION('',(1.,0.));
#11809 = ( GEOMETRIC_REPRESENTATION_CONTEXT(2) 
PARAMETRIC_REPRESENTATION_CONTEXT() REPRESENTATION_CONTEXT('2D SPACE',''
  ) );
#11810 = PCURVE('',#9457,#11811);
#11811 = DEFINITIONAL_REPRESENTATION('',(#11812),#11816);
#11812 = LINE('',#11813,#11814);
#11813 = CARTESIAN_POINT('',(0.,1.));
#11814 = VECTOR('',#11815,1.);
#11815 = DIRECTION('',(1.,0.));
#11816 = ( GEOMETRIC_REPRESENTATION_CONTEXT(2) 
PARAMETRIC_REPRESENTATION_CONTEXT() REPRESENTATION_CONTEXT('2D SPACE',''
  ) );
#11817 = ORIENTED_EDGE('',*,*,#11818,.F.);
#11818 = EDGE_CURVE('',#11819,#11795,#11821,.T.);
#11819 = VERTEX_POINT('',#11820);
#11820 = CARTESIAN_POINT('',(3.506482218731,15.063853157664,65.9));
#11821 = SURFACE_CURVE('',#11822,(#11827,#11834),.PCURVE_S1.);
#11822 = CIRCLE('',#11823,3.);
#11823 = AXIS2_PLACEMENT_3D('',#11824,#11825,#11826);
#11824 = CARTESIAN_POINT('',(6.501699359861,15.233187966498,65.9));
#11825 = DIRECTION('',(0.,1.110223024625E-16,-1.));
#11826 = DIRECTION('',(0.,1.,1.110223024625E-16));
#11827 = PCURVE('',#2769,#11828);
#11828 = DEFINITIONAL_REPRESENTATION('',(#11829),#11833);
#11829 = CIRCLE('',#11830,3.);
#11830 = AXIS2_PLACEMENT_2D('',#11831,#11832);
#11831 = CARTESIAN_POINT('',(-49.7668120335,-7.998300640139));
#11832 = DIRECTION('',(1.,0.));
#11833 = ( GEOMETRIC_REPRESENTATION_CONTEXT(2) 
PARAMETRIC_REPRESENTATION_CONTEXT() REPRESENTATION_CONTEXT('2D SPACE',''
  ) );
#11834 = PCURVE('',#9486,#11835);
#11835 = DEFINITIONAL_REPRESENTATION('',(#11836),#11840);
#11836 = LINE('',#11837,#11838);
#11837 = CARTESIAN_POINT('',(0.,1.));
#11838 = VECTOR('',#11839,1.);
#11839 = DIRECTION('',(1.,0.));
#11840 = ( GEOMETRIC_REPRESENTATION_CONTEXT(2) 
PARAMETRIC_REPRESENTATION_CONTEXT() REPRESENTATION_CONTEXT('2D SPACE',''
  ) );
#11841 = ORIENTED_EDGE('',*,*,#11842,.F.);
#11842 = EDGE_CURVE('',#11843,#11819,#11845,.T.);
#11843 = VERTEX_POINT('',#11844);
#11844 = CARTESIAN_POINT('',(3.509826284115,14.637926563183,65.9));
#11845 = SURFACE_CURVE('',#11846,(#11851,#11858),.PCURVE_S1.);
#11846 = CIRCLE('',#11847,3.);
#11847 = AXIS2_PLACEMENT_3D('',#11848,#11849,#11850);
#11848 = CARTESIAN_POINT('',(6.500493116931,14.874383525642,65.9));
#11849 = DIRECTION('',(0.,1.110223024625E-16,-1.));
#11850 = DIRECTION('',(0.,1.,1.110223024625E-16));
#11851 = PCURVE('',#2769,#11852);
#11852 = DEFINITIONAL_REPRESENTATION('',(#11853),#11857);
#11853 = CIRCLE('',#11854,3.);
#11854 = AXIS2_PLACEMENT_2D('',#11855,#11856);
#11855 = CARTESIAN_POINT('',(-50.12561647435,-7.999506883069));
#11856 = DIRECTION('',(1.,0.));
#11857 = ( GEOMETRIC_REPRESENTATION_CONTEXT(2) 
PARAMETRIC_REPRESENTATION_CONTEXT() REPRESENTATION_CONTEXT('2D SPACE',''
  ) );
#11858 = PCURVE('',#9515,#11859);
#11859 = DEFINITIONAL_REPRESENTATION('',(#11860),#11864);
#11860 = LINE('',#11861,#11862);
#11861 = CARTESIAN_POINT('',(0.,1.));
#11862 = VECTOR('',#11863,1.);
#11863 = DIRECTION('',(1.,0.));
#11864 = ( GEOMETRIC_REPRESENTATION_CONTEXT(2) 
PARAMETRIC_REPRESENTATION_CONTEXT() REPRESENTATION_CONTEXT('2D SPACE',''
  ) );
#11865 = ORIENTED_EDGE('',*,*,#11866,.F.);
#11866 = EDGE_CURVE('',#11867,#11843,#11869,.T.);
#11867 = VERTEX_POINT('',#11868);
#11868 = CARTESIAN_POINT('',(3.522720484257,14.212182054982,65.9));
#11869 = SURFACE_CURVE('',#11870,(#11875,#11882),.PCURVE_S1.);
#11870 = CIRCLE('',#11871,3.);
#11871 = AXIS2_PLACEMENT_3D('',#11872,#11873,#11874);
#11872 = CARTESIAN_POINT('',(6.507333006126,14.515642257155,65.9));
#11873 = DIRECTION('',(0.,1.110223024625E-16,-1.));
#11874 = DIRECTION('',(0.,1.,1.110223024625E-16));
#11875 = PCURVE('',#2769,#11876);
#11876 = DEFINITIONAL_REPRESENTATION('',(#11877),#11881);
#11877 = CIRCLE('',#11878,3.);
#11878 = AXIS2_PLACEMENT_2D('',#11879,#11880);
#11879 = CARTESIAN_POINT('',(-50.48435774284,-7.992666993874));
#11880 = DIRECTION('',(1.,0.));
#11881 = ( GEOMETRIC_REPRESENTATION_CONTEXT(2) 
PARAMETRIC_REPRESENTATION_CONTEXT() REPRESENTATION_CONTEXT('2D SPACE',''
  ) );
#11882 = PCURVE('',#9544,#11883);
#11883 = DEFINITIONAL_REPRESENTATION('',(#11884),#11888);
#11884 = LINE('',#11885,#11886);
#11885 = CARTESIAN_POINT('',(0.,1.));
#11886 = VECTOR('',#11887,1.);
#11887 = DIRECTION('',(1.,0.));
#11888 = ( GEOMETRIC_REPRESENTATION_CONTEXT(2) 
PARAMETRIC_REPRESENTATION_CONTEXT() REPRESENTATION_CONTEXT('2D SPACE',''
  ) );
#11889 = ORIENTED_EDGE('',*,*,#11890,.F.);
#11890 = EDGE_CURVE('',#11891,#11867,#11893,.T.);
#11891 = VERTEX_POINT('',#11892);
#11892 = CARTESIAN_POINT('',(3.545158334679,13.786833739443,65.9));
#11893 = SURFACE_CURVE('',#11894,(#11899,#11906),.PCURVE_S1.);
#11894 = CIRCLE('',#11895,3.);
#11895 = AXIS2_PLACEMENT_3D('',#11896,#11897,#11898);
#11896 = CARTESIAN_POINT('',(6.522215587674,14.157144571574,65.9));
#11897 = DIRECTION('',(0.,1.110223024625E-16,-1.));
#11898 = DIRECTION('',(0.,1.,1.110223024625E-16));
#11899 = PCURVE('',#2769,#11900);
#11900 = DEFINITIONAL_REPRESENTATION('',(#11901),#11905);
#11901 = CIRCLE('',#11902,3.);
#11902 = AXIS2_PLACEMENT_2D('',#11903,#11904);
#11903 = CARTESIAN_POINT('',(-50.84285542842,-7.977784412326));
#11904 = DIRECTION('',(1.,0.));
#11905 = ( GEOMETRIC_REPRESENTATION_CONTEXT(2) 
PARAMETRIC_REPRESENTATION_CONTEXT() REPRESENTATION_CONTEXT('2D SPACE',''
  ) );
#11906 = PCURVE('',#9573,#11907);
#11907 = DEFINITIONAL_REPRESENTATION('',(#11908),#11912);
#11908 = LINE('',#11909,#11910);
#11909 = CARTESIAN_POINT('',(0.,1.));
#11910 = VECTOR('',#11911,1.);
#11911 = DIRECTION('',(1.,0.));
#11912 = ( GEOMETRIC_REPRESENTATION_CONTEXT(2) 
PARAMETRIC_REPRESENTATION_CONTEXT() REPRESENTATION_CONTEXT('2D SPACE',''
  ) );
#11913 = ORIENTED_EDGE('',*,*,#11914,.F.);
#11914 = EDGE_CURVE('',#11915,#11891,#11917,.T.);
#11915 = VERTEX_POINT('',#11916);
#11916 = CARTESIAN_POINT('',(3.577128551415,13.362095523713,65.9));
#11917 = SURFACE_CURVE('',#11918,(#11923,#11930),.PCURVE_S1.);
#11918 = CIRCLE('',#11919,3.);
#11919 = AXIS2_PLACEMENT_3D('',#11920,#11921,#11922);
#11920 = CARTESIAN_POINT('',(6.545133377143,13.799070756941,65.9));
#11921 = DIRECTION('',(0.,1.110223024625E-16,-1.));
#11922 = DIRECTION('',(0.,1.,1.110223024625E-16));
#11923 = PCURVE('',#2769,#11924);
#11924 = DEFINITIONAL_REPRESENTATION('',(#11925),#11929);
#11925 = CIRCLE('',#11926,3.);
#11926 = AXIS2_PLACEMENT_2D('',#11927,#11928);
#11927 = CARTESIAN_POINT('',(-51.20092924305,-7.954866622857));
#11928 = DIRECTION('',(1.,0.));
#11929 = ( GEOMETRIC_REPRESENTATION_CONTEXT(2) 
PARAMETRIC_REPRESENTATION_CONTEXT() REPRESENTATION_CONTEXT('2D SPACE',''
  ) );
#11930 = PCURVE('',#9602,#11931);
#11931 = DEFINITIONAL_REPRESENTATION('',(#11932),#11936);
#11932 = LINE('',#11933,#11934);
#11933 = CARTESIAN_POINT('',(0.,1.));
#11934 = VECTOR('',#11935,1.);
#11935 = DIRECTION('',(1.,0.));
#11936 = ( GEOMETRIC_REPRESENTATION_CONTEXT(2) 
PARAMETRIC_REPRESENTATION_CONTEXT() REPRESENTATION_CONTEXT('2D SPACE',''
  ) );
#11937 = ORIENTED_EDGE('',*,*,#11938,.F.);
#11938 = EDGE_CURVE('',#11939,#11915,#11941,.T.);
#11939 = VERTEX_POINT('',#11940);
#11940 = CARTESIAN_POINT('',(3.618615056681,12.938181008104,65.9));
#11941 = SURFACE_CURVE('',#11942,(#11947,#11954),.PCURVE_S1.);
#11942 = CIRCLE('',#11943,3.);
#11943 = AXIS2_PLACEMENT_3D('',#11944,#11945,#11946);
#11944 = CARTESIAN_POINT('',(6.576074849205,13.441600888132,65.9));
#11945 = DIRECTION('',(0.,1.110223024625E-16,-1.));
#11946 = DIRECTION('',(0.,1.,1.110223024625E-16));
#11947 = PCURVE('',#2769,#11948);
#11948 = DEFINITIONAL_REPRESENTATION('',(#11949),#11953);
#11949 = CIRCLE('',#11950,3.);
#11950 = AXIS2_PLACEMENT_2D('',#11951,#11952);
#11951 = CARTESIAN_POINT('',(-51.55839911186,-7.923925150795));
#11952 = DIRECTION('',(1.,0.));
#11953 = ( GEOMETRIC_REPRESENTATION_CONTEXT(2) 
PARAMETRIC_REPRESENTATION_CONTEXT() REPRESENTATION_CONTEXT('2D SPACE',''
  ) );
#11954 = PCURVE('',#9631,#11955);
#11955 = DEFINITIONAL_REPRESENTATION('',(#11956),#11960);
#11956 = LINE('',#11957,#11958);
#11957 = CARTESIAN_POINT('',(0.,1.));
#11958 = VECTOR('',#11959,1.);
#11959 = DIRECTION('',(1.,0.));
#11960 = ( GEOMETRIC_REPRESENTATION_CONTEXT(2) 
PARAMETRIC_REPRESENTATION_CONTEXT() REPRESENTATION_CONTEXT('2D SPACE',''
  ) );
#11961 = ORIENTED_EDGE('',*,*,#11962,.F.);
#11962 = EDGE_CURVE('',#11963,#11939,#11965,.T.);
#11963 = VERTEX_POINT('',#11964);
#11964 = CARTESIAN_POINT('',(3.669596986966,12.515303378708,65.9));
#11965 = SURFACE_CURVE('',#11966,(#11971,#11978),.PCURVE_S1.);
#11966 = CIRCLE('',#11967,3.);
#11967 = AXIS2_PLACEMENT_3D('',#11968,#11969,#11970);
#11968 = CARTESIAN_POINT('',(6.615024443432,13.084914736299,65.9));
#11969 = DIRECTION('',(0.,1.110223024625E-16,-1.));
#11970 = DIRECTION('',(0.,1.,1.110223024625E-16));
#11971 = PCURVE('',#2769,#11972);
#11972 = DEFINITIONAL_REPRESENTATION('',(#11973),#11977);
#11973 = CIRCLE('',#11974,3.);
#11974 = AXIS2_PLACEMENT_2D('',#11975,#11976);
#11975 = CARTESIAN_POINT('',(-51.9150852637,-7.884975556568));
#11976 = DIRECTION('',(1.,0.));
#11977 = ( GEOMETRIC_REPRESENTATION_CONTEXT(2) 
PARAMETRIC_REPRESENTATION_CONTEXT() REPRESENTATION_CONTEXT('2D SPACE',''
  ) );
#11978 = PCURVE('',#9660,#11979);
#11979 = DEFINITIONAL_REPRESENTATION('',(#11980),#11984);
#11980 = LINE('',#11981,#11982);
#11981 = CARTESIAN_POINT('',(0.,1.));
#11982 = VECTOR('',#11983,1.);
#11983 = DIRECTION('',(1.,0.));
#11984 = ( GEOMETRIC_REPRESENTATION_CONTEXT(2) 
PARAMETRIC_REPRESENTATION_CONTEXT() REPRESENTATION_CONTEXT('2D SPACE',''
  ) );
#11985 = ORIENTED_EDGE('',*,*,#11986,.F.);
#11986 = EDGE_CURVE('',#11987,#11963,#11989,.T.);
#11987 = VERTEX_POINT('',#11988);
#11988 = CARTESIAN_POINT('',(3.730048703522,12.093675300149,65.9));
#11989 = SURFACE_CURVE('',#11990,(#11995,#12002),.PCURVE_S1.);
#11990 = CIRCLE('',#11991,3.);
#11991 = AXIS2_PLACEMENT_3D('',#11992,#11993,#11994);
#11992 = CARTESIAN_POINT('',(6.661962572123,12.729191678464,65.9));
#11993 = DIRECTION('',(0.,1.110223024625E-16,-1.));
#11994 = DIRECTION('',(0.,1.,1.110223024625E-16));
#11995 = PCURVE('',#2769,#11996);
#11996 = DEFINITIONAL_REPRESENTATION('',(#11997),#12001);
#11997 = CIRCLE('',#11998,3.);
#11998 = AXIS2_PLACEMENT_2D('',#11999,#12000);
#11999 = CARTESIAN_POINT('',(-52.27080832153,-7.838037427877));
#12000 = DIRECTION('',(1.,0.));
#12001 = ( GEOMETRIC_REPRESENTATION_CONTEXT(2) 
PARAMETRIC_REPRESENTATION_CONTEXT() REPRESENTATION_CONTEXT('2D SPACE',''
  ) );
#12002 = PCURVE('',#9689,#12003);
#12003 = DEFINITIONAL_REPRESENTATION('',(#12004),#12008);
#12004 = LINE('',#12005,#12006);
#12005 = CARTESIAN_POINT('',(0.,1.));
#12006 = VECTOR('',#12007,1.);
#12007 = DIRECTION('',(1.,0.));
#12008 = ( GEOMETRIC_REPRESENTATION_CONTEXT(2) 
PARAMETRIC_REPRESENTATION_CONTEXT() REPRESENTATION_CONTEXT('2D SPACE',''
  ) );
#12009 = ORIENTED_EDGE('',*,*,#12010,.F.);
#12010 = EDGE_CURVE('',#12011,#11987,#12013,.T.);
#12011 = VERTEX_POINT('',#12012);
#12012 = CARTESIAN_POINT('',(3.799939805253,11.673508808673,65.9));
#12013 = SURFACE_CURVE('',#12014,(#12019,#12026),.PCURVE_S1.);
#12014 = CIRCLE('',#12015,3.);
#12015 = AXIS2_PLACEMENT_3D('',#12016,#12017,#12018);
#12016 = CARTESIAN_POINT('',(6.716865630149,12.374610607312,65.9));
#12017 = DIRECTION('',(0.,1.110223024625E-16,-1.));
#12018 = DIRECTION('',(0.,1.,1.110223024625E-16));
#12019 = PCURVE('',#2769,#12020);
#12020 = DEFINITIONAL_REPRESENTATION('',(#12021),#12025);
#12021 = CIRCLE('',#12022,3.);
#12022 = AXIS2_PLACEMENT_2D('',#12023,#12024);
#12023 = CARTESIAN_POINT('',(-52.62538939268,-7.783134369851));
#12024 = DIRECTION('',(1.,0.));
#12025 = ( GEOMETRIC_REPRESENTATION_CONTEXT(2) 
PARAMETRIC_REPRESENTATION_CONTEXT() REPRESENTATION_CONTEXT('2D SPACE',''
  ) );
#12026 = PCURVE('',#9718,#12027);
#12027 = DEFINITIONAL_REPRESENTATION('',(#12028),#12032);
#12028 = LINE('',#12029,#12030);
#12029 = CARTESIAN_POINT('',(0.,1.));
#12030 = VECTOR('',#12031,1.);
#12031 = DIRECTION('',(1.,0.));
#12032 = ( GEOMETRIC_REPRESENTATION_CONTEXT(2) 
PARAMETRIC_REPRESENTATION_CONTEXT() REPRESENTATION_CONTEXT('2D SPACE',''
  ) );
#12033 = ORIENTED_EDGE('',*,*,#12034,.F.);
#12034 = EDGE_CURVE('',#12035,#12011,#12037,.T.);
#12035 = VERTEX_POINT('',#12036);
#12036 = CARTESIAN_POINT('',(3.879235144013,11.255015205484,65.9));
#12037 = SURFACE_CURVE('',#12038,(#12043,#12050),.PCURVE_S1.);
#12038 = CIRCLE('',#12039,3.);
#12039 = AXIS2_PLACEMENT_3D('',#12040,#12041,#12042);
#12040 = CARTESIAN_POINT('',(6.779706006833,12.021349841222,65.9));
#12041 = DIRECTION('',(0.,1.110223024625E-16,-1.));
#12042 = DIRECTION('',(0.,1.,1.110223024625E-16));
#12043 = PCURVE('',#2769,#12044);
#12044 = DEFINITIONAL_REPRESENTATION('',(#12045),#12049);
#12045 = CIRCLE('',#12046,3.);
#12046 = AXIS2_PLACEMENT_2D('',#12047,#12048);
#12047 = CARTESIAN_POINT('',(-52.97865015877,-7.720293993167));
#12048 = DIRECTION('',(1.,0.));
#12049 = ( GEOMETRIC_REPRESENTATION_CONTEXT(2) 
PARAMETRIC_REPRESENTATION_CONTEXT() REPRESENTATION_CONTEXT('2D SPACE',''
  ) );
#12050 = PCURVE('',#9747,#12051);
#12051 = DEFINITIONAL_REPRESENTATION('',(#12052),#12056);
#12052 = LINE('',#12053,#12054);
#12053 = CARTESIAN_POINT('',(0.,1.));
#12054 = VECTOR('',#12055,1.);
#12055 = DIRECTION('',(1.,0.));
#12056 = ( GEOMETRIC_REPRESENTATION_CONTEXT(2) 
PARAMETRIC_REPRESENTATION_CONTEXT() REPRESENTATION_CONTEXT('2D SPACE',''
  ) );
#12057 = ORIENTED_EDGE('',*,*,#12058,.F.);
#12058 = EDGE_CURVE('',#12059,#12035,#12061,.T.);
#12059 = VERTEX_POINT('',#12060);
#12060 = CARTESIAN_POINT('',(3.967894842274,10.83840495049,65.9));
#12061 = SURFACE_CURVE('',#12062,(#12067,#12074),.PCURVE_S1.);
#12062 = CIRCLE('',#12063,3.);
#12063 = AXIS2_PLACEMENT_3D('',#12064,#12065,#12066);
#12064 = CARTESIAN_POINT('',(6.850452099825,11.669587034595,65.9));
#12065 = DIRECTION('',(0.,1.110223024625E-16,-1.));
#12066 = DIRECTION('',(0.,1.,1.110223024625E-16));
#12067 = PCURVE('',#2769,#12068);
#12068 = DEFINITIONAL_REPRESENTATION('',(#12069),#12073);
#12069 = CIRCLE('',#12070,3.);
#12070 = AXIS2_PLACEMENT_2D('',#12071,#12072);
#12071 = CARTESIAN_POINT('',(-53.3304129654,-7.649547900175));
#12072 = DIRECTION('',(1.,0.));
#12073 = ( GEOMETRIC_REPRESENTATION_CONTEXT(2) 
PARAMETRIC_REPRESENTATION_CONTEXT() REPRESENTATION_CONTEXT('2D SPACE',''
  ) );
#12074 = PCURVE('',#9776,#12075);
#12075 = DEFINITIONAL_REPRESENTATION('',(#12076),#12080);
#12076 = LINE('',#12077,#12078);
#12077 = CARTESIAN_POINT('',(0.,1.));
#12078 = VECTOR('',#12079,1.);
#12079 = DIRECTION('',(1.,0.));
#12080 = ( GEOMETRIC_REPRESENTATION_CONTEXT(2) 
PARAMETRIC_REPRESENTATION_CONTEXT() REPRESENTATION_CONTEXT('2D SPACE',''
  ) );
#12081 = ORIENTED_EDGE('',*,*,#12082,.F.);
#12082 = EDGE_CURVE('',#12083,#12059,#12085,.T.);
#12083 = VERTEX_POINT('',#12084);
#12084 = CARTESIAN_POINT('',(4.065874313184,10.423887556472,65.9));
#12085 = SURFACE_CURVE('',#12086,(#12091,#12098),.PCURVE_S1.);
#12086 = CIRCLE('',#12087,3.);
#12087 = AXIS2_PLACEMENT_3D('',#12088,#12089,#12090);
#12088 = CARTESIAN_POINT('',(6.929068331005,11.319499088509,65.9));
#12089 = DIRECTION('',(0.,1.110223024625E-16,-1.));
#12090 = DIRECTION('',(0.,1.,1.110223024625E-16));
#12091 = PCURVE('',#2769,#12092);
#12092 = DEFINITIONAL_REPRESENTATION('',(#12093),#12097);
#12093 = CIRCLE('',#12094,3.);
#12094 = AXIS2_PLACEMENT_2D('',#12095,#12096);
#12095 = CARTESIAN_POINT('',(-53.68050091149,-7.570931668995));
#12096 = DIRECTION('',(1.,0.));
#12097 = ( GEOMETRIC_REPRESENTATION_CONTEXT(2) 
PARAMETRIC_REPRESENTATION_CONTEXT() REPRESENTATION_CONTEXT('2D SPACE',''
  ) );
#12098 = PCURVE('',#9805,#12099);
#12099 = DEFINITIONAL_REPRESENTATION('',(#12100),#12104);
#12100 = LINE('',#12101,#12102);
#12101 = CARTESIAN_POINT('',(0.,1.));
#12102 = VECTOR('',#12103,1.);
#12103 = DIRECTION('',(1.,0.));
#12104 = ( GEOMETRIC_REPRESENTATION_CONTEXT(2) 
PARAMETRIC_REPRESENTATION_CONTEXT() REPRESENTATION_CONTEXT('2D SPACE',''
  ) );
#12105 = ORIENTED_EDGE('',*,*,#12106,.F.);
#12106 = EDGE_CURVE('',#12107,#12083,#12109,.T.);
#12107 = VERTEX_POINT('',#12108);
#12108 = CARTESIAN_POINT('',(4.17312428299,10.011671483714,65.9));
#12109 = SURFACE_CURVE('',#12110,(#12115,#12122),.PCURVE_S1.);
#12110 = CIRCLE('',#12111,3.);
#12111 = AXIS2_PLACEMENT_3D('',#12112,#12113,#12114);
#12112 = CARTESIAN_POINT('',(7.015515164367,10.971262061756,65.9));
#12113 = DIRECTION('',(0.,1.110223024625E-16,-1.));
#12114 = DIRECTION('',(0.,1.,1.110223024625E-16));
#12115 = PCURVE('',#2769,#12116);
#12116 = DEFINITIONAL_REPRESENTATION('',(#12117),#12121);
#12117 = CIRCLE('',#12118,3.);
#12118 = AXIS2_PLACEMENT_2D('',#12119,#12120);
#12119 = CARTESIAN_POINT('',(-54.02873793824,-7.484484835633));
#12120 = DIRECTION('',(1.,0.));
#12121 = ( GEOMETRIC_REPRESENTATION_CONTEXT(2) 
PARAMETRIC_REPRESENTATION_CONTEXT() REPRESENTATION_CONTEXT('2D SPACE',''
  ) );
#12122 = PCURVE('',#9834,#12123);
#12123 = DEFINITIONAL_REPRESENTATION('',(#12124),#12128);
#12124 = LINE('',#12125,#12126);
#12125 = CARTESIAN_POINT('',(0.,1.));
#12126 = VECTOR('',#12127,1.);
#12127 = DIRECTION('',(1.,0.));
#12128 = ( GEOMETRIC_REPRESENTATION_CONTEXT(2) 
PARAMETRIC_REPRESENTATION_CONTEXT() REPRESENTATION_CONTEXT('2D SPACE',''
  ) );
#12129 = ORIENTED_EDGE('',*,*,#12130,.F.);
#12130 = EDGE_CURVE('',#12131,#12107,#12133,.T.);
#12131 = VERTEX_POINT('',#12132);
#12132 = CARTESIAN_POINT('',(4.289590815812,9.601964035174,65.9));
#12133 = SURFACE_CURVE('',#12134,(#12139,#12146),.PCURVE_S1.);
#12134 = CIRCLE('',#12135,3.);
#12135 = AXIS2_PLACEMENT_3D('',#12136,#12137,#12138);
#12136 = CARTESIAN_POINT('',(7.109749125906,10.625051082304,65.9));
#12137 = DIRECTION('',(0.,1.110223024625E-16,-1.));
#12138 = DIRECTION('',(0.,1.,1.110223024625E-16));
#12139 = PCURVE('',#2769,#12140);
#12140 = DEFINITIONAL_REPRESENTATION('',(#12141),#12145);
#12141 = CIRCLE('',#12142,3.);
#12142 = AXIS2_PLACEMENT_2D('',#12143,#12144);
#12143 = CARTESIAN_POINT('',(-54.37494891769,-7.390250874094));
#12144 = DIRECTION('',(1.,0.));
#12145 = ( GEOMETRIC_REPRESENTATION_CONTEXT(2) 
PARAMETRIC_REPRESENTATION_CONTEXT() REPRESENTATION_CONTEXT('2D SPACE',''
  ) );
#12146 = PCURVE('',#9863,#12147);
#12147 = DEFINITIONAL_REPRESENTATION('',(#12148),#12152);
#12148 = LINE('',#12149,#12150);
#12149 = CARTESIAN_POINT('',(0.,1.));
#12150 = VECTOR('',#12151,1.);
#12151 = DIRECTION('',(1.,0.));
#12152 = ( GEOMETRIC_REPRESENTATION_CONTEXT(2) 
PARAMETRIC_REPRESENTATION_CONTEXT() REPRESENTATION_CONTEXT('2D SPACE',''
  ) );
#12153 = ORIENTED_EDGE('',*,*,#12154,.F.);
#12154 = EDGE_CURVE('',#12155,#12131,#12157,.T.);
#12155 = VERTEX_POINT('',#12156);
#12156 = CARTESIAN_POINT('',(4.415215340779,9.194971252203,65.9));
#12157 = SURFACE_CURVE('',#12158,(#12163,#12170),.PCURVE_S1.);
#12158 = CIRCLE('',#12159,3.);
#12159 = AXIS2_PLACEMENT_3D('',#12160,#12161,#12162);
#12160 = CARTESIAN_POINT('',(7.21172282548,10.281040259226,65.9));
#12161 = DIRECTION('',(0.,1.110223024625E-16,-1.));
#12162 = DIRECTION('',(0.,1.,1.110223024625E-16));
#12163 = PCURVE('',#2769,#12164);
#12164 = DEFINITIONAL_REPRESENTATION('',(#12165),#12169);
#12165 = CIRCLE('',#12166,3.);
#12166 = AXIS2_PLACEMENT_2D('',#12167,#12168);
#12167 = CARTESIAN_POINT('',(-54.71895974077,-7.28827717452));
#12168 = DIRECTION('',(1.,0.));
#12169 = ( GEOMETRIC_REPRESENTATION_CONTEXT(2) 
PARAMETRIC_REPRESENTATION_CONTEXT() REPRESENTATION_CONTEXT('2D SPACE',''
  ) );
#12170 = PCURVE('',#9892,#12171);
#12171 = DEFINITIONAL_REPRESENTATION('',(#12172),#12176);
#12172 = LINE('',#12173,#12174);
#12173 = CARTESIAN_POINT('',(0.,1.));
#12174 = VECTOR('',#12175,1.);
#12175 = DIRECTION('',(1.,0.));
#12176 = ( GEOMETRIC_REPRESENTATION_CONTEXT(2) 
PARAMETRIC_REPRESENTATION_CONTEXT() REPRESENTATION_CONTEXT('2D SPACE',''
  ) );
#12177 = ORIENTED_EDGE('',*,*,#12178,.F.);
#12178 = EDGE_CURVE('',#12179,#12155,#12181,.T.);
#12179 = VERTEX_POINT('',#12180);
#12180 = CARTESIAN_POINT('',(4.549934681472,8.79089781098,65.9));
#12181 = SURFACE_CURVE('',#12182,(#12187,#12194),.PCURVE_S1.);
#12182 = CIRCLE('',#12183,3.);
#12183 = AXIS2_PLACEMENT_3D('',#12184,#12185,#12186);
#12184 = CARTESIAN_POINT('',(7.321384980642,9.939402595135,65.9));
#12185 = DIRECTION('',(0.,1.110223024625E-16,-1.));
#12186 = DIRECTION('',(0.,1.,1.110223024625E-16));
#12187 = PCURVE('',#2769,#12188);
#12188 = DEFINITIONAL_REPRESENTATION('',(#12189),#12193);
#12189 = CIRCLE('',#12190,3.);
#12190 = AXIS2_PLACEMENT_2D('',#12191,#12192);
#12191 = CARTESIAN_POINT('',(-55.06059740486,-7.178615019358));
#12192 = DIRECTION('',(1.,0.));
#12193 = ( GEOMETRIC_REPRESENTATION_CONTEXT(2) 
PARAMETRIC_REPRESENTATION_CONTEXT() REPRESENTATION_CONTEXT('2D SPACE',''
  ) );
#12194 = PCURVE('',#9921,#12195);
#12195 = DEFINITIONAL_REPRESENTATION('',(#12196),#12200);
#12196 = LINE('',#12197,#12198);
#12197 = CARTESIAN_POINT('',(0.,1.));
#12198 = VECTOR('',#12199,1.);
#12199 = DIRECTION('',(1.,0.));
#12200 = ( GEOMETRIC_REPRESENTATION_CONTEXT(2) 
PARAMETRIC_REPRESENTATION_CONTEXT() REPRESENTATION_CONTEXT('2D SPACE',''
  ) );
#12201 = ORIENTED_EDGE('',*,*,#12202,.F.);
#12202 = EDGE_CURVE('',#12203,#12179,#12205,.T.);
#12203 = VERTEX_POINT('',#12204);
#12204 = CARTESIAN_POINT('',(4.693681087704,8.389946919522,65.9));
#12205 = SURFACE_CURVE('',#12206,(#12211,#12218),.PCURVE_S1.);
#12206 = CIRCLE('',#12207,3.);
#12207 = AXIS2_PLACEMENT_3D('',#12208,#12209,#12210);
#12208 = CARTESIAN_POINT('',(7.438680442431,9.600309899189,65.9));
#12209 = DIRECTION('',(0.,1.110223024625E-16,-1.));
#12210 = DIRECTION('',(0.,1.,1.110223024625E-16));
#12211 = PCURVE('',#2769,#12212);
#12212 = DEFINITIONAL_REPRESENTATION('',(#12213),#12217);
#12213 = CIRCLE('',#12214,3.);
#12214 = AXIS2_PLACEMENT_2D('',#12215,#12216);
#12215 = CARTESIAN_POINT('',(-55.39969010081,-7.061319557569));
#12216 = DIRECTION('',(1.,0.));
#12217 = ( GEOMETRIC_REPRESENTATION_CONTEXT(2) 
PARAMETRIC_REPRESENTATION_CONTEXT() REPRESENTATION_CONTEXT('2D SPACE',''
  ) );
#12218 = PCURVE('',#9950,#12219);
#12219 = DEFINITIONAL_REPRESENTATION('',(#12220),#12224);
#12220 = LINE('',#12221,#12222);
#12221 = CARTESIAN_POINT('',(0.,1.));
#12222 = VECTOR('',#12223,1.);
#12223 = DIRECTION('',(1.,0.));
#12224 = ( GEOMETRIC_REPRESENTATION_CONTEXT(2) 
PARAMETRIC_REPRESENTATION_CONTEXT() REPRESENTATION_CONTEXT('2D SPACE',''
  ) );
#12225 = ORIENTED_EDGE('',*,*,#12226,.F.);
#12226 = EDGE_CURVE('',#12227,#12203,#12229,.T.);
#12227 = VERTEX_POINT('',#12228);
#12228 = CARTESIAN_POINT('',(4.846382269582,7.992320215549,65.9));
#12229 = SURFACE_CURVE('',#12230,(#12235,#12242),.PCURVE_S1.);
#12230 = CIRCLE('',#12231,3.);
#12231 = AXIS2_PLACEMENT_3D('',#12232,#12233,#12234);
#12232 = CARTESIAN_POINT('',(7.563550223105,9.263932700684,65.9));
#12233 = DIRECTION('',(0.,1.110223024625E-16,-1.));
#12234 = DIRECTION('',(0.,1.,1.110223024625E-16));
#12235 = PCURVE('',#2769,#12236);
#12236 = DEFINITIONAL_REPRESENTATION('',(#12237),#12241);
#12237 = CIRCLE('',#12238,3.);
#12238 = AXIS2_PLACEMENT_2D('',#12239,#12240);
#12239 = CARTESIAN_POINT('',(-55.73606729931,-6.936449776895));
#12240 = DIRECTION('',(1.,0.));
#12241 = ( GEOMETRIC_REPRESENTATION_CONTEXT(2) 
PARAMETRIC_REPRESENTATION_CONTEXT() REPRESENTATION_CONTEXT('2D SPACE',''
  ) );
#12242 = PCURVE('',#9979,#12243);
#12243 = DEFINITIONAL_REPRESENTATION('',(#12244),#12248);
#12244 = LINE('',#12245,#12246);
#12245 = CARTESIAN_POINT('',(0.,1.));
#12246 = VECTOR('',#12247,1.);
#12247 = DIRECTION('',(1.,0.));
#12248 = ( GEOMETRIC_REPRESENTATION_CONTEXT(2) 
PARAMETRIC_REPRESENTATION_CONTEXT() REPRESENTATION_CONTEXT('2D SPACE',''
  ) );
#12249 = ORIENTED_EDGE('',*,*,#12250,.F.);
#12250 = EDGE_CURVE('',#12251,#12227,#12253,.T.);
#12251 = VERTEX_POINT('',#12252);
#12252 = CARTESIAN_POINT('',(5.007961433875,7.598217665025,65.9));
#12253 = SURFACE_CURVE('',#12254,(#12259,#12266),.PCURVE_S1.);
#12254 = CIRCLE('',#12255,3.);
#12255 = AXIS2_PLACEMENT_3D('',#12256,#12257,#12258);
#12256 = CARTESIAN_POINT('',(7.695931525806,8.930440163293,65.9));
#12257 = DIRECTION('',(0.,1.110223024625E-16,-1.));
#12258 = DIRECTION('',(0.,1.,1.110223024625E-16));
#12259 = PCURVE('',#2769,#12260);
#12260 = DEFINITIONAL_REPRESENTATION('',(#12261),#12265);
#12261 = CIRCLE('',#12262,3.);
#12262 = AXIS2_PLACEMENT_2D('',#12263,#12264);
#12263 = CARTESIAN_POINT('',(-56.0695598367,-6.804068474194));
#12264 = DIRECTION('',(1.,0.));
#12265 = ( GEOMETRIC_REPRESENTATION_CONTEXT(2) 
PARAMETRIC_REPRESENTATION_CONTEXT() REPRESENTATION_CONTEXT('2D SPACE',''
  ) );
#12266 = PCURVE('',#10008,#12267);
#12267 = DEFINITIONAL_REPRESENTATION('',(#12268),#12272);
#12268 = LINE('',#12269,#12270);
#12269 = CARTESIAN_POINT('',(0.,1.));
#12270 = VECTOR('',#12271,1.);
#12271 = DIRECTION('',(1.,0.));
#12272 = ( GEOMETRIC_REPRESENTATION_CONTEXT(2) 
PARAMETRIC_REPRESENTATION_CONTEXT() REPRESENTATION_CONTEXT('2D SPACE',''
  ) );
#12273 = ORIENTED_EDGE('',*,*,#12274,.F.);
#12274 = EDGE_CURVE('',#10379,#12251,#12275,.T.);
#12275 = SURFACE_CURVE('',#12276,(#12281,#12288),.PCURVE_S1.);
#12276 = CIRCLE('',#12277,3.);
#12277 = AXIS2_PLACEMENT_3D('',#12278,#12279,#12280);
#12278 = CARTESIAN_POINT('',(7.835757776141,8.6,65.9));
#12279 = DIRECTION('',(0.,1.110223024625E-16,-1.));
#12280 = DIRECTION('',(0.,1.,1.110223024625E-16));
#12281 = PCURVE('',#2769,#12282);
#12282 = DEFINITIONAL_REPRESENTATION('',(#12283),#12287);
#12283 = CIRCLE('',#12284,3.);
#12284 = AXIS2_PLACEMENT_2D('',#12285,#12286);
#12285 = CARTESIAN_POINT('',(-56.4,-6.664242223859));
#12286 = DIRECTION('',(1.,0.));
#12287 = ( GEOMETRIC_REPRESENTATION_CONTEXT(2) 
PARAMETRIC_REPRESENTATION_CONTEXT() REPRESENTATION_CONTEXT('2D SPACE',''
  ) );
#12288 = PCURVE('',#10035,#12289);
#12289 = DEFINITIONAL_REPRESENTATION('',(#12290),#12294);
#12290 = LINE('',#12291,#12292);
#12291 = CARTESIAN_POINT('',(0.,1.));
#12292 = VECTOR('',#12293,1.);
#12293 = DIRECTION('',(1.,0.));
#12294 = ( GEOMETRIC_REPRESENTATION_CONTEXT(2) 
PARAMETRIC_REPRESENTATION_CONTEXT() REPRESENTATION_CONTEXT('2D SPACE',''
  ) );
#12295 = ADVANCED_FACE('',(#12296),#2695,.T.);
#12296 = FACE_BOUND('',#12297,.T.);
#12297 = EDGE_LOOP('',(#12298,#12299,#12300,#12301));
#12298 = ORIENTED_EDGE('',*,*,#3052,.F.);
#12299 = ORIENTED_EDGE('',*,*,#2980,.T.);
#12300 = ORIENTED_EDGE('',*,*,#2679,.T.);
#12301 = ORIENTED_EDGE('',*,*,#7104,.T.);
#12302 = ADVANCED_FACE('',(#12303),#3314,.T.);
#12303 = FACE_BOUND('',#12304,.T.);
#12304 = EDGE_LOOP('',(#12305,#12336,#12357,#12358,#12359,#12382,#12410)
  );
#12305 = ORIENTED_EDGE('',*,*,#12306,.T.);
#12306 = EDGE_CURVE('',#12307,#12309,#12311,.T.);
#12307 = VERTEX_POINT('',#12308);
#12308 = CARTESIAN_POINT('',(4.5,9.,40.4));
#12309 = VERTEX_POINT('',#12310);
#12310 = CARTESIAN_POINT('',(4.726499018874,9.160251471689,40.4));
#12311 = SURFACE_CURVE('',#12312,(#12317,#12324),.PCURVE_S1.);
#12312 = CIRCLE('',#12313,5.);
#12313 = AXIS2_PLACEMENT_3D('',#12314,#12315,#12316);
#12314 = CARTESIAN_POINT('',(7.5,5.,40.4));
#12315 = DIRECTION('',(0.,1.110223024625E-16,-1.));
#12316 = DIRECTION('',(0.,1.,1.110223024625E-16));
#12317 = PCURVE('',#3314,#12318);
#12318 = DEFINITIONAL_REPRESENTATION('',(#12319),#12323);
#12319 = CIRCLE('',#12320,5.);
#12320 = AXIS2_PLACEMENT_2D('',#12321,#12322);
#12321 = CARTESIAN_POINT('',(-5.,-7.5));
#12322 = DIRECTION('',(1.,0.));
#12323 = ( GEOMETRIC_REPRESENTATION_CONTEXT(2) 
PARAMETRIC_REPRESENTATION_CONTEXT() REPRESENTATION_CONTEXT('2D SPACE',''
  ) );
#12324 = PCURVE('',#12325,#12330);
#12325 = CYLINDRICAL_SURFACE('',#12326,5.);
#12326 = AXIS2_PLACEMENT_3D('',#12327,#12328,#12329);
#12327 = CARTESIAN_POINT('',(7.5,5.,45.4));
#12328 = DIRECTION('',(0.,1.110223024625E-16,-1.));
#12329 = DIRECTION('',(0.,1.,1.110223024625E-16));
#12330 = DEFINITIONAL_REPRESENTATION('',(#12331),#12335);
#12331 = LINE('',#12332,#12333);
#12332 = CARTESIAN_POINT('',(0.,5.));
#12333 = VECTOR('',#12334,1.);
#12334 = DIRECTION('',(1.,0.));
#12335 = ( GEOMETRIC_REPRESENTATION_CONTEXT(2) 
PARAMETRIC_REPRESENTATION_CONTEXT() REPRESENTATION_CONTEXT('2D SPACE',''
  ) );
#12336 = ORIENTED_EDGE('',*,*,#12337,.T.);
#12337 = EDGE_CURVE('',#12309,#3271,#12338,.T.);
#12338 = SURFACE_CURVE('',#12339,(#12343,#12350),.PCURVE_S1.);
#12339 = LINE('',#12340,#12341);
#12340 = CARTESIAN_POINT('',(4.726499018874,9.160251471689,40.4));
#12341 = VECTOR('',#12342,1.);
#12342 = DIRECTION('',(0.832050294338,0.554700196225,6.158409296133E-17)
  );
#12343 = PCURVE('',#3314,#12344);
#12344 = DEFINITIONAL_REPRESENTATION('',(#12345),#12349);
#12345 = LINE('',#12346,#12347);
#12346 = CARTESIAN_POINT('',(-0.839748528311,-10.27350098112));
#12347 = VECTOR('',#12348,1.);
#12348 = DIRECTION('',(0.554700196225,0.832050294338));
#12349 = ( GEOMETRIC_REPRESENTATION_CONTEXT(2) 
PARAMETRIC_REPRESENTATION_CONTEXT() REPRESENTATION_CONTEXT('2D SPACE',''
  ) );
#12350 = PCURVE('',#3286,#12351);
#12351 = DEFINITIONAL_REPRESENTATION('',(#12352),#12356);
#12352 = LINE('',#12353,#12354);
#12353 = CARTESIAN_POINT('',(-1.539602324033E-16,2.5));
#12354 = VECTOR('',#12355,1.);
#12355 = DIRECTION('',(1.,0.));
#12356 = ( GEOMETRIC_REPRESENTATION_CONTEXT(2) 
PARAMETRIC_REPRESENTATION_CONTEXT() REPRESENTATION_CONTEXT('2D SPACE',''
  ) );
#12357 = ORIENTED_EDGE('',*,*,#3298,.T.);
#12358 = ORIENTED_EDGE('',*,*,#7296,.F.);
#12359 = ORIENTED_EDGE('',*,*,#12360,.T.);
#12360 = EDGE_CURVE('',#7269,#12361,#12363,.T.);
#12361 = VERTEX_POINT('',#12362);
#12362 = CARTESIAN_POINT('',(15.,3.990747874227,40.4));
#12363 = SURFACE_CURVE('',#12364,(#12368,#12375),.PCURVE_S1.);
#12364 = LINE('',#12365,#12366);
#12365 = CARTESIAN_POINT('',(25.273500981126,10.839748528311,40.4));
#12366 = VECTOR('',#12367,1.);
#12367 = DIRECTION('',(-0.832050294338,-0.554700196225,
    -6.158409296133E-17));
#12368 = PCURVE('',#3314,#12369);
#12369 = DEFINITIONAL_REPRESENTATION('',(#12370),#12374);
#12370 = LINE('',#12371,#12372);
#12371 = CARTESIAN_POINT('',(0.839748528311,10.273500981126));
#12372 = VECTOR('',#12373,1.);
#12373 = DIRECTION('',(-0.554700196225,-0.832050294338));
#12374 = ( GEOMETRIC_REPRESENTATION_CONTEXT(2) 
PARAMETRIC_REPRESENTATION_CONTEXT() REPRESENTATION_CONTEXT('2D SPACE',''
  ) );
#12375 = PCURVE('',#7284,#12376);
#12376 = DEFINITIONAL_REPRESENTATION('',(#12377),#12381);
#12377 = LINE('',#12378,#12379);
#12378 = CARTESIAN_POINT('',(1.539602324033E-16,2.5));
#12379 = VECTOR('',#12380,1.);
#12380 = DIRECTION('',(1.,0.));
#12381 = ( GEOMETRIC_REPRESENTATION_CONTEXT(2) 
PARAMETRIC_REPRESENTATION_CONTEXT() REPRESENTATION_CONTEXT('2D SPACE',''
  ) );
#12382 = ORIENTED_EDGE('',*,*,#12383,.F.);
#12383 = EDGE_CURVE('',#12384,#12361,#12386,.T.);
#12384 = VERTEX_POINT('',#12385);
#12385 = CARTESIAN_POINT('',(15.,9.,40.4));
#12386 = SURFACE_CURVE('',#12387,(#12391,#12398),.PCURVE_S1.);
#12387 = LINE('',#12388,#12389);
#12388 = CARTESIAN_POINT('',(15.,5.5,40.4));
#12389 = VECTOR('',#12390,1.);
#12390 = DIRECTION('',(0.,-1.,-1.110223024625E-16));
#12391 = PCURVE('',#3314,#12392);
#12392 = DEFINITIONAL_REPRESENTATION('',(#12393),#12397);
#12393 = LINE('',#12394,#12395);
#12394 = CARTESIAN_POINT('',(-4.5,1.42108547152E-14));
#12395 = VECTOR('',#12396,1.);
#12396 = DIRECTION('',(-1.,0.));
#12397 = ( GEOMETRIC_REPRESENTATION_CONTEXT(2) 
PARAMETRIC_REPRESENTATION_CONTEXT() REPRESENTATION_CONTEXT('2D SPACE',''
  ) );
#12398 = PCURVE('',#12399,#12404);
#12399 = PLANE('',#12400);
#12400 = AXIS2_PLACEMENT_3D('',#12401,#12402,#12403);
#12401 = CARTESIAN_POINT('',(15.,1.,47.9));
#12402 = DIRECTION('',(1.,0.,0.));
#12403 = DIRECTION('',(0.,1.,1.110223024625E-16));
#12404 = DEFINITIONAL_REPRESENTATION('',(#12405),#12409);
#12405 = LINE('',#12406,#12407);
#12406 = CARTESIAN_POINT('',(4.5,-7.5));
#12407 = VECTOR('',#12408,1.);
#12408 = DIRECTION('',(-1.,0.));
#12409 = ( GEOMETRIC_REPRESENTATION_CONTEXT(2) 
PARAMETRIC_REPRESENTATION_CONTEXT() REPRESENTATION_CONTEXT('2D SPACE',''
  ) );
#12410 = ORIENTED_EDGE('',*,*,#12411,.F.);
#12411 = EDGE_CURVE('',#12307,#12384,#12412,.T.);
#12412 = SURFACE_CURVE('',#12413,(#12417,#12424),.PCURVE_S1.);
#12413 = LINE('',#12414,#12415);
#12414 = CARTESIAN_POINT('',(7.5,9.,40.4));
#12415 = VECTOR('',#12416,1.);
#12416 = DIRECTION('',(1.,0.,0.));
#12417 = PCURVE('',#3314,#12418);
#12418 = DEFINITIONAL_REPRESENTATION('',(#12419),#12423);
#12419 = LINE('',#12420,#12421);
#12420 = CARTESIAN_POINT('',(-1.,-7.5));
#12421 = VECTOR('',#12422,1.);
#12422 = DIRECTION('',(0.,1.));
#12423 = ( GEOMETRIC_REPRESENTATION_CONTEXT(2) 
PARAMETRIC_REPRESENTATION_CONTEXT() REPRESENTATION_CONTEXT('2D SPACE',''
  ) );
#12424 = PCURVE('',#12425,#12430);
#12425 = PLANE('',#12426);
#12426 = AXIS2_PLACEMENT_3D('',#12427,#12428,#12429);
#12427 = CARTESIAN_POINT('',(0.,9.,47.9));
#12428 = DIRECTION('',(0.,1.,1.110223024625E-16));
#12429 = DIRECTION('',(1.,0.,0.));
#12430 = DEFINITIONAL_REPRESENTATION('',(#12431),#12435);
#12431 = LINE('',#12432,#12433);
#12432 = CARTESIAN_POINT('',(7.5,7.5));
#12433 = VECTOR('',#12434,1.);
#12434 = DIRECTION('',(1.,0.));
#12435 = ( GEOMETRIC_REPRESENTATION_CONTEXT(2) 
PARAMETRIC_REPRESENTATION_CONTEXT() REPRESENTATION_CONTEXT('2D SPACE',''
  ) );
#12436 = ADVANCED_FACE('',(#12437),#3286,.T.);
#12437 = FACE_BOUND('',#12438,.T.);
#12438 = EDGE_LOOP('',(#12439,#12462,#12483,#12484));
#12439 = ORIENTED_EDGE('',*,*,#12440,.F.);
#12440 = EDGE_CURVE('',#12441,#12309,#12443,.T.);
#12441 = VERTEX_POINT('',#12442);
#12442 = CARTESIAN_POINT('',(4.726499018874,9.160251471689,45.4));
#12443 = SURFACE_CURVE('',#12444,(#12448,#12455),.PCURVE_S1.);
#12444 = LINE('',#12445,#12446);
#12445 = CARTESIAN_POINT('',(4.726499018874,9.160251471689,45.4));
#12446 = VECTOR('',#12447,1.);
#12447 = DIRECTION('',(0.,1.110223024625E-16,-1.));
#12448 = PCURVE('',#3286,#12449);
#12449 = DEFINITIONAL_REPRESENTATION('',(#12450),#12454);
#12450 = LINE('',#12451,#12452);
#12451 = CARTESIAN_POINT('',(1.539602324033E-16,-2.5));
#12452 = VECTOR('',#12453,1.);
#12453 = DIRECTION('',(0.,1.));
#12454 = ( GEOMETRIC_REPRESENTATION_CONTEXT(2) 
PARAMETRIC_REPRESENTATION_CONTEXT() REPRESENTATION_CONTEXT('2D SPACE',''
  ) );
#12455 = PCURVE('',#12325,#12456);
#12456 = DEFINITIONAL_REPRESENTATION('',(#12457),#12461);
#12457 = LINE('',#12458,#12459);
#12458 = CARTESIAN_POINT('',(5.695182703632,0.));
#12459 = VECTOR('',#12460,1.);
#12460 = DIRECTION('',(0.,1.));
#12461 = ( GEOMETRIC_REPRESENTATION_CONTEXT(2) 
PARAMETRIC_REPRESENTATION_CONTEXT() REPRESENTATION_CONTEXT('2D SPACE',''
  ) );
#12462 = ORIENTED_EDGE('',*,*,#12463,.T.);
#12463 = EDGE_CURVE('',#12441,#3243,#12464,.T.);
#12464 = SURFACE_CURVE('',#12465,(#12469,#12476),.PCURVE_S1.);
#12465 = LINE('',#12466,#12467);
#12466 = CARTESIAN_POINT('',(4.726499018874,9.160251471689,45.4));
#12467 = VECTOR('',#12468,1.);
#12468 = DIRECTION('',(0.832050294338,0.554700196225,6.158409296133E-17)
  );
#12469 = PCURVE('',#3286,#12470);
#12470 = DEFINITIONAL_REPRESENTATION('',(#12471),#12475);
#12471 = LINE('',#12472,#12473);
#12472 = CARTESIAN_POINT('',(1.539602324033E-16,-2.5));
#12473 = VECTOR('',#12474,1.);
#12474 = DIRECTION('',(1.,0.));
#12475 = ( GEOMETRIC_REPRESENTATION_CONTEXT(2) 
PARAMETRIC_REPRESENTATION_CONTEXT() REPRESENTATION_CONTEXT('2D SPACE',''
  ) );
#12476 = PCURVE('',#3258,#12477);
#12477 = DEFINITIONAL_REPRESENTATION('',(#12478),#12482);
#12478 = LINE('',#12479,#12480);
#12479 = CARTESIAN_POINT('',(-0.839748528311,-10.27350098112));
#12480 = VECTOR('',#12481,1.);
#12481 = DIRECTION('',(0.554700196225,0.832050294338));
#12482 = ( GEOMETRIC_REPRESENTATION_CONTEXT(2) 
PARAMETRIC_REPRESENTATION_CONTEXT() REPRESENTATION_CONTEXT('2D SPACE',''
  ) );
#12483 = ORIENTED_EDGE('',*,*,#3270,.T.);
#12484 = ORIENTED_EDGE('',*,*,#12337,.F.);
#12485 = ADVANCED_FACE('',(#12486),#3258,.F.);
#12486 = FACE_BOUND('',#12487,.F.);
#12487 = EDGE_LOOP('',(#12488,#12512,#12513,#12514,#12515,#12538,#12561)
  );
#12488 = ORIENTED_EDGE('',*,*,#12489,.T.);
#12489 = EDGE_CURVE('',#12490,#12441,#12492,.T.);
#12490 = VERTEX_POINT('',#12491);
#12491 = CARTESIAN_POINT('',(4.5,9.,45.4));
#12492 = SURFACE_CURVE('',#12493,(#12498,#12505),.PCURVE_S1.);
#12493 = CIRCLE('',#12494,5.);
#12494 = AXIS2_PLACEMENT_3D('',#12495,#12496,#12497);
#12495 = CARTESIAN_POINT('',(7.5,5.,45.4));
#12496 = DIRECTION('',(0.,1.110223024625E-16,-1.));
#12497 = DIRECTION('',(0.,1.,1.110223024625E-16));
#12498 = PCURVE('',#3258,#12499);
#12499 = DEFINITIONAL_REPRESENTATION('',(#12500),#12504);
#12500 = CIRCLE('',#12501,5.);
#12501 = AXIS2_PLACEMENT_2D('',#12502,#12503);
#12502 = CARTESIAN_POINT('',(-5.,-7.5));
#12503 = DIRECTION('',(1.,0.));
#12504 = ( GEOMETRIC_REPRESENTATION_CONTEXT(2) 
PARAMETRIC_REPRESENTATION_CONTEXT() REPRESENTATION_CONTEXT('2D SPACE',''
  ) );
#12505 = PCURVE('',#12325,#12506);
#12506 = DEFINITIONAL_REPRESENTATION('',(#12507),#12511);
#12507 = LINE('',#12508,#12509);
#12508 = CARTESIAN_POINT('',(0.,0.));
#12509 = VECTOR('',#12510,1.);
#12510 = DIRECTION('',(1.,0.));
#12511 = ( GEOMETRIC_REPRESENTATION_CONTEXT(2) 
PARAMETRIC_REPRESENTATION_CONTEXT() REPRESENTATION_CONTEXT('2D SPACE',''
  ) );
#12512 = ORIENTED_EDGE('',*,*,#12463,.T.);
#12513 = ORIENTED_EDGE('',*,*,#3242,.T.);
#12514 = ORIENTED_EDGE('',*,*,#7244,.F.);
#12515 = ORIENTED_EDGE('',*,*,#12516,.T.);
#12516 = EDGE_CURVE('',#7245,#12517,#12519,.T.);
#12517 = VERTEX_POINT('',#12518);
#12518 = CARTESIAN_POINT('',(15.,3.990747874227,45.4));
#12519 = SURFACE_CURVE('',#12520,(#12524,#12531),.PCURVE_S1.);
#12520 = LINE('',#12521,#12522);
#12521 = CARTESIAN_POINT('',(25.273500981126,10.839748528311,45.4));
#12522 = VECTOR('',#12523,1.);
#12523 = DIRECTION('',(-0.832050294338,-0.554700196225,
    -6.158409296133E-17));
#12524 = PCURVE('',#3258,#12525);
#12525 = DEFINITIONAL_REPRESENTATION('',(#12526),#12530);
#12526 = LINE('',#12527,#12528);
#12527 = CARTESIAN_POINT('',(0.839748528311,10.273500981126));
#12528 = VECTOR('',#12529,1.);
#12529 = DIRECTION('',(-0.554700196225,-0.832050294338));
#12530 = ( GEOMETRIC_REPRESENTATION_CONTEXT(2) 
PARAMETRIC_REPRESENTATION_CONTEXT() REPRESENTATION_CONTEXT('2D SPACE',''
  ) );
#12531 = PCURVE('',#7284,#12532);
#12532 = DEFINITIONAL_REPRESENTATION('',(#12533),#12537);
#12533 = LINE('',#12534,#12535);
#12534 = CARTESIAN_POINT('',(-1.539602324033E-16,-2.5));
#12535 = VECTOR('',#12536,1.);
#12536 = DIRECTION('',(1.,0.));
#12537 = ( GEOMETRIC_REPRESENTATION_CONTEXT(2) 
PARAMETRIC_REPRESENTATION_CONTEXT() REPRESENTATION_CONTEXT('2D SPACE',''
  ) );
#12538 = ORIENTED_EDGE('',*,*,#12539,.F.);
#12539 = EDGE_CURVE('',#12540,#12517,#12542,.T.);
#12540 = VERTEX_POINT('',#12541);
#12541 = CARTESIAN_POINT('',(15.,9.,45.4));
#12542 = SURFACE_CURVE('',#12543,(#12547,#12554),.PCURVE_S1.);
#12543 = LINE('',#12544,#12545);
#12544 = CARTESIAN_POINT('',(15.,5.5,45.4));
#12545 = VECTOR('',#12546,1.);
#12546 = DIRECTION('',(0.,-1.,-1.110223024625E-16));
#12547 = PCURVE('',#3258,#12548);
#12548 = DEFINITIONAL_REPRESENTATION('',(#12549),#12553);
#12549 = LINE('',#12550,#12551);
#12550 = CARTESIAN_POINT('',(-4.5,1.42108547152E-14));
#12551 = VECTOR('',#12552,1.);
#12552 = DIRECTION('',(-1.,0.));
#12553 = ( GEOMETRIC_REPRESENTATION_CONTEXT(2) 
PARAMETRIC_REPRESENTATION_CONTEXT() REPRESENTATION_CONTEXT('2D SPACE',''
  ) );
#12554 = PCURVE('',#12399,#12555);
#12555 = DEFINITIONAL_REPRESENTATION('',(#12556),#12560);
#12556 = LINE('',#12557,#12558);
#12557 = CARTESIAN_POINT('',(4.5,-2.5));
#12558 = VECTOR('',#12559,1.);
#12559 = DIRECTION('',(-1.,0.));
#12560 = ( GEOMETRIC_REPRESENTATION_CONTEXT(2) 
PARAMETRIC_REPRESENTATION_CONTEXT() REPRESENTATION_CONTEXT('2D SPACE',''
  ) );
#12561 = ORIENTED_EDGE('',*,*,#12562,.F.);
#12562 = EDGE_CURVE('',#12490,#12540,#12563,.T.);
#12563 = SURFACE_CURVE('',#12564,(#12568,#12575),.PCURVE_S1.);
#12564 = LINE('',#12565,#12566);
#12565 = CARTESIAN_POINT('',(7.5,9.,45.4));
#12566 = VECTOR('',#12567,1.);
#12567 = DIRECTION('',(1.,0.,0.));
#12568 = PCURVE('',#3258,#12569);
#12569 = DEFINITIONAL_REPRESENTATION('',(#12570),#12574);
#12570 = LINE('',#12571,#12572);
#12571 = CARTESIAN_POINT('',(-1.,-7.5));
#12572 = VECTOR('',#12573,1.);
#12573 = DIRECTION('',(0.,1.));
#12574 = ( GEOMETRIC_REPRESENTATION_CONTEXT(2) 
PARAMETRIC_REPRESENTATION_CONTEXT() REPRESENTATION_CONTEXT('2D SPACE',''
  ) );
#12575 = PCURVE('',#12425,#12576);
#12576 = DEFINITIONAL_REPRESENTATION('',(#12577),#12581);
#12577 = LINE('',#12578,#12579);
#12578 = CARTESIAN_POINT('',(7.5,2.5));
#12579 = VECTOR('',#12580,1.);
#12580 = DIRECTION('',(1.,0.));
#12581 = ( GEOMETRIC_REPRESENTATION_CONTEXT(2) 
PARAMETRIC_REPRESENTATION_CONTEXT() REPRESENTATION_CONTEXT('2D SPACE',''
  ) );
#12582 = ADVANCED_FACE('',(#12583),#3138,.T.);
#12583 = FACE_BOUND('',#12584,.T.);
#12584 = EDGE_LOOP('',(#12585,#12606,#12607,#12608));
#12585 = ORIENTED_EDGE('',*,*,#12586,.T.);
#12586 = EDGE_CURVE('',#7636,#10303,#12587,.T.);
#12587 = SURFACE_CURVE('',#12588,(#12592,#12599),.PCURVE_S1.);
#12588 = LINE('',#12589,#12590);
#12589 = CARTESIAN_POINT('',(7.1,36.,59.9));
#12590 = VECTOR('',#12591,1.);
#12591 = DIRECTION('',(0.,-1.110223024625E-16,1.));
#12592 = PCURVE('',#3138,#12593);
#12593 = DEFINITIONAL_REPRESENTATION('',(#12594),#12598);
#12594 = LINE('',#12595,#12596);
#12595 = CARTESIAN_POINT('',(0.,3.));
#12596 = VECTOR('',#12597,1.);
#12597 = DIRECTION('',(0.,-1.));
#12598 = ( GEOMETRIC_REPRESENTATION_CONTEXT(2) 
PARAMETRIC_REPRESENTATION_CONTEXT() REPRESENTATION_CONTEXT('2D SPACE',''
  ) );
#12599 = PCURVE('',#7652,#12600);
#12600 = DEFINITIONAL_REPRESENTATION('',(#12601),#12605);
#12601 = LINE('',#12602,#12603);
#12602 = CARTESIAN_POINT('',(6.28318530718,6.));
#12603 = VECTOR('',#12604,1.);
#12604 = DIRECTION('',(-0.,-1.));
#12605 = ( GEOMETRIC_REPRESENTATION_CONTEXT(2) 
PARAMETRIC_REPRESENTATION_CONTEXT() REPRESENTATION_CONTEXT('2D SPACE',''
  ) );
#12606 = ORIENTED_EDGE('',*,*,#10326,.T.);
#12607 = ORIENTED_EDGE('',*,*,#3122,.T.);
#12608 = ORIENTED_EDGE('',*,*,#7664,.F.);
#12609 = ADVANCED_FACE('',(#12610),#3691,.F.);
#12610 = FACE_BOUND('',#12611,.F.);
#12611 = EDGE_LOOP('',(#12612,#12633,#12634,#12635));
#12612 = ORIENTED_EDGE('',*,*,#12613,.T.);
#12613 = EDGE_CURVE('',#3648,#6173,#12614,.T.);
#12614 = SURFACE_CURVE('',#12615,(#12619,#12626),.PCURVE_S1.);
#12615 = LINE('',#12616,#12617);
#12616 = CARTESIAN_POINT('',(157.5,-23.,2.22044604925E-16));
#12617 = VECTOR('',#12618,1.);
#12618 = DIRECTION('',(0.,-1.,-1.110223024625E-16));
#12619 = PCURVE('',#3691,#12620);
#12620 = DEFINITIONAL_REPRESENTATION('',(#12621),#12625);
#12621 = LINE('',#12622,#12623);
#12622 = CARTESIAN_POINT('',(-92.,-55.1));
#12623 = VECTOR('',#12624,1.);
#12624 = DIRECTION('',(-1.,0.));
#12625 = ( GEOMETRIC_REPRESENTATION_CONTEXT(2) 
PARAMETRIC_REPRESENTATION_CONTEXT() REPRESENTATION_CONTEXT('2D SPACE',''
  ) );
#12626 = PCURVE('',#3663,#12627);
#12627 = DEFINITIONAL_REPRESENTATION('',(#12628),#12632);
#12628 = LINE('',#12629,#12630);
#12629 = CARTESIAN_POINT('',(92.,265.));
#12630 = VECTOR('',#12631,1.);
#12631 = DIRECTION('',(-1.,0.));
#12632 = ( GEOMETRIC_REPRESENTATION_CONTEXT(2) 
PARAMETRIC_REPRESENTATION_CONTEXT() REPRESENTATION_CONTEXT('2D SPACE',''
  ) );
#12633 = ORIENTED_EDGE('',*,*,#6221,.F.);
#12634 = ORIENTED_EDGE('',*,*,#5689,.T.);
#12635 = ORIENTED_EDGE('',*,*,#3675,.T.);
#12636 = ADVANCED_FACE('',(#12637,#12786,#12817),#3663,.T.);
#12637 = FACE_BOUND('',#12638,.T.);
#12638 = EDGE_LOOP('',(#12639,#12640,#12641,#12642,#12643,#12644,#12645,
    #12646,#12669,#12697,#12718,#12719,#12742,#12763,#12764,#12765));
#12639 = ORIENTED_EDGE('',*,*,#6574,.F.);
#12640 = ORIENTED_EDGE('',*,*,#3647,.T.);
#12641 = ORIENTED_EDGE('',*,*,#12613,.T.);
#12642 = ORIENTED_EDGE('',*,*,#6172,.T.);
#12643 = ORIENTED_EDGE('',*,*,#6270,.T.);
#12644 = ORIENTED_EDGE('',*,*,#6294,.F.);
#12645 = ORIENTED_EDGE('',*,*,#6345,.T.);
#12646 = ORIENTED_EDGE('',*,*,#12647,.T.);
#12647 = EDGE_CURVE('',#6346,#12648,#12650,.T.);
#12648 = VERTEX_POINT('',#12649);
#12649 = CARTESIAN_POINT('',(145.5,109.,1.487698852998E-14));
#12650 = SURFACE_CURVE('',#12651,(#12655,#12662),.PCURVE_S1.);
#12651 = LINE('',#12652,#12653);
#12652 = CARTESIAN_POINT('',(19.,109.,1.487698852998E-14));
#12653 = VECTOR('',#12654,1.);
#12654 = DIRECTION('',(-1.,0.,0.));
#12655 = PCURVE('',#3663,#12656);
#12656 = DEFINITIONAL_REPRESENTATION('',(#12657),#12661);
#12657 = LINE('',#12658,#12659);
#12658 = CARTESIAN_POINT('',(224.,126.5));
#12659 = VECTOR('',#12660,1.);
#12660 = DIRECTION('',(0.,-1.));
#12661 = ( GEOMETRIC_REPRESENTATION_CONTEXT(2) 
PARAMETRIC_REPRESENTATION_CONTEXT() REPRESENTATION_CONTEXT('2D SPACE',''
  ) );
#12662 = PCURVE('',#6384,#12663);
#12663 = DEFINITIONAL_REPRESENTATION('',(#12664),#12668);
#12664 = LINE('',#12665,#12666);
#12665 = CARTESIAN_POINT('',(-126.5,11.9));
#12666 = VECTOR('',#12667,1.);
#12667 = DIRECTION('',(-1.,0.));
#12668 = ( GEOMETRIC_REPRESENTATION_CONTEXT(2) 
PARAMETRIC_REPRESENTATION_CONTEXT() REPRESENTATION_CONTEXT('2D SPACE',''
  ) );
#12669 = ORIENTED_EDGE('',*,*,#12670,.T.);
#12670 = EDGE_CURVE('',#12648,#12671,#12673,.T.);
#12671 = VERTEX_POINT('',#12672);
#12672 = CARTESIAN_POINT('',(145.5,121.,1.620925615953E-14));
#12673 = SURFACE_CURVE('',#12674,(#12678,#12685),.PCURVE_S1.);
#12674 = LINE('',#12675,#12676);
#12675 = CARTESIAN_POINT('',(145.5,-3.,2.442490654175E-15));
#12676 = VECTOR('',#12677,1.);
#12677 = DIRECTION('',(0.,1.,1.110223024625E-16));
#12678 = PCURVE('',#3663,#12679);
#12679 = DEFINITIONAL_REPRESENTATION('',(#12680),#12684);
#12680 = LINE('',#12681,#12682);
#12681 = CARTESIAN_POINT('',(112.,253.));
#12682 = VECTOR('',#12683,1.);
#12683 = DIRECTION('',(1.,0.));
#12684 = ( GEOMETRIC_REPRESENTATION_CONTEXT(2) 
PARAMETRIC_REPRESENTATION_CONTEXT() REPRESENTATION_CONTEXT('2D SPACE',''
  ) );
#12685 = PCURVE('',#12686,#12691);
#12686 = PLANE('',#12687);
#12687 = AXIS2_PLACEMENT_3D('',#12688,#12689,#12690);
#12688 = CARTESIAN_POINT('',(145.5,109.,11.9));
#12689 = DIRECTION('',(1.,0.,0.));
#12690 = DIRECTION('',(0.,1.,1.110223024625E-16));
#12691 = DEFINITIONAL_REPRESENTATION('',(#12692),#12696);
#12692 = LINE('',#12693,#12694);
#12693 = CARTESIAN_POINT('',(-112.,-11.9));
#12694 = VECTOR('',#12695,1.);
#12695 = DIRECTION('',(1.,0.));
#12696 = ( GEOMETRIC_REPRESENTATION_CONTEXT(2) 
PARAMETRIC_REPRESENTATION_CONTEXT() REPRESENTATION_CONTEXT('2D SPACE',''
  ) );
#12697 = ORIENTED_EDGE('',*,*,#12698,.F.);
#12698 = EDGE_CURVE('',#6425,#12671,#12699,.T.);
#12699 = SURFACE_CURVE('',#12700,(#12704,#12711),.PCURVE_S1.);
#12700 = LINE('',#12701,#12702);
#12701 = CARTESIAN_POINT('',(19.,121.,1.620925615953E-14));
#12702 = VECTOR('',#12703,1.);
#12703 = DIRECTION('',(-1.,0.,0.));
#12704 = PCURVE('',#3663,#12705);
#12705 = DEFINITIONAL_REPRESENTATION('',(#12706),#12710);
#12706 = LINE('',#12707,#12708);
#12707 = CARTESIAN_POINT('',(236.,126.5));
#12708 = VECTOR('',#12709,1.);
#12709 = DIRECTION('',(0.,-1.));
#12710 = ( GEOMETRIC_REPRESENTATION_CONTEXT(2) 
PARAMETRIC_REPRESENTATION_CONTEXT() REPRESENTATION_CONTEXT('2D SPACE',''
  ) );
#12711 = PCURVE('',#6440,#12712);
#12712 = DEFINITIONAL_REPRESENTATION('',(#12713),#12717);
#12713 = LINE('',#12714,#12715);
#12714 = CARTESIAN_POINT('',(-126.5,11.9));
#12715 = VECTOR('',#12716,1.);
#12716 = DIRECTION('',(-1.,0.));
#12717 = ( GEOMETRIC_REPRESENTATION_CONTEXT(2) 
PARAMETRIC_REPRESENTATION_CONTEXT() REPRESENTATION_CONTEXT('2D SPACE',''
  ) );
#12718 = ORIENTED_EDGE('',*,*,#6452,.T.);
#12719 = ORIENTED_EDGE('',*,*,#12720,.T.);
#12720 = EDGE_CURVE('',#6453,#12721,#12723,.T.);
#12721 = VERTEX_POINT('',#12722);
#12722 = CARTESIAN_POINT('',(145.5,128.,1.698641227676E-14));
#12723 = SURFACE_CURVE('',#12724,(#12728,#12735),.PCURVE_S1.);
#12724 = LINE('',#12725,#12726);
#12725 = CARTESIAN_POINT('',(19.,128.,1.698641227676E-14));
#12726 = VECTOR('',#12727,1.);
#12727 = DIRECTION('',(-1.,0.,0.));
#12728 = PCURVE('',#3663,#12729);
#12729 = DEFINITIONAL_REPRESENTATION('',(#12730),#12734);
#12730 = LINE('',#12731,#12732);
#12731 = CARTESIAN_POINT('',(243.,126.5));
#12732 = VECTOR('',#12733,1.);
#12733 = DIRECTION('',(0.,-1.));
#12734 = ( GEOMETRIC_REPRESENTATION_CONTEXT(2) 
PARAMETRIC_REPRESENTATION_CONTEXT() REPRESENTATION_CONTEXT('2D SPACE',''
  ) );
#12735 = PCURVE('',#6491,#12736);
#12736 = DEFINITIONAL_REPRESENTATION('',(#12737),#12741);
#12737 = LINE('',#12738,#12739);
#12738 = CARTESIAN_POINT('',(-126.5,11.9));
#12739 = VECTOR('',#12740,1.);
#12740 = DIRECTION('',(-1.,0.));
#12741 = ( GEOMETRIC_REPRESENTATION_CONTEXT(2) 
PARAMETRIC_REPRESENTATION_CONTEXT() REPRESENTATION_CONTEXT('2D SPACE',''
  ) );
#12742 = ORIENTED_EDGE('',*,*,#12743,.T.);
#12743 = EDGE_CURVE('',#12721,#6650,#12744,.T.);
#12744 = SURFACE_CURVE('',#12745,(#12749,#12756),.PCURVE_S1.);
#12745 = LINE('',#12746,#12747);
#12746 = CARTESIAN_POINT('',(145.5,6.5,3.497202527569E-15));
#12747 = VECTOR('',#12748,1.);
#12748 = DIRECTION('',(0.,1.,1.110223024625E-16));
#12749 = PCURVE('',#3663,#12750);
#12750 = DEFINITIONAL_REPRESENTATION('',(#12751),#12755);
#12751 = LINE('',#12752,#12753);
#12752 = CARTESIAN_POINT('',(121.5,253.));
#12753 = VECTOR('',#12754,1.);
#12754 = DIRECTION('',(1.,0.));
#12755 = ( GEOMETRIC_REPRESENTATION_CONTEXT(2) 
PARAMETRIC_REPRESENTATION_CONTEXT() REPRESENTATION_CONTEXT('2D SPACE',''
  ) );
#12756 = PCURVE('',#6734,#12757);
#12757 = DEFINITIONAL_REPRESENTATION('',(#12758),#12762);
#12758 = LINE('',#12759,#12760);
#12759 = CARTESIAN_POINT('',(-121.5,-11.9));
#12760 = VECTOR('',#12761,1.);
#12761 = DIRECTION('',(1.,0.));
#12762 = ( GEOMETRIC_REPRESENTATION_CONTEXT(2) 
PARAMETRIC_REPRESENTATION_CONTEXT() REPRESENTATION_CONTEXT('2D SPACE',''
  ) );
#12763 = ORIENTED_EDGE('',*,*,#6649,.T.);
#12764 = ORIENTED_EDGE('',*,*,#6751,.T.);
#12765 = ORIENTED_EDGE('',*,*,#12766,.F.);
#12766 = EDGE_CURVE('',#6575,#6752,#12767,.T.);
#12767 = SURFACE_CURVE('',#12768,(#12772,#12779),.PCURVE_S1.);
#12768 = LINE('',#12769,#12770);
#12769 = CARTESIAN_POINT('',(-12.5,142.,1.854072451124E-14));
#12770 = VECTOR('',#12771,1.);
#12771 = DIRECTION('',(-1.,0.,0.));
#12772 = PCURVE('',#3663,#12773);
#12773 = DEFINITIONAL_REPRESENTATION('',(#12774),#12778);
#12774 = LINE('',#12775,#12776);
#12775 = CARTESIAN_POINT('',(257.,95.));
#12776 = VECTOR('',#12777,1.);
#12777 = DIRECTION('',(0.,-1.));
#12778 = ( GEOMETRIC_REPRESENTATION_CONTEXT(2) 
PARAMETRIC_REPRESENTATION_CONTEXT() REPRESENTATION_CONTEXT('2D SPACE',''
  ) );
#12779 = PCURVE('',#6613,#12780);
#12780 = DEFINITIONAL_REPRESENTATION('',(#12781),#12785);
#12781 = LINE('',#12782,#12783);
#12782 = CARTESIAN_POINT('',(-95.,53.4));
#12783 = VECTOR('',#12784,1.);
#12784 = DIRECTION('',(-1.,0.));
#12785 = ( GEOMETRIC_REPRESENTATION_CONTEXT(2) 
PARAMETRIC_REPRESENTATION_CONTEXT() REPRESENTATION_CONTEXT('2D SPACE',''
  ) );
#12786 = FACE_BOUND('',#12787,.T.);
#12787 = EDGE_LOOP('',(#12788));
#12788 = ORIENTED_EDGE('',*,*,#12789,.F.);
#12789 = EDGE_CURVE('',#12790,#12790,#12792,.T.);
#12790 = VERTEX_POINT('',#12791);
#12791 = CARTESIAN_POINT('',(150.5,116.7,1.573741137406E-14));
#12792 = SURFACE_CURVE('',#12793,(#12798,#12805),.PCURVE_S1.);
#12793 = CIRCLE('',#12794,1.7);
#12794 = AXIS2_PLACEMENT_3D('',#12795,#12796,#12797);
#12795 = CARTESIAN_POINT('',(150.5,115.,1.554312234475E-14));
#12796 = DIRECTION('',(0.,1.110223024625E-16,-1.));
#12797 = DIRECTION('',(0.,1.,1.110223024625E-16));
#12798 = PCURVE('',#3663,#12799);
#12799 = DEFINITIONAL_REPRESENTATION('',(#12800),#12804);
#12800 = CIRCLE('',#12801,1.7);
#12801 = AXIS2_PLACEMENT_2D('',#12802,#12803);
#12802 = CARTESIAN_POINT('',(230.,258.));
#12803 = DIRECTION('',(1.,0.));
#12804 = ( GEOMETRIC_REPRESENTATION_CONTEXT(2) 
PARAMETRIC_REPRESENTATION_CONTEXT() REPRESENTATION_CONTEXT('2D SPACE',''
  ) );
#12805 = PCURVE('',#12806,#12811);
#12806 = CYLINDRICAL_SURFACE('',#12807,1.7);
#12807 = AXIS2_PLACEMENT_3D('',#12808,#12809,#12810);
#12808 = CARTESIAN_POINT('',(150.5,115.,13.9));
#12809 = DIRECTION('',(0.,1.110223024625E-16,-1.));
#12810 = DIRECTION('',(0.,1.,1.110223024625E-16));
#12811 = DEFINITIONAL_REPRESENTATION('',(#12812),#12816);
#12812 = LINE('',#12813,#12814);
#12813 = CARTESIAN_POINT('',(0.,13.9));
#12814 = VECTOR('',#12815,1.);
#12815 = DIRECTION('',(1.,0.));
#12816 = ( GEOMETRIC_REPRESENTATION_CONTEXT(2) 
PARAMETRIC_REPRESENTATION_CONTEXT() REPRESENTATION_CONTEXT('2D SPACE',''
  ) );
#12817 = FACE_BOUND('',#12818,.T.);
#12818 = EDGE_LOOP('',(#12819));
#12819 = ORIENTED_EDGE('',*,*,#12820,.F.);
#12820 = EDGE_CURVE('',#12821,#12821,#12823,.T.);
#12821 = VERTEX_POINT('',#12822);
#12822 = CARTESIAN_POINT('',(150.5,135.7,1.784683512085E-14));
#12823 = SURFACE_CURVE('',#12824,(#12829,#12836),.PCURVE_S1.);
#12824 = CIRCLE('',#12825,1.7);
#12825 = AXIS2_PLACEMENT_3D('',#12826,#12827,#12828);
#12826 = CARTESIAN_POINT('',(150.5,134.,1.765254609154E-14));
#12827 = DIRECTION('',(0.,1.110223024625E-16,-1.));
#12828 = DIRECTION('',(0.,1.,1.110223024625E-16));
#12829 = PCURVE('',#3663,#12830);
#12830 = DEFINITIONAL_REPRESENTATION('',(#12831),#12835);
#12831 = CIRCLE('',#12832,1.7);
#12832 = AXIS2_PLACEMENT_2D('',#12833,#12834);
#12833 = CARTESIAN_POINT('',(249.,258.));
#12834 = DIRECTION('',(1.,0.));
#12835 = ( GEOMETRIC_REPRESENTATION_CONTEXT(2) 
PARAMETRIC_REPRESENTATION_CONTEXT() REPRESENTATION_CONTEXT('2D SPACE',''
  ) );
#12836 = PCURVE('',#12837,#12842);
#12837 = CYLINDRICAL_SURFACE('',#12838,1.7);
#12838 = AXIS2_PLACEMENT_3D('',#12839,#12840,#12841);
#12839 = CARTESIAN_POINT('',(150.5,134.,13.9));
#12840 = DIRECTION('',(0.,1.110223024625E-16,-1.));
#12841 = DIRECTION('',(0.,1.,1.110223024625E-16));
#12842 = DEFINITIONAL_REPRESENTATION('',(#12843),#12847);
#12843 = LINE('',#12844,#12845);
#12844 = CARTESIAN_POINT('',(0.,13.9));
#12845 = VECTOR('',#12846,1.);
#12846 = DIRECTION('',(1.,0.));
#12847 = ( GEOMETRIC_REPRESENTATION_CONTEXT(2) 
PARAMETRIC_REPRESENTATION_CONTEXT() REPRESENTATION_CONTEXT('2D SPACE',''
  ) );
#12848 = ADVANCED_FACE('',(#12849,#12899),#3612,.F.);
#12849 = FACE_BOUND('',#12850,.F.);
#12850 = EDGE_LOOP('',(#12851,#12874,#12895,#12896,#12897,#12898));
#12851 = ORIENTED_EDGE('',*,*,#12852,.F.);
#12852 = EDGE_CURVE('',#12853,#6476,#12855,.T.);
#12853 = VERTEX_POINT('',#12854);
#12854 = CARTESIAN_POINT('',(145.5,128.,11.9));
#12855 = SURFACE_CURVE('',#12856,(#12860,#12867),.PCURVE_S1.);
#12856 = LINE('',#12857,#12858);
#12857 = CARTESIAN_POINT('',(145.5,128.,11.9));
#12858 = VECTOR('',#12859,1.);
#12859 = DIRECTION('',(1.,0.,0.));
#12860 = PCURVE('',#3612,#12861);
#12861 = DEFINITIONAL_REPRESENTATION('',(#12862),#12866);
#12862 = LINE('',#12863,#12864);
#12863 = CARTESIAN_POINT('',(0.,0.));
#12864 = VECTOR('',#12865,1.);
#12865 = DIRECTION('',(0.,1.));
#12866 = ( GEOMETRIC_REPRESENTATION_CONTEXT(2) 
PARAMETRIC_REPRESENTATION_CONTEXT() REPRESENTATION_CONTEXT('2D SPACE',''
  ) );
#12867 = PCURVE('',#6491,#12868);
#12868 = DEFINITIONAL_REPRESENTATION('',(#12869),#12873);
#12869 = LINE('',#12870,#12871);
#12870 = CARTESIAN_POINT('',(0.,0.));
#12871 = VECTOR('',#12872,1.);
#12872 = DIRECTION('',(1.,0.));
#12873 = ( GEOMETRIC_REPRESENTATION_CONTEXT(2) 
PARAMETRIC_REPRESENTATION_CONTEXT() REPRESENTATION_CONTEXT('2D SPACE',''
  ) );
#12874 = ORIENTED_EDGE('',*,*,#12875,.T.);
#12875 = EDGE_CURVE('',#12853,#6698,#12876,.T.);
#12876 = SURFACE_CURVE('',#12877,(#12881,#12888),.PCURVE_S1.);
#12877 = LINE('',#12878,#12879);
#12878 = CARTESIAN_POINT('',(145.5,128.,11.9));
#12879 = VECTOR('',#12880,1.);
#12880 = DIRECTION('',(0.,1.,1.110223024625E-16));
#12881 = PCURVE('',#3612,#12882);
#12882 = DEFINITIONAL_REPRESENTATION('',(#12883),#12887);
#12883 = LINE('',#12884,#12885);
#12884 = CARTESIAN_POINT('',(0.,0.));
#12885 = VECTOR('',#12886,1.);
#12886 = DIRECTION('',(1.,0.));
#12887 = ( GEOMETRIC_REPRESENTATION_CONTEXT(2) 
PARAMETRIC_REPRESENTATION_CONTEXT() REPRESENTATION_CONTEXT('2D SPACE',''
  ) );
#12888 = PCURVE('',#6734,#12889);
#12889 = DEFINITIONAL_REPRESENTATION('',(#12890),#12894);
#12890 = LINE('',#12891,#12892);
#12891 = CARTESIAN_POINT('',(0.,0.));
#12892 = VECTOR('',#12893,1.);
#12893 = DIRECTION('',(1.,0.));
#12894 = ( GEOMETRIC_REPRESENTATION_CONTEXT(2) 
PARAMETRIC_REPRESENTATION_CONTEXT() REPRESENTATION_CONTEXT('2D SPACE',''
  ) );
#12895 = ORIENTED_EDGE('',*,*,#6697,.F.);
#12896 = ORIENTED_EDGE('',*,*,#6552,.T.);
#12897 = ORIENTED_EDGE('',*,*,#3596,.T.);
#12898 = ORIENTED_EDGE('',*,*,#6503,.F.);
#12899 = FACE_BOUND('',#12900,.F.);
#12900 = EDGE_LOOP('',(#12901));
#12901 = ORIENTED_EDGE('',*,*,#12902,.F.);
#12902 = EDGE_CURVE('',#12903,#12903,#12905,.T.);
#12903 = VERTEX_POINT('',#12904);
#12904 = CARTESIAN_POINT('',(150.5,135.7,11.9));
#12905 = SURFACE_CURVE('',#12906,(#12911,#12918),.PCURVE_S1.);
#12906 = CIRCLE('',#12907,1.7);
#12907 = AXIS2_PLACEMENT_3D('',#12908,#12909,#12910);
#12908 = CARTESIAN_POINT('',(150.5,134.,11.9));
#12909 = DIRECTION('',(0.,1.110223024625E-16,-1.));
#12910 = DIRECTION('',(0.,1.,1.110223024625E-16));
#12911 = PCURVE('',#3612,#12912);
#12912 = DEFINITIONAL_REPRESENTATION('',(#12913),#12917);
#12913 = CIRCLE('',#12914,1.7);
#12914 = AXIS2_PLACEMENT_2D('',#12915,#12916);
#12915 = CARTESIAN_POINT('',(6.,5.));
#12916 = DIRECTION('',(1.,0.));
#12917 = ( GEOMETRIC_REPRESENTATION_CONTEXT(2) 
PARAMETRIC_REPRESENTATION_CONTEXT() REPRESENTATION_CONTEXT('2D SPACE',''
  ) );
#12918 = PCURVE('',#12837,#12919);
#12919 = DEFINITIONAL_REPRESENTATION('',(#12920),#12924);
#12920 = LINE('',#12921,#12922);
#12921 = CARTESIAN_POINT('',(0.,2.));
#12922 = VECTOR('',#12923,1.);
#12923 = DIRECTION('',(1.,0.));
#12924 = ( GEOMETRIC_REPRESENTATION_CONTEXT(2) 
PARAMETRIC_REPRESENTATION_CONTEXT() REPRESENTATION_CONTEXT('2D SPACE',''
  ) );
#12925 = ADVANCED_FACE('',(#12926),#3560,.F.);
#12926 = FACE_BOUND('',#12927,.F.);
#12927 = EDGE_LOOP('',(#12928,#12929,#12930,#12931));
#12928 = ORIENTED_EDGE('',*,*,#6625,.F.);
#12929 = ORIENTED_EDGE('',*,*,#3546,.T.);
#12930 = ORIENTED_EDGE('',*,*,#6797,.T.);
#12931 = ORIENTED_EDGE('',*,*,#12932,.T.);
#12932 = EDGE_CURVE('',#6775,#6598,#12933,.T.);
#12933 = SURFACE_CURVE('',#12934,(#12938,#12945),.PCURVE_S1.);
#12934 = LINE('',#12935,#12936);
#12935 = CARTESIAN_POINT('',(82.5,142.,53.4));
#12936 = VECTOR('',#12937,1.);
#12937 = DIRECTION('',(1.,0.,0.));
#12938 = PCURVE('',#3560,#12939);
#12939 = DEFINITIONAL_REPRESENTATION('',(#12940),#12944);
#12940 = LINE('',#12941,#12942);
#12941 = CARTESIAN_POINT('',(3.,0.));
#12942 = VECTOR('',#12943,1.);
#12943 = DIRECTION('',(0.,1.));
#12944 = ( GEOMETRIC_REPRESENTATION_CONTEXT(2) 
PARAMETRIC_REPRESENTATION_CONTEXT() REPRESENTATION_CONTEXT('2D SPACE',''
  ) );
#12945 = PCURVE('',#6613,#12946);
#12946 = DEFINITIONAL_REPRESENTATION('',(#12947),#12951);
#12947 = LINE('',#12948,#12949);
#12948 = CARTESIAN_POINT('',(0.,0.));
#12949 = VECTOR('',#12950,1.);
#12950 = DIRECTION('',(1.,0.));
#12951 = ( GEOMETRIC_REPRESENTATION_CONTEXT(2) 
PARAMETRIC_REPRESENTATION_CONTEXT() REPRESENTATION_CONTEXT('2D SPACE',''
  ) );
#12952 = ADVANCED_FACE('',(#12953),#3488,.F.);
#12953 = FACE_BOUND('',#12954,.F.);
#12954 = EDGE_LOOP('',(#12955,#12956,#12957,#12958,#12959,#12960,#12961,
    #12962));
#12955 = ORIENTED_EDGE('',*,*,#3472,.T.);
#12956 = ORIENTED_EDGE('',*,*,#3955,.F.);
#12957 = ORIENTED_EDGE('',*,*,#3797,.T.);
#12958 = ORIENTED_EDGE('',*,*,#5458,.T.);
#12959 = ORIENTED_EDGE('',*,*,#6929,.T.);
#12960 = ORIENTED_EDGE('',*,*,#6902,.T.);
#12961 = ORIENTED_EDGE('',*,*,#6853,.F.);
#12962 = ORIENTED_EDGE('',*,*,#5550,.T.);
#12963 = ADVANCED_FACE('',(#12964,#12970),#3437,.F.);
#12964 = FACE_BOUND('',#12965,.F.);
#12965 = EDGE_LOOP('',(#12966,#12967,#12968,#12969));
#12966 = ORIENTED_EDGE('',*,*,#4226,.F.);
#12967 = ORIENTED_EDGE('',*,*,#4074,.T.);
#12968 = ORIENTED_EDGE('',*,*,#3421,.T.);
#12969 = ORIENTED_EDGE('',*,*,#4274,.F.);
#12970 = FACE_BOUND('',#12971,.F.);
#12971 = EDGE_LOOP('',(#12972));
#12972 = ORIENTED_EDGE('',*,*,#4374,.F.);
#12973 = ADVANCED_FACE('',(#12974),#3863,.T.);
#12974 = FACE_BOUND('',#12975,.T.);
#12975 = EDGE_LOOP('',(#12976,#13002));
#12976 = ORIENTED_EDGE('',*,*,#12977,.F.);
#12977 = EDGE_CURVE('',#3848,#3846,#12978,.T.);
#12978 = SURFACE_CURVE('',#12979,(#12984,#12995),.PCURVE_S1.);
#12979 = CIRCLE('',#12980,8.);
#12980 = AXIS2_PLACEMENT_3D('',#12981,#12982,#12983);
#12981 = CARTESIAN_POINT('',(22.5,69.,39.9));
#12982 = DIRECTION('',(0.,-1.110223024625E-16,1.));
#12983 = DIRECTION('',(1.,0.,0.));
#12984 = PCURVE('',#3863,#12985);
#12985 = DEFINITIONAL_REPRESENTATION('',(#12986),#12994);
#12986 = ( BOUNDED_CURVE() B_SPLINE_CURVE(2,(#12987,#12988,#12989,#12990
    ,#12991,#12992,#12993),.UNSPECIFIED.,.T.,.F.) 
B_SPLINE_CURVE_WITH_KNOTS((1,2,2,2,2,1),(-2.094395102393,0.,
    2.094395102393,4.188790204786,6.28318530718,8.377580409573),
.UNSPECIFIED.) CURVE() GEOMETRIC_REPRESENTATION_ITEM() 
RATIONAL_B_SPLINE_CURVE((1.,0.5,1.,0.5,1.,0.5,1.)) REPRESENTATION_ITEM(
  '') );
#12987 = CARTESIAN_POINT('',(27.,8.));
#12988 = CARTESIAN_POINT('',(40.856406460551,8.));
#12989 = CARTESIAN_POINT('',(33.928203230276,-4.));
#12990 = CARTESIAN_POINT('',(27.,-16.));
#12991 = CARTESIAN_POINT('',(20.071796769724,-4.));
#12992 = CARTESIAN_POINT('',(13.143593539449,8.));
#12993 = CARTESIAN_POINT('',(27.,8.));
#12994 = ( GEOMETRIC_REPRESENTATION_CONTEXT(2) 
PARAMETRIC_REPRESENTATION_CONTEXT() REPRESENTATION_CONTEXT('2D SPACE',''
  ) );
#12995 = PCURVE('',#3891,#12996);
#12996 = DEFINITIONAL_REPRESENTATION('',(#12997),#13001);
#12997 = LINE('',#12998,#12999);
#12998 = CARTESIAN_POINT('',(7.853981633974,6.));
#12999 = VECTOR('',#13000,1.);
#13000 = DIRECTION('',(-1.,-0.));
#13001 = ( GEOMETRIC_REPRESENTATION_CONTEXT(2) 
PARAMETRIC_REPRESENTATION_CONTEXT() REPRESENTATION_CONTEXT('2D SPACE',''
  ) );
#13002 = ORIENTED_EDGE('',*,*,#3845,.F.);
#13003 = ADVANCED_FACE('',(#13004),#3891,.T.);
#13004 = FACE_BOUND('',#13005,.T.);
#13005 = EDGE_LOOP('',(#13006,#13032,#13033,#13034));
#13006 = ORIENTED_EDGE('',*,*,#13007,.F.);
#13007 = EDGE_CURVE('',#3876,#3904,#13008,.T.);
#13008 = SURFACE_CURVE('',#13009,(#13014,#13021),.PCURVE_S1.);
#13009 = CIRCLE('',#13010,8.);
#13010 = AXIS2_PLACEMENT_3D('',#13011,#13012,#13013);
#13011 = CARTESIAN_POINT('',(22.5,69.,45.9));
#13012 = DIRECTION('',(0.,-1.110223024625E-16,1.));
#13013 = DIRECTION('',(1.,0.,0.));
#13014 = PCURVE('',#3891,#13015);
#13015 = DEFINITIONAL_REPRESENTATION('',(#13016),#13020);
#13016 = LINE('',#13017,#13018);
#13017 = CARTESIAN_POINT('',(7.853981633974,0.));
#13018 = VECTOR('',#13019,1.);
#13019 = DIRECTION('',(-1.,-0.));
#13020 = ( GEOMETRIC_REPRESENTATION_CONTEXT(2) 
PARAMETRIC_REPRESENTATION_CONTEXT() REPRESENTATION_CONTEXT('2D SPACE',''
  ) );
#13021 = PCURVE('',#3919,#13022);
#13022 = DEFINITIONAL_REPRESENTATION('',(#13023),#13031);
#13023 = ( BOUNDED_CURVE() B_SPLINE_CURVE(2,(#13024,#13025,#13026,#13027
    ,#13028,#13029,#13030),.UNSPECIFIED.,.T.,.F.) 
B_SPLINE_CURVE_WITH_KNOTS((1,2,2,2,2,1),(-2.094395102393,0.,
    2.094395102393,4.188790204786,6.28318530718,8.377580409573),
.UNSPECIFIED.) CURVE() GEOMETRIC_REPRESENTATION_ITEM() 
RATIONAL_B_SPLINE_CURVE((1.,0.5,1.,0.5,1.,0.5,1.)) REPRESENTATION_ITEM(
  '') );
#13024 = CARTESIAN_POINT('',(27.,8.));
#13025 = CARTESIAN_POINT('',(40.856406460551,8.));
#13026 = CARTESIAN_POINT('',(33.928203230276,-4.));
#13027 = CARTESIAN_POINT('',(27.,-16.));
#13028 = CARTESIAN_POINT('',(20.071796769724,-4.));
#13029 = CARTESIAN_POINT('',(13.143593539449,8.));
#13030 = CARTESIAN_POINT('',(27.,8.));
#13031 = ( GEOMETRIC_REPRESENTATION_CONTEXT(2) 
PARAMETRIC_REPRESENTATION_CONTEXT() REPRESENTATION_CONTEXT('2D SPACE',''
  ) );
#13032 = ORIENTED_EDGE('',*,*,#3875,.T.);
#13033 = ORIENTED_EDGE('',*,*,#12977,.T.);
#13034 = ORIENTED_EDGE('',*,*,#3931,.F.);
#13035 = ADVANCED_FACE('',(#13036),#3919,.F.);
#13036 = FACE_BOUND('',#13037,.F.);
#13037 = EDGE_LOOP('',(#13038,#13039));
#13038 = ORIENTED_EDGE('',*,*,#13007,.F.);
#13039 = ORIENTED_EDGE('',*,*,#3903,.F.);
#13040 = ADVANCED_FACE('',(#13041,#13047),#4017,.F.);
#13041 = FACE_BOUND('',#13042,.F.);
#13042 = EDGE_LOOP('',(#13043,#13044,#13045,#13046));
#13043 = ORIENTED_EDGE('',*,*,#4101,.F.);
#13044 = ORIENTED_EDGE('',*,*,#4001,.T.);
#13045 = ORIENTED_EDGE('',*,*,#4199,.T.);
#13046 = ORIENTED_EDGE('',*,*,#4171,.F.);
#13047 = FACE_BOUND('',#13048,.F.);
#13048 = EDGE_LOOP('',(#13049));
#13049 = ORIENTED_EDGE('',*,*,#4324,.F.);
#13050 = ADVANCED_FACE('',(#13051),#4549,.T.);
#13051 = FACE_BOUND('',#13052,.T.);
#13052 = EDGE_LOOP('',(#13053,#13076,#13077,#13078));
#13053 = ORIENTED_EDGE('',*,*,#13054,.T.);
#13054 = EDGE_CURVE('',#13055,#4506,#13057,.T.);
#13055 = VERTEX_POINT('',#13056);
#13056 = CARTESIAN_POINT('',(47.201515499506,53.,8.673617379884E-15));
#13057 = SURFACE_CURVE('',#13058,(#13062,#13069),.PCURVE_S1.);
#13058 = LINE('',#13059,#13060);
#13059 = CARTESIAN_POINT('',(-34.5,53.,8.659739592076E-15));
#13060 = VECTOR('',#13061,1.);
#13061 = DIRECTION('',(-1.,0.,0.));
#13062 = PCURVE('',#4549,#13063);
#13063 = DEFINITIONAL_REPRESENTATION('',(#13064),#13068);
#13064 = LINE('',#13065,#13066);
#13065 = CARTESIAN_POINT('',(168.,73.));
#13066 = VECTOR('',#13067,1.);
#13067 = DIRECTION('',(0.,-1.));
#13068 = ( GEOMETRIC_REPRESENTATION_CONTEXT(2) 
PARAMETRIC_REPRESENTATION_CONTEXT() REPRESENTATION_CONTEXT('2D SPACE',''
  ) );
#13069 = PCURVE('',#4521,#13070);
#13070 = DEFINITIONAL_REPRESENTATION('',(#13071),#13075);
#13071 = LINE('',#13072,#13073);
#13072 = CARTESIAN_POINT('',(-73.,37.4));
#13073 = VECTOR('',#13074,1.);
#13074 = DIRECTION('',(-1.,0.));
#13075 = ( GEOMETRIC_REPRESENTATION_CONTEXT(2) 
PARAMETRIC_REPRESENTATION_CONTEXT() REPRESENTATION_CONTEXT('2D SPACE',''
  ) );
#13076 = ORIENTED_EDGE('',*,*,#4533,.T.);
#13077 = ORIENTED_EDGE('',*,*,#4697,.F.);
#13078 = ORIENTED_EDGE('',*,*,#13079,.F.);
#13079 = EDGE_CURVE('',#13055,#4669,#13080,.T.);
#13080 = SURFACE_CURVE('',#13081,(#13085,#13092),.PCURVE_S1.);
#13081 = LINE('',#13082,#13083);
#13082 = CARTESIAN_POINT('',(47.201515499506,51.,8.437694987151E-15));
#13083 = VECTOR('',#13084,1.);
#13084 = DIRECTION('',(0.,1.,1.110223024625E-16));
#13085 = PCURVE('',#4549,#13086);
#13086 = DEFINITIONAL_REPRESENTATION('',(#13087),#13091);
#13087 = LINE('',#13088,#13089);
#13088 = CARTESIAN_POINT('',(166.,154.7015154995));
#13089 = VECTOR('',#13090,1.);
#13090 = DIRECTION('',(1.,0.));
#13091 = ( GEOMETRIC_REPRESENTATION_CONTEXT(2) 
PARAMETRIC_REPRESENTATION_CONTEXT() REPRESENTATION_CONTEXT('2D SPACE',''
  ) );
#13092 = PCURVE('',#4685,#13093);
#13093 = DEFINITIONAL_REPRESENTATION('',(#13094),#13098);
#13094 = LINE('',#13095,#13096);
#13095 = CARTESIAN_POINT('',(3.171900323556,0.));
#13096 = VECTOR('',#13097,1.);
#13097 = DIRECTION('',(0.,1.));
#13098 = ( GEOMETRIC_REPRESENTATION_CONTEXT(2) 
PARAMETRIC_REPRESENTATION_CONTEXT() REPRESENTATION_CONTEXT('2D SPACE',''
  ) );
#13099 = ADVANCED_FACE('',(#13100,#13195),#4521,.F.);
#13100 = FACE_BOUND('',#13101,.F.);
#13101 = EDGE_LOOP('',(#13102,#13103,#13126,#13149,#13172,#13194));
#13102 = ORIENTED_EDGE('',*,*,#4505,.F.);
#13103 = ORIENTED_EDGE('',*,*,#13104,.T.);
#13104 = EDGE_CURVE('',#4478,#13105,#13107,.T.);
#13105 = VERTEX_POINT('',#13106);
#13106 = CARTESIAN_POINT('',(62.5,53.,37.4));
#13107 = SURFACE_CURVE('',#13108,(#13112,#13119),.PCURVE_S1.);
#13108 = LINE('',#13109,#13110);
#13109 = CARTESIAN_POINT('',(38.5,53.,37.4));
#13110 = VECTOR('',#13111,1.);
#13111 = DIRECTION('',(1.,0.,0.));
#13112 = PCURVE('',#4521,#13113);
#13113 = DEFINITIONAL_REPRESENTATION('',(#13114),#13118);
#13114 = LINE('',#13115,#13116);
#13115 = CARTESIAN_POINT('',(0.,0.));
#13116 = VECTOR('',#13117,1.);
#13117 = DIRECTION('',(1.,0.));
#13118 = ( GEOMETRIC_REPRESENTATION_CONTEXT(2) 
PARAMETRIC_REPRESENTATION_CONTEXT() REPRESENTATION_CONTEXT('2D SPACE',''
  ) );
#13119 = PCURVE('',#4493,#13120);
#13120 = DEFINITIONAL_REPRESENTATION('',(#13121),#13125);
#13121 = LINE('',#13122,#13123);
#13122 = CARTESIAN_POINT('',(0.,0.));
#13123 = VECTOR('',#13124,1.);
#13124 = DIRECTION('',(0.,1.));
#13125 = ( GEOMETRIC_REPRESENTATION_CONTEXT(2) 
PARAMETRIC_REPRESENTATION_CONTEXT() REPRESENTATION_CONTEXT('2D SPACE',''
  ) );
#13126 = ORIENTED_EDGE('',*,*,#13127,.T.);
#13127 = EDGE_CURVE('',#13105,#13128,#13130,.T.);
#13128 = VERTEX_POINT('',#13129);
#13129 = CARTESIAN_POINT('',(62.5,53.,8.659739592076E-15));
#13130 = SURFACE_CURVE('',#13131,(#13135,#13142),.PCURVE_S1.);
#13131 = LINE('',#13132,#13133);
#13132 = CARTESIAN_POINT('',(62.5,53.,37.4));
#13133 = VECTOR('',#13134,1.);
#13134 = DIRECTION('',(0.,1.110223024625E-16,-1.));
#13135 = PCURVE('',#4521,#13136);
#13136 = DEFINITIONAL_REPRESENTATION('',(#13137),#13141);
#13137 = LINE('',#13138,#13139);
#13138 = CARTESIAN_POINT('',(24.,0.));
#13139 = VECTOR('',#13140,1.);
#13140 = DIRECTION('',(0.,1.));
#13141 = ( GEOMETRIC_REPRESENTATION_CONTEXT(2) 
PARAMETRIC_REPRESENTATION_CONTEXT() REPRESENTATION_CONTEXT('2D SPACE',''
  ) );
#13142 = PCURVE('',#4628,#13143);
#13143 = DEFINITIONAL_REPRESENTATION('',(#13144),#13148);
#13144 = LINE('',#13145,#13146);
#13145 = CARTESIAN_POINT('',(0.,0.));
#13146 = VECTOR('',#13147,1.);
#13147 = DIRECTION('',(0.,-1.));
#13148 = ( GEOMETRIC_REPRESENTATION_CONTEXT(2) 
PARAMETRIC_REPRESENTATION_CONTEXT() REPRESENTATION_CONTEXT('2D SPACE',''
  ) );
#13149 = ORIENTED_EDGE('',*,*,#13150,.T.);
#13150 = EDGE_CURVE('',#13128,#13151,#13153,.T.);
#13151 = VERTEX_POINT('',#13152);
#13152 = CARTESIAN_POINT('',(53.798484500494,53.,9.880984919164E-15));
#13153 = SURFACE_CURVE('',#13154,(#13158,#13165),.PCURVE_S1.);
#13154 = LINE('',#13155,#13156);
#13155 = CARTESIAN_POINT('',(-34.5,53.,8.659739592076E-15));
#13156 = VECTOR('',#13157,1.);
#13157 = DIRECTION('',(-1.,0.,0.));
#13158 = PCURVE('',#4521,#13159);
#13159 = DEFINITIONAL_REPRESENTATION('',(#13160),#13164);
#13160 = LINE('',#13161,#13162);
#13161 = CARTESIAN_POINT('',(-73.,37.4));
#13162 = VECTOR('',#13163,1.);
#13163 = DIRECTION('',(-1.,0.));
#13164 = ( GEOMETRIC_REPRESENTATION_CONTEXT(2) 
PARAMETRIC_REPRESENTATION_CONTEXT() REPRESENTATION_CONTEXT('2D SPACE',''
  ) );
#13165 = PCURVE('',#4656,#13166);
#13166 = DEFINITIONAL_REPRESENTATION('',(#13167),#13171);
#13167 = LINE('',#13168,#13169);
#13168 = CARTESIAN_POINT('',(168.,73.));
#13169 = VECTOR('',#13170,1.);
#13170 = DIRECTION('',(0.,-1.));
#13171 = ( GEOMETRIC_REPRESENTATION_CONTEXT(2) 
PARAMETRIC_REPRESENTATION_CONTEXT() REPRESENTATION_CONTEXT('2D SPACE',''
  ) );
#13172 = ORIENTED_EDGE('',*,*,#13173,.F.);
#13173 = EDGE_CURVE('',#13055,#13151,#13174,.T.);
#13174 = SURFACE_CURVE('',#13175,(#13180,#13187),.PCURVE_S1.);
#13175 = CIRCLE('',#13176,3.3);
#13176 = AXIS2_PLACEMENT_3D('',#13177,#13178,#13179);
#13177 = CARTESIAN_POINT('',(50.5,53.,-9.999999999999E-02));
#13178 = DIRECTION('',(-0.,1.,1.110223024625E-16));
#13179 = DIRECTION('',(1.,0.,0.));
#13180 = PCURVE('',#4521,#13181);
#13181 = DEFINITIONAL_REPRESENTATION('',(#13182),#13186);
#13182 = CIRCLE('',#13183,3.3);
#13183 = AXIS2_PLACEMENT_2D('',#13184,#13185);
#13184 = CARTESIAN_POINT('',(12.,37.5));
#13185 = DIRECTION('',(1.,0.));
#13186 = ( GEOMETRIC_REPRESENTATION_CONTEXT(2) 
PARAMETRIC_REPRESENTATION_CONTEXT() REPRESENTATION_CONTEXT('2D SPACE',''
  ) );
#13187 = PCURVE('',#4685,#13188);
#13188 = DEFINITIONAL_REPRESENTATION('',(#13189),#13193);
#13189 = LINE('',#13190,#13191);
#13190 = CARTESIAN_POINT('',(0.,2.));
#13191 = VECTOR('',#13192,1.);
#13192 = DIRECTION('',(1.,0.));
#13193 = ( GEOMETRIC_REPRESENTATION_CONTEXT(2) 
PARAMETRIC_REPRESENTATION_CONTEXT() REPRESENTATION_CONTEXT('2D SPACE',''
  ) );
#13194 = ORIENTED_EDGE('',*,*,#13054,.T.);
#13195 = FACE_BOUND('',#13196,.F.);
#13196 = EDGE_LOOP('',(#13197));
#13197 = ORIENTED_EDGE('',*,*,#13198,.F.);
#13198 = EDGE_CURVE('',#13199,#13199,#13201,.T.);
#13199 = VERTEX_POINT('',#13200);
#13200 = CARTESIAN_POINT('',(53.6,53.,26.9));
#13201 = SURFACE_CURVE('',#13202,(#13207,#13214),.PCURVE_S1.);
#13202 = CIRCLE('',#13203,3.1);
#13203 = AXIS2_PLACEMENT_3D('',#13204,#13205,#13206);
#13204 = CARTESIAN_POINT('',(50.5,53.,26.9));
#13205 = DIRECTION('',(-0.,1.,1.110223024625E-16));
#13206 = DIRECTION('',(1.,0.,0.));
#13207 = PCURVE('',#4521,#13208);
#13208 = DEFINITIONAL_REPRESENTATION('',(#13209),#13213);
#13209 = CIRCLE('',#13210,3.1);
#13210 = AXIS2_PLACEMENT_2D('',#13211,#13212);
#13211 = CARTESIAN_POINT('',(12.,10.5));
#13212 = DIRECTION('',(1.,0.));
#13213 = ( GEOMETRIC_REPRESENTATION_CONTEXT(2) 
PARAMETRIC_REPRESENTATION_CONTEXT() REPRESENTATION_CONTEXT('2D SPACE',''
  ) );
#13214 = PCURVE('',#4761,#13215);
#13215 = DEFINITIONAL_REPRESENTATION('',(#13216),#13220);
#13216 = LINE('',#13217,#13218);
#13217 = CARTESIAN_POINT('',(0.,2.));
#13218 = VECTOR('',#13219,1.);
#13219 = DIRECTION('',(1.,0.));
#13220 = ( GEOMETRIC_REPRESENTATION_CONTEXT(2) 
PARAMETRIC_REPRESENTATION_CONTEXT() REPRESENTATION_CONTEXT('2D SPACE',''
  ) );
#13221 = ADVANCED_FACE('',(#13222),#4493,.F.);
#13222 = FACE_BOUND('',#13223,.F.);
#13223 = EDGE_LOOP('',(#13224,#13225,#13226,#13227));
#13224 = ORIENTED_EDGE('',*,*,#13104,.F.);
#13225 = ORIENTED_EDGE('',*,*,#4477,.T.);
#13226 = ORIENTED_EDGE('',*,*,#4589,.T.);
#13227 = ORIENTED_EDGE('',*,*,#13228,.F.);
#13228 = EDGE_CURVE('',#13105,#4590,#13229,.T.);
#13229 = SURFACE_CURVE('',#13230,(#13234,#13241),.PCURVE_S1.);
#13230 = LINE('',#13231,#13232);
#13231 = CARTESIAN_POINT('',(62.5,53.,37.4));
#13232 = VECTOR('',#13233,1.);
#13233 = DIRECTION('',(0.,1.,1.110223024625E-16));
#13234 = PCURVE('',#4493,#13235);
#13235 = DEFINITIONAL_REPRESENTATION('',(#13236),#13240);
#13236 = LINE('',#13237,#13238);
#13237 = CARTESIAN_POINT('',(0.,24.));
#13238 = VECTOR('',#13239,1.);
#13239 = DIRECTION('',(1.,0.));
#13240 = ( GEOMETRIC_REPRESENTATION_CONTEXT(2) 
PARAMETRIC_REPRESENTATION_CONTEXT() REPRESENTATION_CONTEXT('2D SPACE',''
  ) );
#13241 = PCURVE('',#4628,#13242);
#13242 = DEFINITIONAL_REPRESENTATION('',(#13243),#13247);
#13243 = LINE('',#13244,#13245);
#13244 = CARTESIAN_POINT('',(0.,0.));
#13245 = VECTOR('',#13246,1.);
#13246 = DIRECTION('',(1.,0.));
#13247 = ( GEOMETRIC_REPRESENTATION_CONTEXT(2) 
PARAMETRIC_REPRESENTATION_CONTEXT() REPRESENTATION_CONTEXT('2D SPACE',''
  ) );
#13248 = ADVANCED_FACE('',(#13249),#4685,.F.);
#13249 = FACE_BOUND('',#13250,.F.);
#13250 = EDGE_LOOP('',(#13251,#13252,#13253,#13254));
#13251 = ORIENTED_EDGE('',*,*,#4668,.F.);
#13252 = ORIENTED_EDGE('',*,*,#13079,.F.);
#13253 = ORIENTED_EDGE('',*,*,#13173,.T.);
#13254 = ORIENTED_EDGE('',*,*,#13255,.T.);
#13255 = EDGE_CURVE('',#13151,#4641,#13256,.T.);
#13256 = SURFACE_CURVE('',#13257,(#13261,#13268),.PCURVE_S1.);
#13257 = LINE('',#13258,#13259);
#13258 = CARTESIAN_POINT('',(53.798484500494,51.,8.437694987151E-15));
#13259 = VECTOR('',#13260,1.);
#13260 = DIRECTION('',(0.,1.,1.110223024625E-16));
#13261 = PCURVE('',#4685,#13262);
#13262 = DEFINITIONAL_REPRESENTATION('',(#13263),#13267);
#13263 = LINE('',#13264,#13265);
#13264 = CARTESIAN_POINT('',(6.252877637213,0.));
#13265 = VECTOR('',#13266,1.);
#13266 = DIRECTION('',(0.,1.));
#13267 = ( GEOMETRIC_REPRESENTATION_CONTEXT(2) 
PARAMETRIC_REPRESENTATION_CONTEXT() REPRESENTATION_CONTEXT('2D SPACE',''
  ) );
#13268 = PCURVE('',#4656,#13269);
#13269 = DEFINITIONAL_REPRESENTATION('',(#13270),#13274);
#13270 = LINE('',#13271,#13272);
#13271 = CARTESIAN_POINT('',(166.,161.29848450049));
#13272 = VECTOR('',#13273,1.);
#13273 = DIRECTION('',(1.,0.));
#13274 = ( GEOMETRIC_REPRESENTATION_CONTEXT(2) 
PARAMETRIC_REPRESENTATION_CONTEXT() REPRESENTATION_CONTEXT('2D SPACE',''
  ) );
#13275 = ADVANCED_FACE('',(#13276),#4656,.T.);
#13276 = FACE_BOUND('',#13277,.T.);
#13277 = EDGE_LOOP('',(#13278,#13279,#13300,#13301));
#13278 = ORIENTED_EDGE('',*,*,#4640,.F.);
#13279 = ORIENTED_EDGE('',*,*,#13280,.F.);
#13280 = EDGE_CURVE('',#13128,#4613,#13281,.T.);
#13281 = SURFACE_CURVE('',#13282,(#13286,#13293),.PCURVE_S1.);
#13282 = LINE('',#13283,#13284);
#13283 = CARTESIAN_POINT('',(62.5,-31.,-6.661338147751E-16));
#13284 = VECTOR('',#13285,1.);
#13285 = DIRECTION('',(0.,1.,1.110223024625E-16));
#13286 = PCURVE('',#4656,#13287);
#13287 = DEFINITIONAL_REPRESENTATION('',(#13288),#13292);
#13288 = LINE('',#13289,#13290);
#13289 = CARTESIAN_POINT('',(84.,170.));
#13290 = VECTOR('',#13291,1.);
#13291 = DIRECTION('',(1.,0.));
#13292 = ( GEOMETRIC_REPRESENTATION_CONTEXT(2) 
PARAMETRIC_REPRESENTATION_CONTEXT() REPRESENTATION_CONTEXT('2D SPACE',''
  ) );
#13293 = PCURVE('',#4628,#13294);
#13294 = DEFINITIONAL_REPRESENTATION('',(#13295),#13299);
#13295 = LINE('',#13296,#13297);
#13296 = CARTESIAN_POINT('',(-84.,-37.4));
#13297 = VECTOR('',#13298,1.);
#13298 = DIRECTION('',(1.,0.));
#13299 = ( GEOMETRIC_REPRESENTATION_CONTEXT(2) 
PARAMETRIC_REPRESENTATION_CONTEXT() REPRESENTATION_CONTEXT('2D SPACE',''
  ) );
#13300 = ORIENTED_EDGE('',*,*,#13150,.T.);
#13301 = ORIENTED_EDGE('',*,*,#13255,.T.);
#13302 = ADVANCED_FACE('',(#13303),#4628,.T.);
#13303 = FACE_BOUND('',#13304,.T.);
#13304 = EDGE_LOOP('',(#13305,#13306,#13307,#13308));
#13305 = ORIENTED_EDGE('',*,*,#4612,.F.);
#13306 = ORIENTED_EDGE('',*,*,#13228,.F.);
#13307 = ORIENTED_EDGE('',*,*,#13127,.T.);
#13308 = ORIENTED_EDGE('',*,*,#13280,.T.);
#13309 = ADVANCED_FACE('',(#13310),#4761,.F.);
#13310 = FACE_BOUND('',#13311,.F.);
#13311 = EDGE_LOOP('',(#13312,#13313,#13334,#13335));
#13312 = ORIENTED_EDGE('',*,*,#4744,.F.);
#13313 = ORIENTED_EDGE('',*,*,#13314,.F.);
#13314 = EDGE_CURVE('',#13199,#4745,#13315,.T.);
#13315 = SEAM_CURVE('',#13316,(#13320,#13327),.PCURVE_S1.);
#13316 = LINE('',#13317,#13318);
#13317 = CARTESIAN_POINT('',(53.6,51.,26.9));
#13318 = VECTOR('',#13319,1.);
#13319 = DIRECTION('',(0.,1.,1.110223024625E-16));
#13320 = PCURVE('',#4761,#13321);
#13321 = DEFINITIONAL_REPRESENTATION('',(#13322),#13326);
#13322 = LINE('',#13323,#13324);
#13323 = CARTESIAN_POINT('',(6.28318530718,-0.));
#13324 = VECTOR('',#13325,1.);
#13325 = DIRECTION('',(0.,1.));
#13326 = ( GEOMETRIC_REPRESENTATION_CONTEXT(2) 
PARAMETRIC_REPRESENTATION_CONTEXT() REPRESENTATION_CONTEXT('2D SPACE',''
  ) );
#13327 = PCURVE('',#4761,#13328);
#13328 = DEFINITIONAL_REPRESENTATION('',(#13329),#13333);
#13329 = LINE('',#13330,#13331);
#13330 = CARTESIAN_POINT('',(0.,-0.));
#13331 = VECTOR('',#13332,1.);
#13332 = DIRECTION('',(0.,1.));
#13333 = ( GEOMETRIC_REPRESENTATION_CONTEXT(2) 
PARAMETRIC_REPRESENTATION_CONTEXT() REPRESENTATION_CONTEXT('2D SPACE',''
  ) );
#13334 = ORIENTED_EDGE('',*,*,#13198,.T.);
#13335 = ORIENTED_EDGE('',*,*,#13314,.T.);
#13336 = ADVANCED_FACE('',(#13337),#4930,.T.);
#13337 = FACE_BOUND('',#13338,.T.);
#13338 = EDGE_LOOP('',(#13339,#13340,#13361,#13362));
#13339 = ORIENTED_EDGE('',*,*,#5121,.F.);
#13340 = ORIENTED_EDGE('',*,*,#13341,.F.);
#13341 = EDGE_CURVE('',#4888,#5098,#13342,.T.);
#13342 = SURFACE_CURVE('',#13343,(#13347,#13354),.PCURVE_S1.);
#13343 = LINE('',#13344,#13345);
#13344 = CARTESIAN_POINT('',(47.201515499506,105.,1.443289932013E-14));
#13345 = VECTOR('',#13346,1.);
#13346 = DIRECTION('',(0.,1.,1.110223024625E-16));
#13347 = PCURVE('',#4930,#13348);
#13348 = DEFINITIONAL_REPRESENTATION('',(#13349),#13353);
#13349 = LINE('',#13350,#13351);
#13350 = CARTESIAN_POINT('',(220.,154.7015154995));
#13351 = VECTOR('',#13352,1.);
#13352 = DIRECTION('',(1.,0.));
#13353 = ( GEOMETRIC_REPRESENTATION_CONTEXT(2) 
PARAMETRIC_REPRESENTATION_CONTEXT() REPRESENTATION_CONTEXT('2D SPACE',''
  ) );
#13354 = PCURVE('',#4904,#13355);
#13355 = DEFINITIONAL_REPRESENTATION('',(#13356),#13360);
#13356 = LINE('',#13357,#13358);
#13357 = CARTESIAN_POINT('',(3.171900323556,0.));
#13358 = VECTOR('',#13359,1.);
#13359 = DIRECTION('',(0.,1.));
#13360 = ( GEOMETRIC_REPRESENTATION_CONTEXT(2) 
PARAMETRIC_REPRESENTATION_CONTEXT() REPRESENTATION_CONTEXT('2D SPACE',''
  ) );
#13361 = ORIENTED_EDGE('',*,*,#4916,.T.);
#13362 = ORIENTED_EDGE('',*,*,#5001,.T.);
#13363 = ADVANCED_FACE('',(#13364),#4904,.F.);
#13364 = FACE_BOUND('',#13365,.F.);
#13365 = EDGE_LOOP('',(#13366,#13367,#13368,#13369));
#13366 = ORIENTED_EDGE('',*,*,#5097,.F.);
#13367 = ORIENTED_EDGE('',*,*,#13341,.F.);
#13368 = ORIENTED_EDGE('',*,*,#4887,.T.);
#13369 = ORIENTED_EDGE('',*,*,#13370,.T.);
#13370 = EDGE_CURVE('',#4860,#5075,#13371,.T.);
#13371 = SURFACE_CURVE('',#13372,(#13376,#13383),.PCURVE_S1.);
#13372 = LINE('',#13373,#13374);
#13373 = CARTESIAN_POINT('',(53.798484500494,105.,1.443289932013E-14));
#13374 = VECTOR('',#13375,1.);
#13375 = DIRECTION('',(0.,1.,1.110223024625E-16));
#13376 = PCURVE('',#4904,#13377);
#13377 = DEFINITIONAL_REPRESENTATION('',(#13378),#13382);
#13378 = LINE('',#13379,#13380);
#13379 = CARTESIAN_POINT('',(6.252877637213,0.));
#13380 = VECTOR('',#13381,1.);
#13381 = DIRECTION('',(0.,1.));
#13382 = ( GEOMETRIC_REPRESENTATION_CONTEXT(2) 
PARAMETRIC_REPRESENTATION_CONTEXT() REPRESENTATION_CONTEXT('2D SPACE',''
  ) );
#13383 = PCURVE('',#4875,#13384);
#13384 = DEFINITIONAL_REPRESENTATION('',(#13385),#13389);
#13385 = LINE('',#13386,#13387);
#13386 = CARTESIAN_POINT('',(220.,161.29848450049));
#13387 = VECTOR('',#13388,1.);
#13388 = DIRECTION('',(1.,0.));
#13389 = ( GEOMETRIC_REPRESENTATION_CONTEXT(2) 
PARAMETRIC_REPRESENTATION_CONTEXT() REPRESENTATION_CONTEXT('2D SPACE',''
  ) );
#13390 = ADVANCED_FACE('',(#13391),#4875,.T.);
#13391 = FACE_BOUND('',#13392,.T.);
#13392 = EDGE_LOOP('',(#13393,#13394,#13415,#13416));
#13393 = ORIENTED_EDGE('',*,*,#5074,.F.);
#13394 = ORIENTED_EDGE('',*,*,#13395,.F.);
#13395 = EDGE_CURVE('',#4832,#5052,#13396,.T.);
#13396 = SURFACE_CURVE('',#13397,(#13401,#13408),.PCURVE_S1.);
#13397 = LINE('',#13398,#13399);
#13398 = CARTESIAN_POINT('',(62.5,-4.,2.331468351713E-15));
#13399 = VECTOR('',#13400,1.);
#13400 = DIRECTION('',(0.,1.,1.110223024625E-16));
#13401 = PCURVE('',#4875,#13402);
#13402 = DEFINITIONAL_REPRESENTATION('',(#13403),#13407);
#13403 = LINE('',#13404,#13405);
#13404 = CARTESIAN_POINT('',(111.,170.));
#13405 = VECTOR('',#13406,1.);
#13406 = DIRECTION('',(1.,0.));
#13407 = ( GEOMETRIC_REPRESENTATION_CONTEXT(2) 
PARAMETRIC_REPRESENTATION_CONTEXT() REPRESENTATION_CONTEXT('2D SPACE',''
  ) );
#13408 = PCURVE('',#4847,#13409);
#13409 = DEFINITIONAL_REPRESENTATION('',(#13410),#13414);
#13410 = LINE('',#13411,#13412);
#13411 = CARTESIAN_POINT('',(-111.,-53.4));
#13412 = VECTOR('',#13413,1.);
#13413 = DIRECTION('',(1.,0.));
#13414 = ( GEOMETRIC_REPRESENTATION_CONTEXT(2) 
PARAMETRIC_REPRESENTATION_CONTEXT() REPRESENTATION_CONTEXT('2D SPACE',''
  ) );
#13415 = ORIENTED_EDGE('',*,*,#4859,.T.);
#13416 = ORIENTED_EDGE('',*,*,#13370,.T.);
#13417 = ADVANCED_FACE('',(#13418),#4847,.T.);
#13418 = FACE_BOUND('',#13419,.T.);
#13419 = EDGE_LOOP('',(#13420,#13421,#13422,#13423));
#13420 = ORIENTED_EDGE('',*,*,#5051,.F.);
#13421 = ORIENTED_EDGE('',*,*,#6033,.F.);
#13422 = ORIENTED_EDGE('',*,*,#4831,.T.);
#13423 = ORIENTED_EDGE('',*,*,#13395,.T.);
#13424 = ADVANCED_FACE('',(#13425),#4961,.F.);
#13425 = FACE_BOUND('',#13426,.F.);
#13426 = EDGE_LOOP('',(#13427,#13428,#13449,#13450));
#13427 = ORIENTED_EDGE('',*,*,#5144,.F.);
#13428 = ORIENTED_EDGE('',*,*,#13429,.F.);
#13429 = EDGE_CURVE('',#4945,#5145,#13430,.T.);
#13430 = SEAM_CURVE('',#13431,(#13435,#13442),.PCURVE_S1.);
#13431 = LINE('',#13432,#13433);
#13432 = CARTESIAN_POINT('',(53.6,105.,26.9));
#13433 = VECTOR('',#13434,1.);
#13434 = DIRECTION('',(0.,1.,1.110223024625E-16));
#13435 = PCURVE('',#4961,#13436);
#13436 = DEFINITIONAL_REPRESENTATION('',(#13437),#13441);
#13437 = LINE('',#13438,#13439);
#13438 = CARTESIAN_POINT('',(6.28318530718,-0.));
#13439 = VECTOR('',#13440,1.);
#13440 = DIRECTION('',(0.,1.));
#13441 = ( GEOMETRIC_REPRESENTATION_CONTEXT(2) 
PARAMETRIC_REPRESENTATION_CONTEXT() REPRESENTATION_CONTEXT('2D SPACE',''
  ) );
#13442 = PCURVE('',#4961,#13443);
#13443 = DEFINITIONAL_REPRESENTATION('',(#13444),#13448);
#13444 = LINE('',#13445,#13446);
#13445 = CARTESIAN_POINT('',(0.,-0.));
#13446 = VECTOR('',#13447,1.);
#13447 = DIRECTION('',(0.,1.));
#13448 = ( GEOMETRIC_REPRESENTATION_CONTEXT(2) 
PARAMETRIC_REPRESENTATION_CONTEXT() REPRESENTATION_CONTEXT('2D SPACE',''
  ) );
#13449 = ORIENTED_EDGE('',*,*,#4944,.T.);
#13450 = ORIENTED_EDGE('',*,*,#13429,.T.);
#13451 = ADVANCED_FACE('',(#13452),#5189,.T.);
#13452 = FACE_BOUND('',#13453,.T.);
#13453 = EDGE_LOOP('',(#13454,#13455,#13476,#13477));
#13454 = ORIENTED_EDGE('',*,*,#5837,.F.);
#13455 = ORIENTED_EDGE('',*,*,#13456,.F.);
#13456 = EDGE_CURVE('',#5172,#5838,#13457,.T.);
#13457 = SURFACE_CURVE('',#13458,(#13462,#13469),.PCURVE_S1.);
#13458 = LINE('',#13459,#13460);
#13459 = CARTESIAN_POINT('',(45.200943480203,116.,1.565414464721E-14));
#13460 = VECTOR('',#13461,1.);
#13461 = DIRECTION('',(0.,1.,1.110223024625E-16));
#13462 = PCURVE('',#5189,#13463);
#13463 = DEFINITIONAL_REPRESENTATION('',(#13464),#13468);
#13464 = LINE('',#13465,#13466);
#13465 = CARTESIAN_POINT('',(231.,152.7009434802));
#13466 = VECTOR('',#13467,1.);
#13467 = DIRECTION('',(1.,0.));
#13468 = ( GEOMETRIC_REPRESENTATION_CONTEXT(2) 
PARAMETRIC_REPRESENTATION_CONTEXT() REPRESENTATION_CONTEXT('2D SPACE',''
  ) );
#13469 = PCURVE('',#5374,#13470);
#13470 = DEFINITIONAL_REPRESENTATION('',(#13471),#13475);
#13471 = LINE('',#13472,#13473);
#13472 = CARTESIAN_POINT('',(3.16046169779,0.));
#13473 = VECTOR('',#13474,1.);
#13474 = DIRECTION('',(0.,1.));
#13475 = ( GEOMETRIC_REPRESENTATION_CONTEXT(2) 
PARAMETRIC_REPRESENTATION_CONTEXT() REPRESENTATION_CONTEXT('2D SPACE',''
  ) );
#13476 = ORIENTED_EDGE('',*,*,#5171,.T.);
#13477 = ORIENTED_EDGE('',*,*,#13478,.T.);
#13478 = EDGE_CURVE('',#5174,#5840,#13479,.T.);
#13479 = SURFACE_CURVE('',#13480,(#13484,#13491),.PCURVE_S1.);
#13480 = LINE('',#13481,#13482);
#13481 = CARTESIAN_POINT('',(34.5,1.5,2.942091015257E-15));
#13482 = VECTOR('',#13483,1.);
#13483 = DIRECTION('',(0.,1.,1.110223024625E-16));
#13484 = PCURVE('',#5189,#13485);
#13485 = DEFINITIONAL_REPRESENTATION('',(#13486),#13490);
#13486 = LINE('',#13487,#13488);
#13487 = CARTESIAN_POINT('',(116.5,142.));
#13488 = VECTOR('',#13489,1.);
#13489 = DIRECTION('',(1.,0.));
#13490 = ( GEOMETRIC_REPRESENTATION_CONTEXT(2) 
PARAMETRIC_REPRESENTATION_CONTEXT() REPRESENTATION_CONTEXT('2D SPACE',''
  ) );
#13491 = PCURVE('',#5217,#13492);
#13492 = DEFINITIONAL_REPRESENTATION('',(#13493),#13497);
#13493 = LINE('',#13494,#13495);
#13494 = CARTESIAN_POINT('',(-116.5,-53.4));
#13495 = VECTOR('',#13496,1.);
#13496 = DIRECTION('',(1.,0.));
#13497 = ( GEOMETRIC_REPRESENTATION_CONTEXT(2) 
PARAMETRIC_REPRESENTATION_CONTEXT() REPRESENTATION_CONTEXT('2D SPACE',''
  ) );
#13498 = ADVANCED_FACE('',(#13499),#5374,.F.);
#13499 = FACE_BOUND('',#13500,.F.);
#13500 = EDGE_LOOP('',(#13501,#13502,#13503,#13504));
#13501 = ORIENTED_EDGE('',*,*,#5978,.F.);
#13502 = ORIENTED_EDGE('',*,*,#13456,.F.);
#13503 = ORIENTED_EDGE('',*,*,#5359,.T.);
#13504 = ORIENTED_EDGE('',*,*,#13505,.T.);
#13505 = EDGE_CURVE('',#5332,#5956,#13506,.T.);
#13506 = SURFACE_CURVE('',#13507,(#13511,#13518),.PCURVE_S1.);
#13507 = LINE('',#13508,#13509);
#13508 = CARTESIAN_POINT('',(55.799056519797,116.,1.565414464721E-14));
#13509 = VECTOR('',#13510,1.);
#13510 = DIRECTION('',(0.,1.,1.110223024625E-16));
#13511 = PCURVE('',#5374,#13512);
#13512 = DEFINITIONAL_REPRESENTATION('',(#13513),#13517);
#13513 = LINE('',#13514,#13515);
#13514 = CARTESIAN_POINT('',(6.26431626298,0.));
#13515 = VECTOR('',#13516,1.);
#13516 = DIRECTION('',(0.,1.));
#13517 = ( GEOMETRIC_REPRESENTATION_CONTEXT(2) 
PARAMETRIC_REPRESENTATION_CONTEXT() REPRESENTATION_CONTEXT('2D SPACE',''
  ) );
#13518 = PCURVE('',#5347,#13519);
#13519 = DEFINITIONAL_REPRESENTATION('',(#13520),#13524);
#13520 = LINE('',#13521,#13522);
#13521 = CARTESIAN_POINT('',(231.,163.29905651979));
#13522 = VECTOR('',#13523,1.);
#13523 = DIRECTION('',(1.,0.));
#13524 = ( GEOMETRIC_REPRESENTATION_CONTEXT(2) 
PARAMETRIC_REPRESENTATION_CONTEXT() REPRESENTATION_CONTEXT('2D SPACE',''
  ) );
#13525 = ADVANCED_FACE('',(#13526),#5347,.T.);
#13526 = FACE_BOUND('',#13527,.T.);
#13527 = EDGE_LOOP('',(#13528,#13529,#13550,#13551));
#13528 = ORIENTED_EDGE('',*,*,#5955,.F.);
#13529 = ORIENTED_EDGE('',*,*,#13530,.F.);
#13530 = EDGE_CURVE('',#5304,#5933,#13531,.T.);
#13531 = SURFACE_CURVE('',#13532,(#13536,#13543),.PCURVE_S1.);
#13532 = LINE('',#13533,#13534);
#13533 = CARTESIAN_POINT('',(66.5,1.5,2.942091015257E-15));
#13534 = VECTOR('',#13535,1.);
#13535 = DIRECTION('',(0.,1.,1.110223024625E-16));
#13536 = PCURVE('',#5347,#13537);
#13537 = DEFINITIONAL_REPRESENTATION('',(#13538),#13542);
#13538 = LINE('',#13539,#13540);
#13539 = CARTESIAN_POINT('',(116.5,174.));
#13540 = VECTOR('',#13541,1.);
#13541 = DIRECTION('',(1.,0.));
#13542 = ( GEOMETRIC_REPRESENTATION_CONTEXT(2) 
PARAMETRIC_REPRESENTATION_CONTEXT() REPRESENTATION_CONTEXT('2D SPACE',''
  ) );
#13543 = PCURVE('',#5319,#13544);
#13544 = DEFINITIONAL_REPRESENTATION('',(#13545),#13549);
#13545 = LINE('',#13546,#13547);
#13546 = CARTESIAN_POINT('',(-116.5,-53.4));
#13547 = VECTOR('',#13548,1.);
#13548 = DIRECTION('',(1.,0.));
#13549 = ( GEOMETRIC_REPRESENTATION_CONTEXT(2) 
PARAMETRIC_REPRESENTATION_CONTEXT() REPRESENTATION_CONTEXT('2D SPACE',''
  ) );
#13550 = ORIENTED_EDGE('',*,*,#5331,.T.);
#13551 = ORIENTED_EDGE('',*,*,#13505,.T.);
#13552 = ADVANCED_FACE('',(#13553),#5319,.T.);
#13553 = FACE_BOUND('',#13554,.T.);
#13554 = EDGE_LOOP('',(#13555,#13556,#13557,#13558));
#13555 = ORIENTED_EDGE('',*,*,#5932,.F.);
#13556 = ORIENTED_EDGE('',*,*,#6006,.F.);
#13557 = ORIENTED_EDGE('',*,*,#5303,.T.);
#13558 = ORIENTED_EDGE('',*,*,#13530,.T.);
#13559 = ADVANCED_FACE('',(#13560),#5245,.F.);
#13560 = FACE_BOUND('',#13561,.F.);
#13561 = EDGE_LOOP('',(#13562,#13563,#13584,#13585));
#13562 = ORIENTED_EDGE('',*,*,#5229,.F.);
#13563 = ORIENTED_EDGE('',*,*,#13564,.T.);
#13564 = EDGE_CURVE('',#5202,#5863,#13565,.T.);
#13565 = SURFACE_CURVE('',#13566,(#13570,#13577),.PCURVE_S1.);
#13566 = LINE('',#13567,#13568);
#13567 = CARTESIAN_POINT('',(34.5,118.,53.4));
#13568 = VECTOR('',#13569,1.);
#13569 = DIRECTION('',(0.,1.,1.110223024625E-16));
#13570 = PCURVE('',#5245,#13571);
#13571 = DEFINITIONAL_REPRESENTATION('',(#13572),#13576);
#13572 = LINE('',#13573,#13574);
#13573 = CARTESIAN_POINT('',(0.,0.));
#13574 = VECTOR('',#13575,1.);
#13575 = DIRECTION('',(1.,0.));
#13576 = ( GEOMETRIC_REPRESENTATION_CONTEXT(2) 
PARAMETRIC_REPRESENTATION_CONTEXT() REPRESENTATION_CONTEXT('2D SPACE',''
  ) );
#13577 = PCURVE('',#5217,#13578);
#13578 = DEFINITIONAL_REPRESENTATION('',(#13579),#13583);
#13579 = LINE('',#13580,#13581);
#13580 = CARTESIAN_POINT('',(0.,0.));
#13581 = VECTOR('',#13582,1.);
#13582 = DIRECTION('',(1.,0.));
#13583 = ( GEOMETRIC_REPRESENTATION_CONTEXT(2) 
PARAMETRIC_REPRESENTATION_CONTEXT() REPRESENTATION_CONTEXT('2D SPACE',''
  ) );
#13584 = ORIENTED_EDGE('',*,*,#5885,.T.);
#13585 = ORIENTED_EDGE('',*,*,#5482,.F.);
#13586 = ADVANCED_FACE('',(#13587),#5217,.F.);
#13587 = FACE_BOUND('',#13588,.F.);
#13588 = EDGE_LOOP('',(#13589,#13590,#13591,#13592));
#13589 = ORIENTED_EDGE('',*,*,#5862,.F.);
#13590 = ORIENTED_EDGE('',*,*,#13564,.F.);
#13591 = ORIENTED_EDGE('',*,*,#5201,.T.);
#13592 = ORIENTED_EDGE('',*,*,#13478,.T.);
#13593 = ADVANCED_FACE('',(#13594),#6491,.F.);
#13594 = FACE_BOUND('',#13595,.F.);
#13595 = EDGE_LOOP('',(#13596,#13597,#13618,#13619));
#13596 = ORIENTED_EDGE('',*,*,#12720,.T.);
#13597 = ORIENTED_EDGE('',*,*,#13598,.F.);
#13598 = EDGE_CURVE('',#12853,#12721,#13599,.T.);
#13599 = SURFACE_CURVE('',#13600,(#13604,#13611),.PCURVE_S1.);
#13600 = LINE('',#13601,#13602);
#13601 = CARTESIAN_POINT('',(145.5,128.,11.9));
#13602 = VECTOR('',#13603,1.);
#13603 = DIRECTION('',(0.,1.110223024625E-16,-1.));
#13604 = PCURVE('',#6491,#13605);
#13605 = DEFINITIONAL_REPRESENTATION('',(#13606),#13610);
#13606 = LINE('',#13607,#13608);
#13607 = CARTESIAN_POINT('',(0.,0.));
#13608 = VECTOR('',#13609,1.);
#13609 = DIRECTION('',(0.,1.));
#13610 = ( GEOMETRIC_REPRESENTATION_CONTEXT(2) 
PARAMETRIC_REPRESENTATION_CONTEXT() REPRESENTATION_CONTEXT('2D SPACE',''
  ) );
#13611 = PCURVE('',#6734,#13612);
#13612 = DEFINITIONAL_REPRESENTATION('',(#13613),#13617);
#13613 = LINE('',#13614,#13615);
#13614 = CARTESIAN_POINT('',(0.,0.));
#13615 = VECTOR('',#13616,1.);
#13616 = DIRECTION('',(0.,-1.));
#13617 = ( GEOMETRIC_REPRESENTATION_CONTEXT(2) 
PARAMETRIC_REPRESENTATION_CONTEXT() REPRESENTATION_CONTEXT('2D SPACE',''
  ) );
#13618 = ORIENTED_EDGE('',*,*,#12852,.T.);
#13619 = ORIENTED_EDGE('',*,*,#6475,.F.);
#13620 = ADVANCED_FACE('',(#13621),#6440,.T.);
#13621 = FACE_BOUND('',#13622,.T.);
#13622 = EDGE_LOOP('',(#13623,#13624,#13647,#13668));
#13623 = ORIENTED_EDGE('',*,*,#12698,.T.);
#13624 = ORIENTED_EDGE('',*,*,#13625,.F.);
#13625 = EDGE_CURVE('',#13626,#12671,#13628,.T.);
#13626 = VERTEX_POINT('',#13627);
#13627 = CARTESIAN_POINT('',(145.5,121.,11.9));
#13628 = SURFACE_CURVE('',#13629,(#13633,#13640),.PCURVE_S1.);
#13629 = LINE('',#13630,#13631);
#13630 = CARTESIAN_POINT('',(145.5,121.,11.9));
#13631 = VECTOR('',#13632,1.);
#13632 = DIRECTION('',(0.,1.110223024625E-16,-1.));
#13633 = PCURVE('',#6440,#13634);
#13634 = DEFINITIONAL_REPRESENTATION('',(#13635),#13639);
#13635 = LINE('',#13636,#13637);
#13636 = CARTESIAN_POINT('',(0.,0.));
#13637 = VECTOR('',#13638,1.);
#13638 = DIRECTION('',(0.,1.));
#13639 = ( GEOMETRIC_REPRESENTATION_CONTEXT(2) 
PARAMETRIC_REPRESENTATION_CONTEXT() REPRESENTATION_CONTEXT('2D SPACE',''
  ) );
#13640 = PCURVE('',#12686,#13641);
#13641 = DEFINITIONAL_REPRESENTATION('',(#13642),#13646);
#13642 = LINE('',#13643,#13644);
#13643 = CARTESIAN_POINT('',(12.,4.440892098501E-16));
#13644 = VECTOR('',#13645,1.);
#13645 = DIRECTION('',(0.,-1.));
#13646 = ( GEOMETRIC_REPRESENTATION_CONTEXT(2) 
PARAMETRIC_REPRESENTATION_CONTEXT() REPRESENTATION_CONTEXT('2D SPACE',''
  ) );
#13647 = ORIENTED_EDGE('',*,*,#13648,.T.);
#13648 = EDGE_CURVE('',#13626,#6397,#13649,.T.);
#13649 = SURFACE_CURVE('',#13650,(#13654,#13661),.PCURVE_S1.);
#13650 = LINE('',#13651,#13652);
#13651 = CARTESIAN_POINT('',(145.5,121.,11.9));
#13652 = VECTOR('',#13653,1.);
#13653 = DIRECTION('',(1.,0.,0.));
#13654 = PCURVE('',#6440,#13655);
#13655 = DEFINITIONAL_REPRESENTATION('',(#13656),#13660);
#13656 = LINE('',#13657,#13658);
#13657 = CARTESIAN_POINT('',(0.,0.));
#13658 = VECTOR('',#13659,1.);
#13659 = DIRECTION('',(1.,0.));
#13660 = ( GEOMETRIC_REPRESENTATION_CONTEXT(2) 
PARAMETRIC_REPRESENTATION_CONTEXT() REPRESENTATION_CONTEXT('2D SPACE',''
  ) );
#13661 = PCURVE('',#6412,#13662);
#13662 = DEFINITIONAL_REPRESENTATION('',(#13663),#13667);
#13663 = LINE('',#13664,#13665);
#13664 = CARTESIAN_POINT('',(12.,0.));
#13665 = VECTOR('',#13666,1.);
#13666 = DIRECTION('',(0.,1.));
#13667 = ( GEOMETRIC_REPRESENTATION_CONTEXT(2) 
PARAMETRIC_REPRESENTATION_CONTEXT() REPRESENTATION_CONTEXT('2D SPACE',''
  ) );
#13668 = ORIENTED_EDGE('',*,*,#6424,.F.);
#13669 = ADVANCED_FACE('',(#13670,#13718),#6412,.F.);
#13670 = FACE_BOUND('',#13671,.F.);
#13671 = EDGE_LOOP('',(#13672,#13695,#13716,#13717));
#13672 = ORIENTED_EDGE('',*,*,#13673,.F.);
#13673 = EDGE_CURVE('',#13674,#6369,#13676,.T.);
#13674 = VERTEX_POINT('',#13675);
#13675 = CARTESIAN_POINT('',(145.5,109.,11.9));
#13676 = SURFACE_CURVE('',#13677,(#13681,#13688),.PCURVE_S1.);
#13677 = LINE('',#13678,#13679);
#13678 = CARTESIAN_POINT('',(145.5,109.,11.9));
#13679 = VECTOR('',#13680,1.);
#13680 = DIRECTION('',(1.,0.,0.));
#13681 = PCURVE('',#6412,#13682);
#13682 = DEFINITIONAL_REPRESENTATION('',(#13683),#13687);
#13683 = LINE('',#13684,#13685);
#13684 = CARTESIAN_POINT('',(0.,0.));
#13685 = VECTOR('',#13686,1.);
#13686 = DIRECTION('',(0.,1.));
#13687 = ( GEOMETRIC_REPRESENTATION_CONTEXT(2) 
PARAMETRIC_REPRESENTATION_CONTEXT() REPRESENTATION_CONTEXT('2D SPACE',''
  ) );
#13688 = PCURVE('',#6384,#13689);
#13689 = DEFINITIONAL_REPRESENTATION('',(#13690),#13694);
#13690 = LINE('',#13691,#13692);
#13691 = CARTESIAN_POINT('',(0.,0.));
#13692 = VECTOR('',#13693,1.);
#13693 = DIRECTION('',(1.,0.));
#13694 = ( GEOMETRIC_REPRESENTATION_CONTEXT(2) 
PARAMETRIC_REPRESENTATION_CONTEXT() REPRESENTATION_CONTEXT('2D SPACE',''
  ) );
#13695 = ORIENTED_EDGE('',*,*,#13696,.T.);
#13696 = EDGE_CURVE('',#13674,#13626,#13697,.T.);
#13697 = SURFACE_CURVE('',#13698,(#13702,#13709),.PCURVE_S1.);
#13698 = LINE('',#13699,#13700);
#13699 = CARTESIAN_POINT('',(145.5,109.,11.9));
#13700 = VECTOR('',#13701,1.);
#13701 = DIRECTION('',(0.,1.,1.110223024625E-16));
#13702 = PCURVE('',#6412,#13703);
#13703 = DEFINITIONAL_REPRESENTATION('',(#13704),#13708);
#13704 = LINE('',#13705,#13706);
#13705 = CARTESIAN_POINT('',(0.,0.));
#13706 = VECTOR('',#13707,1.);
#13707 = DIRECTION('',(1.,0.));
#13708 = ( GEOMETRIC_REPRESENTATION_CONTEXT(2) 
PARAMETRIC_REPRESENTATION_CONTEXT() REPRESENTATION_CONTEXT('2D SPACE',''
  ) );
#13709 = PCURVE('',#12686,#13710);
#13710 = DEFINITIONAL_REPRESENTATION('',(#13711),#13715);
#13711 = LINE('',#13712,#13713);
#13712 = CARTESIAN_POINT('',(0.,0.));
#13713 = VECTOR('',#13714,1.);
#13714 = DIRECTION('',(1.,0.));
#13715 = ( GEOMETRIC_REPRESENTATION_CONTEXT(2) 
PARAMETRIC_REPRESENTATION_CONTEXT() REPRESENTATION_CONTEXT('2D SPACE',''
  ) );
#13716 = ORIENTED_EDGE('',*,*,#13648,.T.);
#13717 = ORIENTED_EDGE('',*,*,#6396,.F.);
#13718 = FACE_BOUND('',#13719,.F.);
#13719 = EDGE_LOOP('',(#13720));
#13720 = ORIENTED_EDGE('',*,*,#13721,.F.);
#13721 = EDGE_CURVE('',#13722,#13722,#13724,.T.);
#13722 = VERTEX_POINT('',#13723);
#13723 = CARTESIAN_POINT('',(150.5,116.7,11.9));
#13724 = SURFACE_CURVE('',#13725,(#13730,#13737),.PCURVE_S1.);
#13725 = CIRCLE('',#13726,1.7);
#13726 = AXIS2_PLACEMENT_3D('',#13727,#13728,#13729);
#13727 = CARTESIAN_POINT('',(150.5,115.,11.9));
#13728 = DIRECTION('',(0.,1.110223024625E-16,-1.));
#13729 = DIRECTION('',(0.,1.,1.110223024625E-16));
#13730 = PCURVE('',#6412,#13731);
#13731 = DEFINITIONAL_REPRESENTATION('',(#13732),#13736);
#13732 = CIRCLE('',#13733,1.7);
#13733 = AXIS2_PLACEMENT_2D('',#13734,#13735);
#13734 = CARTESIAN_POINT('',(6.,5.));
#13735 = DIRECTION('',(1.,0.));
#13736 = ( GEOMETRIC_REPRESENTATION_CONTEXT(2) 
PARAMETRIC_REPRESENTATION_CONTEXT() REPRESENTATION_CONTEXT('2D SPACE',''
  ) );
#13737 = PCURVE('',#12806,#13738);
#13738 = DEFINITIONAL_REPRESENTATION('',(#13739),#13743);
#13739 = LINE('',#13740,#13741);
#13740 = CARTESIAN_POINT('',(0.,2.));
#13741 = VECTOR('',#13742,1.);
#13742 = DIRECTION('',(1.,0.));
#13743 = ( GEOMETRIC_REPRESENTATION_CONTEXT(2) 
PARAMETRIC_REPRESENTATION_CONTEXT() REPRESENTATION_CONTEXT('2D SPACE',''
  ) );
#13744 = ADVANCED_FACE('',(#13745),#6384,.F.);
#13745 = FACE_BOUND('',#13746,.F.);
#13746 = EDGE_LOOP('',(#13747,#13748,#13769,#13770));
#13747 = ORIENTED_EDGE('',*,*,#12647,.T.);
#13748 = ORIENTED_EDGE('',*,*,#13749,.F.);
#13749 = EDGE_CURVE('',#13674,#12648,#13750,.T.);
#13750 = SURFACE_CURVE('',#13751,(#13755,#13762),.PCURVE_S1.);
#13751 = LINE('',#13752,#13753);
#13752 = CARTESIAN_POINT('',(145.5,109.,11.9));
#13753 = VECTOR('',#13754,1.);
#13754 = DIRECTION('',(0.,1.110223024625E-16,-1.));
#13755 = PCURVE('',#6384,#13756);
#13756 = DEFINITIONAL_REPRESENTATION('',(#13757),#13761);
#13757 = LINE('',#13758,#13759);
#13758 = CARTESIAN_POINT('',(0.,0.));
#13759 = VECTOR('',#13760,1.);
#13760 = DIRECTION('',(0.,1.));
#13761 = ( GEOMETRIC_REPRESENTATION_CONTEXT(2) 
PARAMETRIC_REPRESENTATION_CONTEXT() REPRESENTATION_CONTEXT('2D SPACE',''
  ) );
#13762 = PCURVE('',#12686,#13763);
#13763 = DEFINITIONAL_REPRESENTATION('',(#13764),#13768);
#13764 = LINE('',#13765,#13766);
#13765 = CARTESIAN_POINT('',(0.,0.));
#13766 = VECTOR('',#13767,1.);
#13767 = DIRECTION('',(0.,-1.));
#13768 = ( GEOMETRIC_REPRESENTATION_CONTEXT(2) 
PARAMETRIC_REPRESENTATION_CONTEXT() REPRESENTATION_CONTEXT('2D SPACE',''
  ) );
#13769 = ORIENTED_EDGE('',*,*,#13673,.T.);
#13770 = ORIENTED_EDGE('',*,*,#6368,.F.);
#13771 = ADVANCED_FACE('',(#13772),#6613,.T.);
#13772 = FACE_BOUND('',#13773,.T.);
#13773 = EDGE_LOOP('',(#13774,#13775,#13776,#13777));
#13774 = ORIENTED_EDGE('',*,*,#6774,.F.);
#13775 = ORIENTED_EDGE('',*,*,#12932,.T.);
#13776 = ORIENTED_EDGE('',*,*,#6597,.T.);
#13777 = ORIENTED_EDGE('',*,*,#12766,.T.);
#13778 = ADVANCED_FACE('',(#13779),#6734,.F.);
#13779 = FACE_BOUND('',#13780,.F.);
#13780 = EDGE_LOOP('',(#13781,#13782,#13783,#13784));
#13781 = ORIENTED_EDGE('',*,*,#12875,.F.);
#13782 = ORIENTED_EDGE('',*,*,#13598,.T.);
#13783 = ORIENTED_EDGE('',*,*,#12743,.T.);
#13784 = ORIENTED_EDGE('',*,*,#6720,.F.);
#13785 = ADVANCED_FACE('',(#13786),#6993,.T.);
#13786 = FACE_BOUND('',#13787,.T.);
#13787 = EDGE_LOOP('',(#13788,#13789,#13790,#13816));
#13788 = ORIENTED_EDGE('',*,*,#10101,.F.);
#13789 = ORIENTED_EDGE('',*,*,#7033,.T.);
#13790 = ORIENTED_EDGE('',*,*,#13791,.T.);
#13791 = EDGE_CURVE('',#7006,#6978,#13792,.T.);
#13792 = SURFACE_CURVE('',#13793,(#13798,#13805),.PCURVE_S1.);
#13793 = CIRCLE('',#13794,8.);
#13794 = AXIS2_PLACEMENT_3D('',#13795,#13796,#13797);
#13795 = CARTESIAN_POINT('',(22.5,69.,59.9));
#13796 = DIRECTION('',(0.,-1.110223024625E-16,1.));
#13797 = DIRECTION('',(1.,0.,0.));
#13798 = PCURVE('',#6993,#13799);
#13799 = DEFINITIONAL_REPRESENTATION('',(#13800),#13804);
#13800 = LINE('',#13801,#13802);
#13801 = CARTESIAN_POINT('',(7.853981633974,6.));
#13802 = VECTOR('',#13803,1.);
#13803 = DIRECTION('',(-1.,-0.));
#13804 = ( GEOMETRIC_REPRESENTATION_CONTEXT(2) 
PARAMETRIC_REPRESENTATION_CONTEXT() REPRESENTATION_CONTEXT('2D SPACE',''
  ) );
#13805 = PCURVE('',#7021,#13806);
#13806 = DEFINITIONAL_REPRESENTATION('',(#13807),#13815);
#13807 = ( BOUNDED_CURVE() B_SPLINE_CURVE(2,(#13808,#13809,#13810,#13811
    ,#13812,#13813,#13814),.UNSPECIFIED.,.T.,.F.) 
B_SPLINE_CURVE_WITH_KNOTS((1,2,2,2,2,1),(-2.094395102393,0.,
    2.094395102393,4.188790204786,6.28318530718,8.377580409573),
.UNSPECIFIED.) CURVE() GEOMETRIC_REPRESENTATION_ITEM() 
RATIONAL_B_SPLINE_CURVE((1.,0.5,1.,0.5,1.,0.5,1.)) REPRESENTATION_ITEM(
  '') );
#13808 = CARTESIAN_POINT('',(27.,8.));
#13809 = CARTESIAN_POINT('',(40.856406460551,8.));
#13810 = CARTESIAN_POINT('',(33.928203230276,-4.));
#13811 = CARTESIAN_POINT('',(27.,-16.));
#13812 = CARTESIAN_POINT('',(20.071796769724,-4.));
#13813 = CARTESIAN_POINT('',(13.143593539449,8.));
#13814 = CARTESIAN_POINT('',(27.,8.));
#13815 = ( GEOMETRIC_REPRESENTATION_CONTEXT(2) 
PARAMETRIC_REPRESENTATION_CONTEXT() REPRESENTATION_CONTEXT('2D SPACE',''
  ) );
#13816 = ORIENTED_EDGE('',*,*,#6977,.F.);
#13817 = ADVANCED_FACE('',(#13818),#7021,.T.);
#13818 = FACE_BOUND('',#13819,.T.);
#13819 = EDGE_LOOP('',(#13820,#13821));
#13820 = ORIENTED_EDGE('',*,*,#13791,.F.);
#13821 = ORIENTED_EDGE('',*,*,#7005,.F.);
#13822 = ADVANCED_FACE('',(#13823),#7204,.F.);
#13823 = FACE_BOUND('',#13824,.F.);
#13824 = EDGE_LOOP('',(#13825,#13826,#13847,#13848));
#13825 = ORIENTED_EDGE('',*,*,#7183,.T.);
#13826 = ORIENTED_EDGE('',*,*,#13827,.F.);
#13827 = EDGE_CURVE('',#7349,#7184,#13828,.T.);
#13828 = SEAM_CURVE('',#13829,(#13833,#13840),.PCURVE_S1.);
#13829 = LINE('',#13830,#13831);
#13830 = CARTESIAN_POINT('',(22.5,18.2,45.9));
#13831 = VECTOR('',#13832,1.);
#13832 = DIRECTION('',(0.,1.110223024625E-16,-1.));
#13833 = PCURVE('',#7204,#13834);
#13834 = DEFINITIONAL_REPRESENTATION('',(#13835),#13839);
#13835 = LINE('',#13836,#13837);
#13836 = CARTESIAN_POINT('',(0.,1.));
#13837 = VECTOR('',#13838,1.);
#13838 = DIRECTION('',(0.,1.));
#13839 = ( GEOMETRIC_REPRESENTATION_CONTEXT(2) 
PARAMETRIC_REPRESENTATION_CONTEXT() REPRESENTATION_CONTEXT('2D SPACE',''
  ) );
#13840 = PCURVE('',#7204,#13841);
#13841 = DEFINITIONAL_REPRESENTATION('',(#13842),#13846);
#13842 = LINE('',#13843,#13844);
#13843 = CARTESIAN_POINT('',(6.28318530718,1.));
#13844 = VECTOR('',#13845,1.);
#13845 = DIRECTION('',(0.,1.));
#13846 = ( GEOMETRIC_REPRESENTATION_CONTEXT(2) 
PARAMETRIC_REPRESENTATION_CONTEXT() REPRESENTATION_CONTEXT('2D SPACE',''
  ) );
#13847 = ORIENTED_EDGE('',*,*,#7348,.T.);
#13848 = ORIENTED_EDGE('',*,*,#13827,.T.);
#13849 = ADVANCED_FACE('',(#13850),#7284,.T.);
#13850 = FACE_BOUND('',#13851,.T.);
#13851 = EDGE_LOOP('',(#13852,#13853,#13854,#13875));
#13852 = ORIENTED_EDGE('',*,*,#7268,.F.);
#13853 = ORIENTED_EDGE('',*,*,#12516,.T.);
#13854 = ORIENTED_EDGE('',*,*,#13855,.F.);
#13855 = EDGE_CURVE('',#12361,#12517,#13856,.T.);
#13856 = SURFACE_CURVE('',#13857,(#13861,#13868),.PCURVE_S1.);
#13857 = LINE('',#13858,#13859);
#13858 = CARTESIAN_POINT('',(15.,3.990747874227,45.4));
#13859 = VECTOR('',#13860,1.);
#13860 = DIRECTION('',(0.,-1.110223024625E-16,1.));
#13861 = PCURVE('',#7284,#13862);
#13862 = DEFINITIONAL_REPRESENTATION('',(#13863),#13867);
#13863 = LINE('',#13864,#13865);
#13864 = CARTESIAN_POINT('',(12.347211521993,-2.5));
#13865 = VECTOR('',#13866,1.);
#13866 = DIRECTION('',(0.,-1.));
#13867 = ( GEOMETRIC_REPRESENTATION_CONTEXT(2) 
PARAMETRIC_REPRESENTATION_CONTEXT() REPRESENTATION_CONTEXT('2D SPACE',''
  ) );
#13868 = PCURVE('',#12399,#13869);
#13869 = DEFINITIONAL_REPRESENTATION('',(#13870),#13874);
#13870 = LINE('',#13871,#13872);
#13871 = CARTESIAN_POINT('',(2.990747874227,-2.5));
#13872 = VECTOR('',#13873,1.);
#13873 = DIRECTION('',(0.,1.));
#13874 = ( GEOMETRIC_REPRESENTATION_CONTEXT(2) 
PARAMETRIC_REPRESENTATION_CONTEXT() REPRESENTATION_CONTEXT('2D SPACE',''
  ) );
#13875 = ORIENTED_EDGE('',*,*,#12360,.F.);
#13876 = ADVANCED_FACE('',(#13877),#7444,.T.);
#13877 = FACE_BOUND('',#13878,.T.);
#13878 = EDGE_LOOP('',(#13879,#13880,#13901,#13902));
#13879 = ORIENTED_EDGE('',*,*,#10130,.T.);
#13880 = ORIENTED_EDGE('',*,*,#13881,.F.);
#13881 = EDGE_CURVE('',#7429,#10131,#13882,.T.);
#13882 = SURFACE_CURVE('',#13883,(#13887,#13894),.PCURVE_S1.);
#13883 = LINE('',#13884,#13885);
#13884 = CARTESIAN_POINT('',(14.5,26.,62.9));
#13885 = VECTOR('',#13886,1.);
#13886 = DIRECTION('',(0.,-1.110223024625E-16,1.));
#13887 = PCURVE('',#7444,#13888);
#13888 = DEFINITIONAL_REPRESENTATION('',(#13889),#13893);
#13889 = LINE('',#13890,#13891);
#13890 = CARTESIAN_POINT('',(11.,1.221245327088E-15));
#13891 = VECTOR('',#13892,1.);
#13892 = DIRECTION('',(0.,-1.));
#13893 = ( GEOMETRIC_REPRESENTATION_CONTEXT(2) 
PARAMETRIC_REPRESENTATION_CONTEXT() REPRESENTATION_CONTEXT('2D SPACE',''
  ) );
#13894 = PCURVE('',#7472,#13895);
#13895 = DEFINITIONAL_REPRESENTATION('',(#13896),#13900);
#13896 = LINE('',#13897,#13898);
#13897 = CARTESIAN_POINT('',(8.,0.));
#13898 = VECTOR('',#13899,1.);
#13899 = DIRECTION('',(0.,-1.));
#13900 = ( GEOMETRIC_REPRESENTATION_CONTEXT(2) 
PARAMETRIC_REPRESENTATION_CONTEXT() REPRESENTATION_CONTEXT('2D SPACE',''
  ) );
#13901 = ORIENTED_EDGE('',*,*,#7428,.F.);
#13902 = ORIENTED_EDGE('',*,*,#10076,.T.);
#13903 = ADVANCED_FACE('',(#13904),#7472,.T.);
#13904 = FACE_BOUND('',#13905,.T.);
#13905 = EDGE_LOOP('',(#13906,#13907,#13908,#13929));
#13906 = ORIENTED_EDGE('',*,*,#13881,.T.);
#13907 = ORIENTED_EDGE('',*,*,#10153,.T.);
#13908 = ORIENTED_EDGE('',*,*,#13909,.T.);
#13909 = EDGE_CURVE('',#10154,#7457,#13910,.T.);
#13910 = SURFACE_CURVE('',#13911,(#13915,#13922),.PCURVE_S1.);
#13911 = LINE('',#13912,#13913);
#13912 = CARTESIAN_POINT('',(11.682575694956,26.,65.9));
#13913 = VECTOR('',#13914,1.);
#13914 = DIRECTION('',(0.,1.110223024625E-16,-1.));
#13915 = PCURVE('',#7472,#13916);
#13916 = DEFINITIONAL_REPRESENTATION('',(#13917),#13921);
#13917 = LINE('',#13918,#13919);
#13918 = CARTESIAN_POINT('',(10.817424305044,-3.));
#13919 = VECTOR('',#13920,1.);
#13920 = DIRECTION('',(0.,1.));
#13921 = ( GEOMETRIC_REPRESENTATION_CONTEXT(2) 
PARAMETRIC_REPRESENTATION_CONTEXT() REPRESENTATION_CONTEXT('2D SPACE',''
  ) );
#13922 = PCURVE('',#7505,#13923);
#13923 = DEFINITIONAL_REPRESENTATION('',(#13924),#13928);
#13924 = LINE('',#13925,#13926);
#13925 = CARTESIAN_POINT('',(7.442464787907,0.));
#13926 = VECTOR('',#13927,1.);
#13927 = DIRECTION('',(0.,1.));
#13928 = ( GEOMETRIC_REPRESENTATION_CONTEXT(2) 
PARAMETRIC_REPRESENTATION_CONTEXT() REPRESENTATION_CONTEXT('2D SPACE',''
  ) );
#13929 = ORIENTED_EDGE('',*,*,#7456,.F.);
#13930 = ADVANCED_FACE('',(#13931),#7505,.T.);
#13931 = FACE_BOUND('',#13932,.T.);
#13932 = EDGE_LOOP('',(#13933,#13934,#13955,#13956));
#13933 = ORIENTED_EDGE('',*,*,#10176,.F.);
#13934 = ORIENTED_EDGE('',*,*,#13935,.T.);
#13935 = EDGE_CURVE('',#10177,#7485,#13936,.T.);
#13936 = SURFACE_CURVE('',#13937,(#13941,#13948),.PCURVE_S1.);
#13937 = LINE('',#13938,#13939);
#13938 = CARTESIAN_POINT('',(12.1,24.,65.9));
#13939 = VECTOR('',#13940,1.);
#13940 = DIRECTION('',(0.,1.110223024625E-16,-1.));
#13941 = PCURVE('',#7505,#13942);
#13942 = DEFINITIONAL_REPRESENTATION('',(#13943),#13947);
#13943 = LINE('',#13944,#13945);
#13944 = CARTESIAN_POINT('',(7.853981633974,0.));
#13945 = VECTOR('',#13946,1.);
#13946 = DIRECTION('',(0.,1.));
#13947 = ( GEOMETRIC_REPRESENTATION_CONTEXT(2) 
PARAMETRIC_REPRESENTATION_CONTEXT() REPRESENTATION_CONTEXT('2D SPACE',''
  ) );
#13948 = PCURVE('',#7533,#13949);
#13949 = DEFINITIONAL_REPRESENTATION('',(#13950),#13954);
#13950 = LINE('',#13951,#13952);
#13951 = CARTESIAN_POINT('',(-3.330669073875E-16,-3.));
#13952 = VECTOR('',#13953,1.);
#13953 = DIRECTION('',(0.,1.));
#13954 = ( GEOMETRIC_REPRESENTATION_CONTEXT(2) 
PARAMETRIC_REPRESENTATION_CONTEXT() REPRESENTATION_CONTEXT('2D SPACE',''
  ) );
#13955 = ORIENTED_EDGE('',*,*,#7484,.T.);
#13956 = ORIENTED_EDGE('',*,*,#13909,.F.);
#13957 = ADVANCED_FACE('',(#13958),#7533,.T.);
#13958 = FACE_BOUND('',#13959,.T.);
#13959 = EDGE_LOOP('',(#13960,#13961,#13962,#13983));
#13960 = ORIENTED_EDGE('',*,*,#13935,.F.);
#13961 = ORIENTED_EDGE('',*,*,#10204,.T.);
#13962 = ORIENTED_EDGE('',*,*,#13963,.F.);
#13963 = EDGE_CURVE('',#7518,#10205,#13964,.T.);
#13964 = SURFACE_CURVE('',#13965,(#13969,#13976),.PCURVE_S1.);
#13965 = LINE('',#13966,#13967);
#13966 = CARTESIAN_POINT('',(12.1,7.,59.9));
#13967 = VECTOR('',#13968,1.);
#13968 = DIRECTION('',(0.,-1.110223024625E-16,1.));
#13969 = PCURVE('',#7533,#13970);
#13970 = DEFINITIONAL_REPRESENTATION('',(#13971),#13975);
#13971 = LINE('',#13972,#13973);
#13972 = CARTESIAN_POINT('',(17.,3.));
#13973 = VECTOR('',#13974,1.);
#13974 = DIRECTION('',(0.,-1.));
#13975 = ( GEOMETRIC_REPRESENTATION_CONTEXT(2) 
PARAMETRIC_REPRESENTATION_CONTEXT() REPRESENTATION_CONTEXT('2D SPACE',''
  ) );
#13976 = PCURVE('',#7562,#13977);
#13977 = DEFINITIONAL_REPRESENTATION('',(#13978),#13982);
#13978 = LINE('',#13979,#13980);
#13979 = CARTESIAN_POINT('',(1.570796326795,6.));
#13980 = VECTOR('',#13981,1.);
#13981 = DIRECTION('',(0.,-1.));
#13982 = ( GEOMETRIC_REPRESENTATION_CONTEXT(2) 
PARAMETRIC_REPRESENTATION_CONTEXT() REPRESENTATION_CONTEXT('2D SPACE',''
  ) );
#13983 = ORIENTED_EDGE('',*,*,#7517,.F.);
#13984 = ADVANCED_FACE('',(#13985),#7562,.T.);
#13985 = FACE_BOUND('',#13986,.T.);
#13986 = EDGE_LOOP('',(#13987,#13988,#13989,#13990));
#13987 = ORIENTED_EDGE('',*,*,#7545,.F.);
#13988 = ORIENTED_EDGE('',*,*,#13963,.T.);
#13989 = ORIENTED_EDGE('',*,*,#10227,.T.);
#13990 = ORIENTED_EDGE('',*,*,#13991,.F.);
#13991 = EDGE_CURVE('',#7546,#10228,#13992,.T.);
#13992 = SURFACE_CURVE('',#13993,(#13997,#14004),.PCURVE_S1.);
#13993 = LINE('',#13994,#13995);
#13994 = CARTESIAN_POINT('',(2.1,7.,59.9));
#13995 = VECTOR('',#13996,1.);
#13996 = DIRECTION('',(0.,-1.110223024625E-16,1.));
#13997 = PCURVE('',#7562,#13998);
#13998 = DEFINITIONAL_REPRESENTATION('',(#13999),#14003);
#13999 = LINE('',#14000,#14001);
#14000 = CARTESIAN_POINT('',(4.712388980385,6.));
#14001 = VECTOR('',#14002,1.);
#14002 = DIRECTION('',(0.,-1.));
#14003 = ( GEOMETRIC_REPRESENTATION_CONTEXT(2) 
PARAMETRIC_REPRESENTATION_CONTEXT() REPRESENTATION_CONTEXT('2D SPACE',''
  ) );
#14004 = PCURVE('',#7590,#14005);
#14005 = DEFINITIONAL_REPRESENTATION('',(#14006),#14010);
#14006 = LINE('',#14007,#14008);
#14007 = CARTESIAN_POINT('',(-3.330669073875E-16,3.));
#14008 = VECTOR('',#14009,1.);
#14009 = DIRECTION('',(0.,-1.));
#14010 = ( GEOMETRIC_REPRESENTATION_CONTEXT(2) 
PARAMETRIC_REPRESENTATION_CONTEXT() REPRESENTATION_CONTEXT('2D SPACE',''
  ) );
#14011 = ADVANCED_FACE('',(#14012),#7590,.T.);
#14012 = FACE_BOUND('',#14013,.T.);
#14013 = EDGE_LOOP('',(#14014,#14015,#14036,#14037));
#14014 = ORIENTED_EDGE('',*,*,#10251,.T.);
#14015 = ORIENTED_EDGE('',*,*,#14016,.T.);
#14016 = EDGE_CURVE('',#10252,#7575,#14017,.T.);
#14017 = SURFACE_CURVE('',#14018,(#14022,#14029),.PCURVE_S1.);
#14018 = LINE('',#14019,#14020);
#14019 = CARTESIAN_POINT('',(2.1,24.,65.9));
#14020 = VECTOR('',#14021,1.);
#14021 = DIRECTION('',(0.,1.110223024625E-16,-1.));
#14022 = PCURVE('',#7590,#14023);
#14023 = DEFINITIONAL_REPRESENTATION('',(#14024),#14028);
#14024 = LINE('',#14025,#14026);
#14025 = CARTESIAN_POINT('',(17.,-3.));
#14026 = VECTOR('',#14027,1.);
#14027 = DIRECTION('',(0.,1.));
#14028 = ( GEOMETRIC_REPRESENTATION_CONTEXT(2) 
PARAMETRIC_REPRESENTATION_CONTEXT() REPRESENTATION_CONTEXT('2D SPACE',''
  ) );
#14029 = PCURVE('',#7623,#14030);
#14030 = DEFINITIONAL_REPRESENTATION('',(#14031),#14035);
#14031 = LINE('',#14032,#14033);
#14032 = CARTESIAN_POINT('',(4.712388980385,0.));
#14033 = VECTOR('',#14034,1.);
#14034 = DIRECTION('',(0.,1.));
#14035 = ( GEOMETRIC_REPRESENTATION_CONTEXT(2) 
PARAMETRIC_REPRESENTATION_CONTEXT() REPRESENTATION_CONTEXT('2D SPACE',''
  ) );
#14036 = ORIENTED_EDGE('',*,*,#7574,.F.);
#14037 = ORIENTED_EDGE('',*,*,#13991,.T.);
#14038 = ADVANCED_FACE('',(#14039),#7623,.T.);
#14039 = FACE_BOUND('',#14040,.T.);
#14040 = EDGE_LOOP('',(#14041,#14042,#14063,#14064));
#14041 = ORIENTED_EDGE('',*,*,#10274,.F.);
#14042 = ORIENTED_EDGE('',*,*,#14043,.T.);
#14043 = EDGE_CURVE('',#10275,#7603,#14044,.T.);
#14044 = SURFACE_CURVE('',#14045,(#14049,#14056),.PCURVE_S1.);
#14045 = LINE('',#14046,#14047);
#14046 = CARTESIAN_POINT('',(3.529285785729,27.5,65.9));
#14047 = VECTOR('',#14048,1.);
#14048 = DIRECTION('',(0.,1.110223024625E-16,-1.));
#14049 = PCURVE('',#7623,#14050);
#14050 = DEFINITIONAL_REPRESENTATION('',(#14051),#14055);
#14051 = LINE('',#14052,#14053);
#14052 = CARTESIAN_POINT('',(5.487786476995,0.));
#14053 = VECTOR('',#14054,1.);
#14054 = DIRECTION('',(0.,1.));
#14055 = ( GEOMETRIC_REPRESENTATION_CONTEXT(2) 
PARAMETRIC_REPRESENTATION_CONTEXT() REPRESENTATION_CONTEXT('2D SPACE',''
  ) );
#14056 = PCURVE('',#7652,#14057);
#14057 = DEFINITIONAL_REPRESENTATION('',(#14058),#14062);
#14058 = LINE('',#14059,#14060);
#14059 = CARTESIAN_POINT('',(3.936991483774,0.));
#14060 = VECTOR('',#14061,1.);
#14061 = DIRECTION('',(0.,1.));
#14062 = ( GEOMETRIC_REPRESENTATION_CONTEXT(2) 
PARAMETRIC_REPRESENTATION_CONTEXT() REPRESENTATION_CONTEXT('2D SPACE',''
  ) );
#14063 = ORIENTED_EDGE('',*,*,#7602,.T.);
#14064 = ORIENTED_EDGE('',*,*,#14016,.F.);
#14065 = ADVANCED_FACE('',(#14066),#7652,.T.);
#14066 = FACE_BOUND('',#14067,.T.);
#14067 = EDGE_LOOP('',(#14068,#14069,#14070,#14071));
#14068 = ORIENTED_EDGE('',*,*,#12586,.F.);
#14069 = ORIENTED_EDGE('',*,*,#7635,.F.);
#14070 = ORIENTED_EDGE('',*,*,#14043,.F.);
#14071 = ORIENTED_EDGE('',*,*,#10302,.T.);
#14072 = ADVANCED_FACE('',(#14073),#7709,.F.);
#14073 = FACE_BOUND('',#14074,.F.);
#14074 = EDGE_LOOP('',(#14075,#14076,#14097,#14098));
#14075 = ORIENTED_EDGE('',*,*,#7688,.T.);
#14076 = ORIENTED_EDGE('',*,*,#14077,.F.);
#14077 = EDGE_CURVE('',#10351,#7689,#14078,.T.);
#14078 = SEAM_CURVE('',#14079,(#14083,#14090),.PCURVE_S1.);
#14079 = LINE('',#14080,#14081);
#14080 = CARTESIAN_POINT('',(22.5,18.2,66.9));
#14081 = VECTOR('',#14082,1.);
#14082 = DIRECTION('',(0.,1.110223024625E-16,-1.));
#14083 = PCURVE('',#7709,#14084);
#14084 = DEFINITIONAL_REPRESENTATION('',(#14085),#14089);
#14085 = LINE('',#14086,#14087);
#14086 = CARTESIAN_POINT('',(0.,-0.));
#14087 = VECTOR('',#14088,1.);
#14088 = DIRECTION('',(0.,1.));
#14089 = ( GEOMETRIC_REPRESENTATION_CONTEXT(2) 
PARAMETRIC_REPRESENTATION_CONTEXT() REPRESENTATION_CONTEXT('2D SPACE',''
  ) );
#14090 = PCURVE('',#7709,#14091);
#14091 = DEFINITIONAL_REPRESENTATION('',(#14092),#14096);
#14092 = LINE('',#14093,#14094);
#14093 = CARTESIAN_POINT('',(6.28318530718,-0.));
#14094 = VECTOR('',#14095,1.);
#14095 = DIRECTION('',(0.,1.));
#14096 = ( GEOMETRIC_REPRESENTATION_CONTEXT(2) 
PARAMETRIC_REPRESENTATION_CONTEXT() REPRESENTATION_CONTEXT('2D SPACE',''
  ) );
#14097 = ORIENTED_EDGE('',*,*,#10350,.T.);
#14098 = ORIENTED_EDGE('',*,*,#14077,.T.);
#14099 = ADVANCED_FACE('',(#14100),#7742,.F.);
#14100 = FACE_BOUND('',#14101,.F.);
#14101 = EDGE_LOOP('',(#14102,#14103,#14124,#14125));
#14102 = ORIENTED_EDGE('',*,*,#7723,.F.);
#14103 = ORIENTED_EDGE('',*,*,#14104,.F.);
#14104 = EDGE_CURVE('',#10377,#7724,#14105,.T.);
#14105 = SURFACE_CURVE('',#14106,(#14110,#14117),.PCURVE_S1.);
#14106 = LINE('',#14107,#14108);
#14107 = CARTESIAN_POINT('',(10.413099479329,10.202052648426,66.9));
#14108 = VECTOR('',#14109,1.);
#14109 = DIRECTION('',(0.,1.110223024625E-16,-1.));
#14110 = PCURVE('',#7742,#14111);
#14111 = DEFINITIONAL_REPRESENTATION('',(#14112),#14116);
#14112 = LINE('',#14113,#14114);
#14113 = CARTESIAN_POINT('',(1.133081513358,0.));
#14114 = VECTOR('',#14115,1.);
#14115 = DIRECTION('',(0.,1.));
#14116 = ( GEOMETRIC_REPRESENTATION_CONTEXT(2) 
PARAMETRIC_REPRESENTATION_CONTEXT() REPRESENTATION_CONTEXT('2D SPACE',''
  ) );
#14117 = PCURVE('',#7771,#14118);
#14118 = DEFINITIONAL_REPRESENTATION('',(#14119),#14123);
#14119 = LINE('',#14120,#14121);
#14120 = CARTESIAN_POINT('',(1.252755070724,0.));
#14121 = VECTOR('',#14122,1.);
#14122 = DIRECTION('',(0.,1.));
#14123 = ( GEOMETRIC_REPRESENTATION_CONTEXT(2) 
PARAMETRIC_REPRESENTATION_CONTEXT() REPRESENTATION_CONTEXT('2D SPACE',''
  ) );
#14124 = ORIENTED_EDGE('',*,*,#10376,.T.);
#14125 = ORIENTED_EDGE('',*,*,#14126,.T.);
#14126 = EDGE_CURVE('',#10379,#7726,#14127,.T.);
#14127 = SURFACE_CURVE('',#14128,(#14132,#14139),.PCURVE_S1.);
#14128 = LINE('',#14129,#14130);
#14129 = CARTESIAN_POINT('',(10.523727868073,9.932222498264,66.9));
#14130 = VECTOR('',#14131,1.);
#14131 = DIRECTION('',(0.,1.110223024625E-16,-1.));
#14132 = PCURVE('',#7742,#14133);
#14133 = DEFINITIONAL_REPRESENTATION('',(#14134),#14138);
#14134 = LINE('',#14135,#14136);
#14135 = CARTESIAN_POINT('',(1.230329196515,0.));
#14136 = VECTOR('',#14137,1.);
#14137 = DIRECTION('',(0.,1.));
#14138 = ( GEOMETRIC_REPRESENTATION_CONTEXT(2) 
PARAMETRIC_REPRESENTATION_CONTEXT() REPRESENTATION_CONTEXT('2D SPACE',''
  ) );
#14139 = PCURVE('',#10035,#14140);
#14140 = DEFINITIONAL_REPRESENTATION('',(#14141),#14145);
#14141 = LINE('',#14142,#14143);
#14142 = CARTESIAN_POINT('',(1.110655639149,0.));
#14143 = VECTOR('',#14144,1.);
#14144 = DIRECTION('',(0.,1.));
#14145 = ( GEOMETRIC_REPRESENTATION_CONTEXT(2) 
PARAMETRIC_REPRESENTATION_CONTEXT() REPRESENTATION_CONTEXT('2D SPACE',''
  ) );
#14146 = ADVANCED_FACE('',(#14147),#7771,.F.);
#14147 = FACE_BOUND('',#14148,.F.);
#14148 = EDGE_LOOP('',(#14149,#14150,#14171,#14172));
#14149 = ORIENTED_EDGE('',*,*,#7754,.F.);
#14150 = ORIENTED_EDGE('',*,*,#14151,.F.);
#14151 = EDGE_CURVE('',#10403,#7755,#14152,.T.);
#14152 = SURFACE_CURVE('',#14153,(#14157,#14164),.PCURVE_S1.);
#14153 = LINE('',#14154,#14155);
#14154 = CARTESIAN_POINT('',(10.308549577833,10.474295680347,66.9));
#14155 = VECTOR('',#14156,1.);
#14156 = DIRECTION('',(0.,1.110223024625E-16,-1.));
#14157 = PCURVE('',#7771,#14158);
#14158 = DEFINITIONAL_REPRESENTATION('',(#14159),#14163);
#14159 = LINE('',#14160,#14161);
#14160 = CARTESIAN_POINT('',(1.155507387567,0.));
#14161 = VECTOR('',#14162,1.);
#14162 = DIRECTION('',(0.,1.));
#14163 = ( GEOMETRIC_REPRESENTATION_CONTEXT(2) 
PARAMETRIC_REPRESENTATION_CONTEXT() REPRESENTATION_CONTEXT('2D SPACE',''
  ) );
#14164 = PCURVE('',#7800,#14165);
#14165 = DEFINITIONAL_REPRESENTATION('',(#14166),#14170);
#14166 = LINE('',#14167,#14168);
#14167 = CARTESIAN_POINT('',(1.275180944933,0.));
#14168 = VECTOR('',#14169,1.);
#14169 = DIRECTION('',(0.,1.));
#14170 = ( GEOMETRIC_REPRESENTATION_CONTEXT(2) 
PARAMETRIC_REPRESENTATION_CONTEXT() REPRESENTATION_CONTEXT('2D SPACE',''
  ) );
#14171 = ORIENTED_EDGE('',*,*,#10402,.T.);
#14172 = ORIENTED_EDGE('',*,*,#14104,.T.);
#14173 = ADVANCED_FACE('',(#14174),#7800,.F.);
#14174 = FACE_BOUND('',#14175,.F.);
#14175 = EDGE_LOOP('',(#14176,#14177,#14198,#14199));
#14176 = ORIENTED_EDGE('',*,*,#7783,.F.);
#14177 = ORIENTED_EDGE('',*,*,#14178,.F.);
#14178 = EDGE_CURVE('',#10427,#7784,#14179,.T.);
#14179 = SURFACE_CURVE('',#14180,(#14184,#14191),.PCURVE_S1.);
#14180 = LINE('',#14181,#14182);
#14181 = CARTESIAN_POINT('',(10.210130741601,10.748814683346,66.9));
#14182 = VECTOR('',#14183,1.);
#14183 = DIRECTION('',(0.,1.110223024625E-16,-1.));
#14184 = PCURVE('',#7800,#14185);
#14185 = DEFINITIONAL_REPRESENTATION('',(#14186),#14190);
#14186 = LINE('',#14187,#14188);
#14187 = CARTESIAN_POINT('',(1.177933261776,0.));
#14188 = VECTOR('',#14189,1.);
#14189 = DIRECTION('',(0.,1.));
#14190 = ( GEOMETRIC_REPRESENTATION_CONTEXT(2) 
PARAMETRIC_REPRESENTATION_CONTEXT() REPRESENTATION_CONTEXT('2D SPACE',''
  ) );
#14191 = PCURVE('',#7829,#14192);
#14192 = DEFINITIONAL_REPRESENTATION('',(#14193),#14197);
#14193 = LINE('',#14194,#14195);
#14194 = CARTESIAN_POINT('',(1.297606819142,0.));
#14195 = VECTOR('',#14196,1.);
#14196 = DIRECTION('',(0.,1.));
#14197 = ( GEOMETRIC_REPRESENTATION_CONTEXT(2) 
PARAMETRIC_REPRESENTATION_CONTEXT() REPRESENTATION_CONTEXT('2D SPACE',''
  ) );
#14198 = ORIENTED_EDGE('',*,*,#10426,.T.);
#14199 = ORIENTED_EDGE('',*,*,#14151,.T.);
#14200 = ADVANCED_FACE('',(#14201),#7829,.F.);
#14201 = FACE_BOUND('',#14202,.F.);
#14202 = EDGE_LOOP('',(#14203,#14204,#14225,#14226));
#14203 = ORIENTED_EDGE('',*,*,#7812,.F.);
#14204 = ORIENTED_EDGE('',*,*,#14205,.F.);
#14205 = EDGE_CURVE('',#10451,#7813,#14206,.T.);
#14206 = SURFACE_CURVE('',#14207,(#14211,#14218),.PCURVE_S1.);
#14207 = LINE('',#14208,#14209);
#14208 = CARTESIAN_POINT('',(10.117892465343,11.025471602156,66.9));
#14209 = VECTOR('',#14210,1.);
#14210 = DIRECTION('',(0.,1.110223024625E-16,-1.));
#14211 = PCURVE('',#7829,#14212);
#14212 = DEFINITIONAL_REPRESENTATION('',(#14213),#14217);
#14213 = LINE('',#14214,#14215);
#14214 = CARTESIAN_POINT('',(1.200359135985,0.));
#14215 = VECTOR('',#14216,1.);
#14216 = DIRECTION('',(0.,1.));
#14217 = ( GEOMETRIC_REPRESENTATION_CONTEXT(2) 
PARAMETRIC_REPRESENTATION_CONTEXT() REPRESENTATION_CONTEXT('2D SPACE',''
  ) );
#14218 = PCURVE('',#7858,#14219);
#14219 = DEFINITIONAL_REPRESENTATION('',(#14220),#14224);
#14220 = LINE('',#14221,#14222);
#14221 = CARTESIAN_POINT('',(1.320032693351,0.));
#14222 = VECTOR('',#14223,1.);
#14223 = DIRECTION('',(0.,1.));
#14224 = ( GEOMETRIC_REPRESENTATION_CONTEXT(2) 
PARAMETRIC_REPRESENTATION_CONTEXT() REPRESENTATION_CONTEXT('2D SPACE',''
  ) );
#14225 = ORIENTED_EDGE('',*,*,#10450,.T.);
#14226 = ORIENTED_EDGE('',*,*,#14178,.T.);
#14227 = ADVANCED_FACE('',(#14228),#7858,.F.);
#14228 = FACE_BOUND('',#14229,.F.);
#14229 = EDGE_LOOP('',(#14230,#14231,#14252,#14253));
#14230 = ORIENTED_EDGE('',*,*,#7841,.F.);
#14231 = ORIENTED_EDGE('',*,*,#14232,.F.);
#14232 = EDGE_CURVE('',#10475,#7842,#14233,.T.);
#14233 = SURFACE_CURVE('',#14234,(#14238,#14245),.PCURVE_S1.);
#14234 = LINE('',#14235,#14236);
#14235 = CARTESIAN_POINT('',(10.031881135574,11.304127306357,66.9));
#14236 = VECTOR('',#14237,1.);
#14237 = DIRECTION('',(0.,1.110223024625E-16,-1.));
#14238 = PCURVE('',#7858,#14239);
#14239 = DEFINITIONAL_REPRESENTATION('',(#14240),#14244);
#14240 = LINE('',#14241,#14242);
#14241 = CARTESIAN_POINT('',(1.222785010194,0.));
#14242 = VECTOR('',#14243,1.);
#14243 = DIRECTION('',(0.,1.));
#14244 = ( GEOMETRIC_REPRESENTATION_CONTEXT(2) 
PARAMETRIC_REPRESENTATION_CONTEXT() REPRESENTATION_CONTEXT('2D SPACE',''
  ) );
#14245 = PCURVE('',#7887,#14246);
#14246 = DEFINITIONAL_REPRESENTATION('',(#14247),#14251);
#14247 = LINE('',#14248,#14249);
#14248 = CARTESIAN_POINT('',(1.34245856756,0.));
#14249 = VECTOR('',#14250,1.);
#14250 = DIRECTION('',(0.,1.));
#14251 = ( GEOMETRIC_REPRESENTATION_CONTEXT(2) 
PARAMETRIC_REPRESENTATION_CONTEXT() REPRESENTATION_CONTEXT('2D SPACE',''
  ) );
#14252 = ORIENTED_EDGE('',*,*,#10474,.T.);
#14253 = ORIENTED_EDGE('',*,*,#14205,.T.);
#14254 = ADVANCED_FACE('',(#14255),#7887,.F.);
#14255 = FACE_BOUND('',#14256,.F.);
#14256 = EDGE_LOOP('',(#14257,#14258,#14279,#14280));
#14257 = ORIENTED_EDGE('',*,*,#7870,.F.);
#14258 = ORIENTED_EDGE('',*,*,#14259,.F.);
#14259 = EDGE_CURVE('',#10499,#7871,#14260,.T.);
#14260 = SURFACE_CURVE('',#14261,(#14265,#14272),.PCURVE_S1.);
#14261 = LINE('',#14262,#14263);
#14262 = CARTESIAN_POINT('',(9.952140007284,11.584641660342,66.9));
#14263 = VECTOR('',#14264,1.);
#14264 = DIRECTION('',(0.,1.110223024625E-16,-1.));
#14265 = PCURVE('',#7887,#14266);
#14266 = DEFINITIONAL_REPRESENTATION('',(#14267),#14271);
#14267 = LINE('',#14268,#14269);
#14268 = CARTESIAN_POINT('',(1.245210884403,0.));
#14269 = VECTOR('',#14270,1.);
#14270 = DIRECTION('',(0.,1.));
#14271 = ( GEOMETRIC_REPRESENTATION_CONTEXT(2) 
PARAMETRIC_REPRESENTATION_CONTEXT() REPRESENTATION_CONTEXT('2D SPACE',''
  ) );
#14272 = PCURVE('',#7916,#14273);
#14273 = DEFINITIONAL_REPRESENTATION('',(#14274),#14278);
#14274 = LINE('',#14275,#14276);
#14275 = CARTESIAN_POINT('',(1.364884441769,0.));
#14276 = VECTOR('',#14277,1.);
#14277 = DIRECTION('',(0.,1.));
#14278 = ( GEOMETRIC_REPRESENTATION_CONTEXT(2) 
PARAMETRIC_REPRESENTATION_CONTEXT() REPRESENTATION_CONTEXT('2D SPACE',''
  ) );
#14279 = ORIENTED_EDGE('',*,*,#10498,.T.);
#14280 = ORIENTED_EDGE('',*,*,#14232,.T.);
#14281 = ADVANCED_FACE('',(#14282),#7916,.F.);
#14282 = FACE_BOUND('',#14283,.F.);
#14283 = EDGE_LOOP('',(#14284,#14285,#14306,#14307));
#14284 = ORIENTED_EDGE('',*,*,#7899,.F.);
#14285 = ORIENTED_EDGE('',*,*,#14286,.F.);
#14286 = EDGE_CURVE('',#10523,#7900,#14287,.T.);
#14287 = SURFACE_CURVE('',#14288,(#14292,#14299),.PCURVE_S1.);
#14288 = LINE('',#14289,#14290);
#14289 = CARTESIAN_POINT('',(9.878709182188,11.86687359379,66.9));
#14290 = VECTOR('',#14291,1.);
#14291 = DIRECTION('',(0.,1.110223024625E-16,-1.));
#14292 = PCURVE('',#7916,#14293);
#14293 = DEFINITIONAL_REPRESENTATION('',(#14294),#14298);
#14294 = LINE('',#14295,#14296);
#14295 = CARTESIAN_POINT('',(1.267636758613,0.));
#14296 = VECTOR('',#14297,1.);
#14297 = DIRECTION('',(0.,1.));
#14298 = ( GEOMETRIC_REPRESENTATION_CONTEXT(2) 
PARAMETRIC_REPRESENTATION_CONTEXT() REPRESENTATION_CONTEXT('2D SPACE',''
  ) );
#14299 = PCURVE('',#7945,#14300);
#14300 = DEFINITIONAL_REPRESENTATION('',(#14301),#14305);
#14301 = LINE('',#14302,#14303);
#14302 = CARTESIAN_POINT('',(1.387310315978,0.));
#14303 = VECTOR('',#14304,1.);
#14304 = DIRECTION('',(0.,1.));
#14305 = ( GEOMETRIC_REPRESENTATION_CONTEXT(2) 
PARAMETRIC_REPRESENTATION_CONTEXT() REPRESENTATION_CONTEXT('2D SPACE',''
  ) );
#14306 = ORIENTED_EDGE('',*,*,#10522,.T.);
#14307 = ORIENTED_EDGE('',*,*,#14259,.T.);
#14308 = ADVANCED_FACE('',(#14309),#7945,.F.);
#14309 = FACE_BOUND('',#14310,.F.);
#14310 = EDGE_LOOP('',(#14311,#14312,#14333,#14334));
#14311 = ORIENTED_EDGE('',*,*,#7928,.F.);
#14312 = ORIENTED_EDGE('',*,*,#14313,.F.);
#14313 = EDGE_CURVE('',#10547,#7929,#14314,.T.);
#14314 = SURFACE_CURVE('',#14315,(#14319,#14326),.PCURVE_S1.);
#14315 = LINE('',#14316,#14317);
#14316 = CARTESIAN_POINT('',(9.811625588556,12.150681172614,66.9));
#14317 = VECTOR('',#14318,1.);
#14318 = DIRECTION('',(0.,1.110223024625E-16,-1.));
#14319 = PCURVE('',#7945,#14320);
#14320 = DEFINITIONAL_REPRESENTATION('',(#14321),#14325);
#14321 = LINE('',#14322,#14323);
#14322 = CARTESIAN_POINT('',(1.290062632822,0.));
#14323 = VECTOR('',#14324,1.);
#14324 = DIRECTION('',(0.,1.));
#14325 = ( GEOMETRIC_REPRESENTATION_CONTEXT(2) 
PARAMETRIC_REPRESENTATION_CONTEXT() REPRESENTATION_CONTEXT('2D SPACE',''
  ) );
#14326 = PCURVE('',#7974,#14327);
#14327 = DEFINITIONAL_REPRESENTATION('',(#14328),#14332);
#14328 = LINE('',#14329,#14330);
#14329 = CARTESIAN_POINT('',(1.409736190188,0.));
#14330 = VECTOR('',#14331,1.);
#14331 = DIRECTION('',(0.,1.));
#14332 = ( GEOMETRIC_REPRESENTATION_CONTEXT(2) 
PARAMETRIC_REPRESENTATION_CONTEXT() REPRESENTATION_CONTEXT('2D SPACE',''
  ) );
#14333 = ORIENTED_EDGE('',*,*,#10546,.T.);
#14334 = ORIENTED_EDGE('',*,*,#14286,.T.);
#14335 = ADVANCED_FACE('',(#14336),#7974,.F.);
#14336 = FACE_BOUND('',#14337,.F.);
#14337 = EDGE_LOOP('',(#14338,#14339,#14360,#14361));
#14338 = ORIENTED_EDGE('',*,*,#7957,.F.);
#14339 = ORIENTED_EDGE('',*,*,#14340,.F.);
#14340 = EDGE_CURVE('',#10571,#7958,#14341,.T.);
#14341 = SURFACE_CURVE('',#14342,(#14346,#14353),.PCURVE_S1.);
#14342 = LINE('',#14343,#14344);
#14343 = CARTESIAN_POINT('',(9.750922962645,12.435921670335,66.9));
#14344 = VECTOR('',#14345,1.);
#14345 = DIRECTION('',(0.,1.110223024625E-16,-1.));
#14346 = PCURVE('',#7974,#14347);
#14347 = DEFINITIONAL_REPRESENTATION('',(#14348),#14352);
#14348 = LINE('',#14349,#14350);
#14349 = CARTESIAN_POINT('',(1.312488507031,0.));
#14350 = VECTOR('',#14351,1.);
#14351 = DIRECTION('',(0.,1.));
#14352 = ( GEOMETRIC_REPRESENTATION_CONTEXT(2) 
PARAMETRIC_REPRESENTATION_CONTEXT() REPRESENTATION_CONTEXT('2D SPACE',''
  ) );
#14353 = PCURVE('',#8003,#14354);
#14354 = DEFINITIONAL_REPRESENTATION('',(#14355),#14359);
#14355 = LINE('',#14356,#14357);
#14356 = CARTESIAN_POINT('',(1.432162064397,0.));
#14357 = VECTOR('',#14358,1.);
#14358 = DIRECTION('',(0.,1.));
#14359 = ( GEOMETRIC_REPRESENTATION_CONTEXT(2) 
PARAMETRIC_REPRESENTATION_CONTEXT() REPRESENTATION_CONTEXT('2D SPACE',''
  ) );
#14360 = ORIENTED_EDGE('',*,*,#10570,.T.);
#14361 = ORIENTED_EDGE('',*,*,#14313,.T.);
#14362 = ADVANCED_FACE('',(#14363),#8003,.F.);
#14363 = FACE_BOUND('',#14364,.F.);
#14364 = EDGE_LOOP('',(#14365,#14366,#14387,#14388));
#14365 = ORIENTED_EDGE('',*,*,#7986,.F.);
#14366 = ORIENTED_EDGE('',*,*,#14367,.F.);
#14367 = EDGE_CURVE('',#10595,#7987,#14368,.T.);
#14368 = SURFACE_CURVE('',#14369,(#14373,#14380),.PCURVE_S1.);
#14369 = LINE('',#14370,#14371);
#14370 = CARTESIAN_POINT('',(9.696631831729,12.72245163986,66.9));
#14371 = VECTOR('',#14372,1.);
#14372 = DIRECTION('',(0.,1.110223024625E-16,-1.));
#14373 = PCURVE('',#8003,#14374);
#14374 = DEFINITIONAL_REPRESENTATION('',(#14375),#14379);
#14375 = LINE('',#14376,#14377);
#14376 = CARTESIAN_POINT('',(1.33491438124,0.));
#14377 = VECTOR('',#14378,1.);
#14378 = DIRECTION('',(0.,1.));
#14379 = ( GEOMETRIC_REPRESENTATION_CONTEXT(2) 
PARAMETRIC_REPRESENTATION_CONTEXT() REPRESENTATION_CONTEXT('2D SPACE',''
  ) );
#14380 = PCURVE('',#8032,#14381);
#14381 = DEFINITIONAL_REPRESENTATION('',(#14382),#14386);
#14382 = LINE('',#14383,#14384);
#14383 = CARTESIAN_POINT('',(1.454587938606,0.));
#14384 = VECTOR('',#14385,1.);
#14385 = DIRECTION('',(0.,1.));
#14386 = ( GEOMETRIC_REPRESENTATION_CONTEXT(2) 
PARAMETRIC_REPRESENTATION_CONTEXT() REPRESENTATION_CONTEXT('2D SPACE',''
  ) );
#14387 = ORIENTED_EDGE('',*,*,#10594,.T.);
#14388 = ORIENTED_EDGE('',*,*,#14340,.T.);
#14389 = ADVANCED_FACE('',(#14390),#8032,.F.);
#14390 = FACE_BOUND('',#14391,.F.);
#14391 = EDGE_LOOP('',(#14392,#14393,#14414,#14415));
#14392 = ORIENTED_EDGE('',*,*,#8015,.F.);
#14393 = ORIENTED_EDGE('',*,*,#14394,.F.);
#14394 = EDGE_CURVE('',#10619,#8016,#14395,.T.);
#14395 = SURFACE_CURVE('',#14396,(#14400,#14407),.PCURVE_S1.);
#14396 = LINE('',#14397,#14398);
#14397 = CARTESIAN_POINT('',(9.64877949875,13.010126985626,66.9));
#14398 = VECTOR('',#14399,1.);
#14399 = DIRECTION('',(0.,1.110223024625E-16,-1.));
#14400 = PCURVE('',#8032,#14401);
#14401 = DEFINITIONAL_REPRESENTATION('',(#14402),#14406);
#14402 = LINE('',#14403,#14404);
#14403 = CARTESIAN_POINT('',(1.357340255449,0.));
#14404 = VECTOR('',#14405,1.);
#14405 = DIRECTION('',(0.,1.));
#14406 = ( GEOMETRIC_REPRESENTATION_CONTEXT(2) 
PARAMETRIC_REPRESENTATION_CONTEXT() REPRESENTATION_CONTEXT('2D SPACE',''
  ) );
#14407 = PCURVE('',#8061,#14408);
#14408 = DEFINITIONAL_REPRESENTATION('',(#14409),#14413);
#14409 = LINE('',#14410,#14411);
#14410 = CARTESIAN_POINT('',(1.477013812815,0.));
#14411 = VECTOR('',#14412,1.);
#14412 = DIRECTION('',(0.,1.));
#14413 = ( GEOMETRIC_REPRESENTATION_CONTEXT(2) 
PARAMETRIC_REPRESENTATION_CONTEXT() REPRESENTATION_CONTEXT('2D SPACE',''
  ) );
#14414 = ORIENTED_EDGE('',*,*,#10618,.T.);
#14415 = ORIENTED_EDGE('',*,*,#14367,.T.);
#14416 = ADVANCED_FACE('',(#14417),#8061,.F.);
#14417 = FACE_BOUND('',#14418,.F.);
#14418 = EDGE_LOOP('',(#14419,#14420,#14441,#14442));
#14419 = ORIENTED_EDGE('',*,*,#8044,.F.);
#14420 = ORIENTED_EDGE('',*,*,#14421,.F.);
#14421 = EDGE_CURVE('',#10643,#8045,#14422,.T.);
#14422 = SURFACE_CURVE('',#14423,(#14427,#14434),.PCURVE_S1.);
#14423 = LINE('',#14424,#14425);
#14424 = CARTESIAN_POINT('',(9.607390028588,13.298803036056,66.9));
#14425 = VECTOR('',#14426,1.);
#14426 = DIRECTION('',(0.,1.110223024625E-16,-1.));
#14427 = PCURVE('',#8061,#14428);
#14428 = DEFINITIONAL_REPRESENTATION('',(#14429),#14433);
#14429 = LINE('',#14430,#14431);
#14430 = CARTESIAN_POINT('',(1.379766129658,0.));
#14431 = VECTOR('',#14432,1.);
#14432 = DIRECTION('',(0.,1.));
#14433 = ( GEOMETRIC_REPRESENTATION_CONTEXT(2) 
PARAMETRIC_REPRESENTATION_CONTEXT() REPRESENTATION_CONTEXT('2D SPACE',''
  ) );
#14434 = PCURVE('',#8090,#14435);
#14435 = DEFINITIONAL_REPRESENTATION('',(#14436),#14440);
#14436 = LINE('',#14437,#14438);
#14437 = CARTESIAN_POINT('',(1.499439687024,0.));
#14438 = VECTOR('',#14439,1.);
#14439 = DIRECTION('',(0.,1.));
#14440 = ( GEOMETRIC_REPRESENTATION_CONTEXT(2) 
PARAMETRIC_REPRESENTATION_CONTEXT() REPRESENTATION_CONTEXT('2D SPACE',''
  ) );
#14441 = ORIENTED_EDGE('',*,*,#10642,.T.);
#14442 = ORIENTED_EDGE('',*,*,#14394,.T.);
#14443 = ADVANCED_FACE('',(#14444),#8090,.F.);
#14444 = FACE_BOUND('',#14445,.F.);
#14445 = EDGE_LOOP('',(#14446,#14447,#14468,#14469));
#14446 = ORIENTED_EDGE('',*,*,#8073,.F.);
#14447 = ORIENTED_EDGE('',*,*,#14448,.F.);
#14448 = EDGE_CURVE('',#10667,#8074,#14449,.T.);
#14449 = SURFACE_CURVE('',#14450,(#14454,#14461),.PCURVE_S1.);
#14450 = LINE('',#14451,#14452);
#14451 = CARTESIAN_POINT('',(9.572484235956,13.588334616325,66.9));
#14452 = VECTOR('',#14453,1.);
#14453 = DIRECTION('',(0.,1.110223024625E-16,-1.));
#14454 = PCURVE('',#8090,#14455);
#14455 = DEFINITIONAL_REPRESENTATION('',(#14456),#14460);
#14456 = LINE('',#14457,#14458);
#14457 = CARTESIAN_POINT('',(1.402192003867,0.));
#14458 = VECTOR('',#14459,1.);
#14459 = DIRECTION('',(0.,1.));
#14460 = ( GEOMETRIC_REPRESENTATION_CONTEXT(2) 
PARAMETRIC_REPRESENTATION_CONTEXT() REPRESENTATION_CONTEXT('2D SPACE',''
  ) );
#14461 = PCURVE('',#8119,#14462);
#14462 = DEFINITIONAL_REPRESENTATION('',(#14463),#14467);
#14463 = LINE('',#14464,#14465);
#14464 = CARTESIAN_POINT('',(1.521865561233,0.));
#14465 = VECTOR('',#14466,1.);
#14466 = DIRECTION('',(0.,1.));
#14467 = ( GEOMETRIC_REPRESENTATION_CONTEXT(2) 
PARAMETRIC_REPRESENTATION_CONTEXT() REPRESENTATION_CONTEXT('2D SPACE',''
  ) );
#14468 = ORIENTED_EDGE('',*,*,#10666,.T.);
#14469 = ORIENTED_EDGE('',*,*,#14421,.T.);
#14470 = ADVANCED_FACE('',(#14471),#8119,.F.);
#14471 = FACE_BOUND('',#14472,.F.);
#14472 = EDGE_LOOP('',(#14473,#14474,#14495,#14496));
#14473 = ORIENTED_EDGE('',*,*,#8102,.F.);
#14474 = ORIENTED_EDGE('',*,*,#14475,.F.);
#14475 = EDGE_CURVE('',#10691,#8103,#14476,.T.);
#14476 = SURFACE_CURVE('',#14477,(#14481,#14488),.PCURVE_S1.);
#14477 = LINE('',#14478,#14479);
#14478 = CARTESIAN_POINT('',(9.544079674933,13.878576121361,66.9));
#14479 = VECTOR('',#14480,1.);
#14480 = DIRECTION('',(0.,1.110223024625E-16,-1.));
#14481 = PCURVE('',#8119,#14482);
#14482 = DEFINITIONAL_REPRESENTATION('',(#14483),#14487);
#14483 = LINE('',#14484,#14485);
#14484 = CARTESIAN_POINT('',(1.424617878076,0.));
#14485 = VECTOR('',#14486,1.);
#14486 = DIRECTION('',(0.,1.));
#14487 = ( GEOMETRIC_REPRESENTATION_CONTEXT(2) 
PARAMETRIC_REPRESENTATION_CONTEXT() REPRESENTATION_CONTEXT('2D SPACE',''
  ) );
#14488 = PCURVE('',#8148,#14489);
#14489 = DEFINITIONAL_REPRESENTATION('',(#14490),#14494);
#14490 = LINE('',#14491,#14492);
#14491 = CARTESIAN_POINT('',(1.544291435442,0.));
#14492 = VECTOR('',#14493,1.);
#14493 = DIRECTION('',(0.,1.));
#14494 = ( GEOMETRIC_REPRESENTATION_CONTEXT(2) 
PARAMETRIC_REPRESENTATION_CONTEXT() REPRESENTATION_CONTEXT('2D SPACE',''
  ) );
#14495 = ORIENTED_EDGE('',*,*,#10690,.T.);
#14496 = ORIENTED_EDGE('',*,*,#14448,.T.);
#14497 = ADVANCED_FACE('',(#14498),#8148,.F.);
#14498 = FACE_BOUND('',#14499,.F.);
#14499 = EDGE_LOOP('',(#14500,#14501,#14522,#14523));
#14500 = ORIENTED_EDGE('',*,*,#8131,.F.);
#14501 = ORIENTED_EDGE('',*,*,#14502,.F.);
#14502 = EDGE_CURVE('',#10715,#8132,#14503,.T.);
#14503 = SURFACE_CURVE('',#14504,(#14508,#14515),.PCURVE_S1.);
#14504 = LINE('',#14505,#14506);
#14505 = CARTESIAN_POINT('',(9.522190630137,14.169381589072,66.9));
#14506 = VECTOR('',#14507,1.);
#14507 = DIRECTION('',(0.,1.110223024625E-16,-1.));
#14508 = PCURVE('',#8148,#14509);
#14509 = DEFINITIONAL_REPRESENTATION('',(#14510),#14514);
#14510 = LINE('',#14511,#14512);
#14511 = CARTESIAN_POINT('',(1.447043752285,0.));
#14512 = VECTOR('',#14513,1.);
#14513 = DIRECTION('',(0.,1.));
#14514 = ( GEOMETRIC_REPRESENTATION_CONTEXT(2) 
PARAMETRIC_REPRESENTATION_CONTEXT() REPRESENTATION_CONTEXT('2D SPACE',''
  ) );
#14515 = PCURVE('',#8177,#14516);
#14516 = DEFINITIONAL_REPRESENTATION('',(#14517),#14521);
#14517 = LINE('',#14518,#14519);
#14518 = CARTESIAN_POINT('',(1.566717309651,0.));
#14519 = VECTOR('',#14520,1.);
#14520 = DIRECTION('',(0.,1.));
#14521 = ( GEOMETRIC_REPRESENTATION_CONTEXT(2) 
PARAMETRIC_REPRESENTATION_CONTEXT() REPRESENTATION_CONTEXT('2D SPACE',''
  ) );
#14522 = ORIENTED_EDGE('',*,*,#10714,.T.);
#14523 = ORIENTED_EDGE('',*,*,#14475,.T.);
#14524 = ADVANCED_FACE('',(#14525),#8177,.F.);
#14525 = FACE_BOUND('',#14526,.F.);
#14526 = EDGE_LOOP('',(#14527,#14528,#14549,#14550));
#14527 = ORIENTED_EDGE('',*,*,#8160,.F.);
#14528 = ORIENTED_EDGE('',*,*,#14529,.F.);
#14529 = EDGE_CURVE('',#10739,#8161,#14530,.T.);
#14530 = SURFACE_CURVE('',#14531,(#14535,#14542),.PCURVE_S1.);
#14531 = LINE('',#14532,#14533);
#14532 = CARTESIAN_POINT('',(9.506828109543,14.460604773749,66.9));
#14533 = VECTOR('',#14534,1.);
#14534 = DIRECTION('',(0.,1.110223024625E-16,-1.));
#14535 = PCURVE('',#8177,#14536);
#14536 = DEFINITIONAL_REPRESENTATION('',(#14537),#14541);
#14537 = LINE('',#14538,#14539);
#14538 = CARTESIAN_POINT('',(1.469469626494,0.));
#14539 = VECTOR('',#14540,1.);
#14540 = DIRECTION('',(0.,1.));
#14541 = ( GEOMETRIC_REPRESENTATION_CONTEXT(2) 
PARAMETRIC_REPRESENTATION_CONTEXT() REPRESENTATION_CONTEXT('2D SPACE',''
  ) );
#14542 = PCURVE('',#8206,#14543);
#14543 = DEFINITIONAL_REPRESENTATION('',(#14544),#14548);
#14544 = LINE('',#14545,#14546);
#14545 = CARTESIAN_POINT('',(1.58914318386,0.));
#14546 = VECTOR('',#14547,1.);
#14547 = DIRECTION('',(0.,1.));
#14548 = ( GEOMETRIC_REPRESENTATION_CONTEXT(2) 
PARAMETRIC_REPRESENTATION_CONTEXT() REPRESENTATION_CONTEXT('2D SPACE',''
  ) );
#14549 = ORIENTED_EDGE('',*,*,#10738,.T.);
#14550 = ORIENTED_EDGE('',*,*,#14502,.T.);
#14551 = ADVANCED_FACE('',(#14552),#8206,.F.);
#14552 = FACE_BOUND('',#14553,.F.);
#14553 = EDGE_LOOP('',(#14554,#14555,#14576,#14577));
#14554 = ORIENTED_EDGE('',*,*,#8189,.F.);
#14555 = ORIENTED_EDGE('',*,*,#14556,.F.);
#14556 = EDGE_CURVE('',#10763,#8190,#14557,.T.);
#14557 = SURFACE_CURVE('',#14558,(#14562,#14569),.PCURVE_S1.);
#14558 = LINE('',#14559,#14560);
#14559 = CARTESIAN_POINT('',(9.497999838942,14.752099219615,66.9));
#14560 = VECTOR('',#14561,1.);
#14561 = DIRECTION('',(0.,1.110223024625E-16,-1.));
#14562 = PCURVE('',#8206,#14563);
#14563 = DEFINITIONAL_REPRESENTATION('',(#14564),#14568);
#14564 = LINE('',#14565,#14566);
#14565 = CARTESIAN_POINT('',(1.491895500703,0.));
#14566 = VECTOR('',#14567,1.);
#14567 = DIRECTION('',(0.,1.));
#14568 = ( GEOMETRIC_REPRESENTATION_CONTEXT(2) 
PARAMETRIC_REPRESENTATION_CONTEXT() REPRESENTATION_CONTEXT('2D SPACE',''
  ) );
#14569 = PCURVE('',#8235,#14570);
#14570 = DEFINITIONAL_REPRESENTATION('',(#14571),#14575);
#14571 = LINE('',#14572,#14573);
#14572 = CARTESIAN_POINT('',(1.611569058069,0.));
#14573 = VECTOR('',#14574,1.);
#14574 = DIRECTION('',(0.,1.));
#14575 = ( GEOMETRIC_REPRESENTATION_CONTEXT(2) 
PARAMETRIC_REPRESENTATION_CONTEXT() REPRESENTATION_CONTEXT('2D SPACE',''
  ) );
#14576 = ORIENTED_EDGE('',*,*,#10762,.T.);
#14577 = ORIENTED_EDGE('',*,*,#14529,.T.);
#14578 = ADVANCED_FACE('',(#14579),#8235,.F.);
#14579 = FACE_BOUND('',#14580,.F.);
#14580 = EDGE_LOOP('',(#14581,#14582,#14603,#14604));
#14581 = ORIENTED_EDGE('',*,*,#8218,.F.);
#14582 = ORIENTED_EDGE('',*,*,#14583,.F.);
#14583 = EDGE_CURVE('',#10787,#8219,#14584,.T.);
#14584 = SURFACE_CURVE('',#14585,(#14589,#14596),.PCURVE_S1.);
#14585 = LINE('',#14586,#14587);
#14586 = CARTESIAN_POINT('',(9.495710258061,15.043718334475,66.9));
#14587 = VECTOR('',#14588,1.);
#14588 = DIRECTION('',(0.,1.110223024625E-16,-1.));
#14589 = PCURVE('',#8235,#14590);
#14590 = DEFINITIONAL_REPRESENTATION('',(#14591),#14595);
#14591 = LINE('',#14592,#14593);
#14592 = CARTESIAN_POINT('',(1.514321374912,0.));
#14593 = VECTOR('',#14594,1.);
#14594 = DIRECTION('',(0.,1.));
#14595 = ( GEOMETRIC_REPRESENTATION_CONTEXT(2) 
PARAMETRIC_REPRESENTATION_CONTEXT() REPRESENTATION_CONTEXT('2D SPACE',''
  ) );
#14596 = PCURVE('',#8264,#14597);
#14597 = DEFINITIONAL_REPRESENTATION('',(#14598),#14602);
#14598 = LINE('',#14599,#14600);
#14599 = CARTESIAN_POINT('',(1.633994932278,0.));
#14600 = VECTOR('',#14601,1.);
#14601 = DIRECTION('',(0.,1.));
#14602 = ( GEOMETRIC_REPRESENTATION_CONTEXT(2) 
PARAMETRIC_REPRESENTATION_CONTEXT() REPRESENTATION_CONTEXT('2D SPACE',''
  ) );
#14603 = ORIENTED_EDGE('',*,*,#10786,.T.);
#14604 = ORIENTED_EDGE('',*,*,#14556,.T.);
#14605 = ADVANCED_FACE('',(#14606),#8264,.F.);
#14606 = FACE_BOUND('',#14607,.F.);
#14607 = EDGE_LOOP('',(#14608,#14609,#14630,#14631));
#14608 = ORIENTED_EDGE('',*,*,#8247,.F.);
#14609 = ORIENTED_EDGE('',*,*,#14610,.F.);
#14610 = EDGE_CURVE('',#10811,#8248,#14611,.T.);
#14611 = SURFACE_CURVE('',#14612,(#14616,#14623),.PCURVE_S1.);
#14612 = LINE('',#14613,#14614);
#14613 = CARTESIAN_POINT('',(9.499960518327,15.335315463439,66.9));
#14614 = VECTOR('',#14615,1.);
#14615 = DIRECTION('',(0.,1.110223024625E-16,-1.));
#14616 = PCURVE('',#8264,#14617);
#14617 = DEFINITIONAL_REPRESENTATION('',(#14618),#14622);
#14618 = LINE('',#14619,#14620);
#14619 = CARTESIAN_POINT('',(1.536747249121,0.));
#14620 = VECTOR('',#14621,1.);
#14621 = DIRECTION('',(0.,1.));
#14622 = ( GEOMETRIC_REPRESENTATION_CONTEXT(2) 
PARAMETRIC_REPRESENTATION_CONTEXT() REPRESENTATION_CONTEXT('2D SPACE',''
  ) );
#14623 = PCURVE('',#8293,#14624);
#14624 = DEFINITIONAL_REPRESENTATION('',(#14625),#14629);
#14625 = LINE('',#14626,#14627);
#14626 = CARTESIAN_POINT('',(1.656420806487,0.));
#14627 = VECTOR('',#14628,1.);
#14628 = DIRECTION('',(0.,1.));
#14629 = ( GEOMETRIC_REPRESENTATION_CONTEXT(2) 
PARAMETRIC_REPRESENTATION_CONTEXT() REPRESENTATION_CONTEXT('2D SPACE',''
  ) );
#14630 = ORIENTED_EDGE('',*,*,#10810,.T.);
#14631 = ORIENTED_EDGE('',*,*,#14583,.T.);
#14632 = ADVANCED_FACE('',(#14633),#8293,.F.);
#14633 = FACE_BOUND('',#14634,.F.);
#14634 = EDGE_LOOP('',(#14635,#14636,#14657,#14658));
#14635 = ORIENTED_EDGE('',*,*,#8276,.F.);
#14636 = ORIENTED_EDGE('',*,*,#14637,.F.);
#14637 = EDGE_CURVE('',#10835,#8277,#14638,.T.);
#14638 = SURFACE_CURVE('',#14639,(#14643,#14650),.PCURVE_S1.);
#14639 = LINE('',#14640,#14641);
#14640 = CARTESIAN_POINT('',(9.51074848229,15.626743962674,66.9));
#14641 = VECTOR('',#14642,1.);
#14642 = DIRECTION('',(0.,1.110223024625E-16,-1.));
#14643 = PCURVE('',#8293,#14644);
#14644 = DEFINITIONAL_REPRESENTATION('',(#14645),#14649);
#14645 = LINE('',#14646,#14647);
#14646 = CARTESIAN_POINT('',(1.55917312333,0.));
#14647 = VECTOR('',#14648,1.);
#14648 = DIRECTION('',(0.,1.));
#14649 = ( GEOMETRIC_REPRESENTATION_CONTEXT(2) 
PARAMETRIC_REPRESENTATION_CONTEXT() REPRESENTATION_CONTEXT('2D SPACE',''
  ) );
#14650 = PCURVE('',#8322,#14651);
#14651 = DEFINITIONAL_REPRESENTATION('',(#14652),#14656);
#14652 = LINE('',#14653,#14654);
#14653 = CARTESIAN_POINT('',(1.678846680696,0.));
#14654 = VECTOR('',#14655,1.);
#14655 = DIRECTION('',(0.,1.));
#14656 = ( GEOMETRIC_REPRESENTATION_CONTEXT(2) 
PARAMETRIC_REPRESENTATION_CONTEXT() REPRESENTATION_CONTEXT('2D SPACE',''
  ) );
#14657 = ORIENTED_EDGE('',*,*,#10834,.T.);
#14658 = ORIENTED_EDGE('',*,*,#14610,.T.);
#14659 = ADVANCED_FACE('',(#14660),#8322,.F.);
#14660 = FACE_BOUND('',#14661,.F.);
#14661 = EDGE_LOOP('',(#14662,#14663,#14684,#14685));
#14662 = ORIENTED_EDGE('',*,*,#8305,.F.);
#14663 = ORIENTED_EDGE('',*,*,#14664,.F.);
#14664 = EDGE_CURVE('',#10859,#8306,#14665,.T.);
#14665 = SURFACE_CURVE('',#14666,(#14670,#14677),.PCURVE_S1.);
#14666 = LINE('',#14667,#14668);
#14667 = CARTESIAN_POINT('',(9.528068724696,15.917857273148,66.9));
#14668 = VECTOR('',#14669,1.);
#14669 = DIRECTION('',(0.,1.110223024625E-16,-1.));
#14670 = PCURVE('',#8322,#14671);
#14671 = DEFINITIONAL_REPRESENTATION('',(#14672),#14676);
#14672 = LINE('',#14673,#14674);
#14673 = CARTESIAN_POINT('',(1.58159899754,0.));
#14674 = VECTOR('',#14675,1.);
#14675 = DIRECTION('',(0.,1.));
#14676 = ( GEOMETRIC_REPRESENTATION_CONTEXT(2) 
PARAMETRIC_REPRESENTATION_CONTEXT() REPRESENTATION_CONTEXT('2D SPACE',''
  ) );
#14677 = PCURVE('',#8351,#14678);
#14678 = DEFINITIONAL_REPRESENTATION('',(#14679),#14683);
#14679 = LINE('',#14680,#14681);
#14680 = CARTESIAN_POINT('',(1.701272554906,0.));
#14681 = VECTOR('',#14682,1.);
#14682 = DIRECTION('',(0.,1.));
#14683 = ( GEOMETRIC_REPRESENTATION_CONTEXT(2) 
PARAMETRIC_REPRESENTATION_CONTEXT() REPRESENTATION_CONTEXT('2D SPACE',''
  ) );
#14684 = ORIENTED_EDGE('',*,*,#10858,.T.);
#14685 = ORIENTED_EDGE('',*,*,#14637,.T.);
#14686 = ADVANCED_FACE('',(#14687),#8351,.F.);
#14687 = FACE_BOUND('',#14688,.F.);
#14688 = EDGE_LOOP('',(#14689,#14690,#14711,#14712));
#14689 = ORIENTED_EDGE('',*,*,#8334,.F.);
#14690 = ORIENTED_EDGE('',*,*,#14691,.F.);
#14691 = EDGE_CURVE('',#10883,#8335,#14692,.T.);
#14692 = SURFACE_CURVE('',#14693,(#14697,#14704),.PCURVE_S1.);
#14693 = LINE('',#14694,#14695);
#14694 = CARTESIAN_POINT('',(9.551912535217,16.208508994341,66.9));
#14695 = VECTOR('',#14696,1.);
#14696 = DIRECTION('',(0.,1.110223024625E-16,-1.));
#14697 = PCURVE('',#8351,#14698);
#14698 = DEFINITIONAL_REPRESENTATION('',(#14699),#14703);
#14699 = LINE('',#14700,#14701);
#14700 = CARTESIAN_POINT('',(1.604024871749,0.));
#14701 = VECTOR('',#14702,1.);
#14702 = DIRECTION('',(0.,1.));
#14703 = ( GEOMETRIC_REPRESENTATION_CONTEXT(2) 
PARAMETRIC_REPRESENTATION_CONTEXT() REPRESENTATION_CONTEXT('2D SPACE',''
  ) );
#14704 = PCURVE('',#8380,#14705);
#14705 = DEFINITIONAL_REPRESENTATION('',(#14706),#14710);
#14706 = LINE('',#14707,#14708);
#14707 = CARTESIAN_POINT('',(1.723698429115,0.));
#14708 = VECTOR('',#14709,1.);
#14709 = DIRECTION('',(0.,1.));
#14710 = ( GEOMETRIC_REPRESENTATION_CONTEXT(2) 
PARAMETRIC_REPRESENTATION_CONTEXT() REPRESENTATION_CONTEXT('2D SPACE',''
  ) );
#14711 = ORIENTED_EDGE('',*,*,#10882,.T.);
#14712 = ORIENTED_EDGE('',*,*,#14664,.T.);
#14713 = ADVANCED_FACE('',(#14714),#8380,.F.);
#14714 = FACE_BOUND('',#14715,.F.);
#14715 = EDGE_LOOP('',(#14716,#14717,#14738,#14739));
#14716 = ORIENTED_EDGE('',*,*,#8363,.F.);
#14717 = ORIENTED_EDGE('',*,*,#14718,.F.);
#14718 = EDGE_CURVE('',#10907,#8364,#14719,.T.);
#14719 = SURFACE_CURVE('',#14720,(#14724,#14731),.PCURVE_S1.);
#14720 = LINE('',#14721,#14722);
#14721 = CARTESIAN_POINT('',(9.58226792283,16.498552957862,66.9));
#14722 = VECTOR('',#14723,1.);
#14723 = DIRECTION('',(0.,1.110223024625E-16,-1.));
#14724 = PCURVE('',#8380,#14725);
#14725 = DEFINITIONAL_REPRESENTATION('',(#14726),#14730);
#14726 = LINE('',#14727,#14728);
#14727 = CARTESIAN_POINT('',(1.626450745958,0.));
#14728 = VECTOR('',#14729,1.);
#14729 = DIRECTION('',(0.,1.));
#14730 = ( GEOMETRIC_REPRESENTATION_CONTEXT(2) 
PARAMETRIC_REPRESENTATION_CONTEXT() REPRESENTATION_CONTEXT('2D SPACE',''
  ) );
#14731 = PCURVE('',#8409,#14732);
#14732 = DEFINITIONAL_REPRESENTATION('',(#14733),#14737);
#14733 = LINE('',#14734,#14735);
#14734 = CARTESIAN_POINT('',(1.746124303324,0.));
#14735 = VECTOR('',#14736,1.);
#14736 = DIRECTION('',(0.,1.));
#14737 = ( GEOMETRIC_REPRESENTATION_CONTEXT(2) 
PARAMETRIC_REPRESENTATION_CONTEXT() REPRESENTATION_CONTEXT('2D SPACE',''
  ) );
#14738 = ORIENTED_EDGE('',*,*,#10906,.T.);
#14739 = ORIENTED_EDGE('',*,*,#14691,.T.);
#14740 = ADVANCED_FACE('',(#14741),#8409,.F.);
#14741 = FACE_BOUND('',#14742,.F.);
#14742 = EDGE_LOOP('',(#14743,#14744,#14765,#14766));
#14743 = ORIENTED_EDGE('',*,*,#8392,.F.);
#14744 = ORIENTED_EDGE('',*,*,#14745,.F.);
#14745 = EDGE_CURVE('',#10931,#8393,#14746,.T.);
#14746 = SURFACE_CURVE('',#14747,(#14751,#14758),.PCURVE_S1.);
#14747 = LINE('',#14748,#14749);
#14748 = CARTESIAN_POINT('',(9.619119621848,16.787843300964,66.9));
#14749 = VECTOR('',#14750,1.);
#14750 = DIRECTION('',(0.,1.110223024625E-16,-1.));
#14751 = PCURVE('',#8409,#14752);
#14752 = DEFINITIONAL_REPRESENTATION('',(#14753),#14757);
#14753 = LINE('',#14754,#14755);
#14754 = CARTESIAN_POINT('',(1.648876620167,0.));
#14755 = VECTOR('',#14756,1.);
#14756 = DIRECTION('',(0.,1.));
#14757 = ( GEOMETRIC_REPRESENTATION_CONTEXT(2) 
PARAMETRIC_REPRESENTATION_CONTEXT() REPRESENTATION_CONTEXT('2D SPACE',''
  ) );
#14758 = PCURVE('',#8438,#14759);
#14759 = DEFINITIONAL_REPRESENTATION('',(#14760),#14764);
#14760 = LINE('',#14761,#14762);
#14761 = CARTESIAN_POINT('',(1.768550177533,0.));
#14762 = VECTOR('',#14763,1.);
#14763 = DIRECTION('',(0.,1.));
#14764 = ( GEOMETRIC_REPRESENTATION_CONTEXT(2) 
PARAMETRIC_REPRESENTATION_CONTEXT() REPRESENTATION_CONTEXT('2D SPACE',''
  ) );
#14765 = ORIENTED_EDGE('',*,*,#10930,.T.);
#14766 = ORIENTED_EDGE('',*,*,#14718,.T.);
#14767 = ADVANCED_FACE('',(#14768),#8438,.F.);
#14768 = FACE_BOUND('',#14769,.F.);
#14769 = EDGE_LOOP('',(#14770,#14771,#14792,#14793));
#14770 = ORIENTED_EDGE('',*,*,#8421,.F.);
#14771 = ORIENTED_EDGE('',*,*,#14772,.F.);
#14772 = EDGE_CURVE('',#10955,#8422,#14773,.T.);
#14773 = SURFACE_CURVE('',#14774,(#14778,#14785),.PCURVE_S1.);
#14774 = LINE('',#14775,#14776);
#14775 = CARTESIAN_POINT('',(9.662449099597,17.076234539892,66.9));
#14776 = VECTOR('',#14777,1.);
#14777 = DIRECTION('',(0.,1.110223024625E-16,-1.));
#14778 = PCURVE('',#8438,#14779);
#14779 = DEFINITIONAL_REPRESENTATION('',(#14780),#14784);
#14780 = LINE('',#14781,#14782);
#14781 = CARTESIAN_POINT('',(1.671302494376,0.));
#14782 = VECTOR('',#14783,1.);
#14783 = DIRECTION('',(0.,1.));
#14784 = ( GEOMETRIC_REPRESENTATION_CONTEXT(2) 
PARAMETRIC_REPRESENTATION_CONTEXT() REPRESENTATION_CONTEXT('2D SPACE',''
  ) );
#14785 = PCURVE('',#8467,#14786);
#14786 = DEFINITIONAL_REPRESENTATION('',(#14787),#14791);
#14787 = LINE('',#14788,#14789);
#14788 = CARTESIAN_POINT('',(1.790976051742,0.));
#14789 = VECTOR('',#14790,1.);
#14790 = DIRECTION('',(0.,1.));
#14791 = ( GEOMETRIC_REPRESENTATION_CONTEXT(2) 
PARAMETRIC_REPRESENTATION_CONTEXT() REPRESENTATION_CONTEXT('2D SPACE',''
  ) );
#14792 = ORIENTED_EDGE('',*,*,#10954,.T.);
#14793 = ORIENTED_EDGE('',*,*,#14745,.T.);
#14794 = ADVANCED_FACE('',(#14795),#8467,.F.);
#14795 = FACE_BOUND('',#14796,.F.);
#14796 = EDGE_LOOP('',(#14797,#14798,#14819,#14820));
#14797 = ORIENTED_EDGE('',*,*,#8450,.F.);
#14798 = ORIENTED_EDGE('',*,*,#14799,.F.);
#14799 = EDGE_CURVE('',#10979,#8451,#14800,.T.);
#14800 = SURFACE_CURVE('',#14801,(#14805,#14812),.PCURVE_S1.);
#14801 = LINE('',#14802,#14803);
#14802 = CARTESIAN_POINT('',(9.712234565738,17.363581643051,66.9));
#14803 = VECTOR('',#14804,1.);
#14804 = DIRECTION('',(0.,1.110223024625E-16,-1.));
#14805 = PCURVE('',#8467,#14806);
#14806 = DEFINITIONAL_REPRESENTATION('',(#14807),#14811);
#14807 = LINE('',#14808,#14809);
#14808 = CARTESIAN_POINT('',(1.693728368585,0.));
#14809 = VECTOR('',#14810,1.);
#14810 = DIRECTION('',(0.,1.));
#14811 = ( GEOMETRIC_REPRESENTATION_CONTEXT(2) 
PARAMETRIC_REPRESENTATION_CONTEXT() REPRESENTATION_CONTEXT('2D SPACE',''
  ) );
#14812 = PCURVE('',#8496,#14813);
#14813 = DEFINITIONAL_REPRESENTATION('',(#14814),#14818);
#14814 = LINE('',#14815,#14816);
#14815 = CARTESIAN_POINT('',(1.813401925951,0.));
#14816 = VECTOR('',#14817,1.);
#14817 = DIRECTION('',(0.,1.));
#14818 = ( GEOMETRIC_REPRESENTATION_CONTEXT(2) 
PARAMETRIC_REPRESENTATION_CONTEXT() REPRESENTATION_CONTEXT('2D SPACE',''
  ) );
#14819 = ORIENTED_EDGE('',*,*,#10978,.T.);
#14820 = ORIENTED_EDGE('',*,*,#14772,.T.);
#14821 = ADVANCED_FACE('',(#14822),#8496,.F.);
#14822 = FACE_BOUND('',#14823,.F.);
#14823 = EDGE_LOOP('',(#14824,#14825,#14846,#14847));
#14824 = ORIENTED_EDGE('',*,*,#8479,.F.);
#14825 = ORIENTED_EDGE('',*,*,#14826,.F.);
#14826 = EDGE_CURVE('',#11003,#8480,#14827,.T.);
#14827 = SURFACE_CURVE('',#14828,(#14832,#14839),.PCURVE_S1.);
#14828 = LINE('',#14829,#14830);
#14829 = CARTESIAN_POINT('',(9.768450983221,17.649740103939,66.9));
#14830 = VECTOR('',#14831,1.);
#14831 = DIRECTION('',(0.,1.110223024625E-16,-1.));
#14832 = PCURVE('',#8496,#14833);
#14833 = DEFINITIONAL_REPRESENTATION('',(#14834),#14838);
#14834 = LINE('',#14835,#14836);
#14835 = CARTESIAN_POINT('',(1.716154242794,0.));
#14836 = VECTOR('',#14837,1.);
#14837 = DIRECTION('',(0.,1.));
#14838 = ( GEOMETRIC_REPRESENTATION_CONTEXT(2) 
PARAMETRIC_REPRESENTATION_CONTEXT() REPRESENTATION_CONTEXT('2D SPACE',''
  ) );
#14839 = PCURVE('',#8525,#14840);
#14840 = DEFINITIONAL_REPRESENTATION('',(#14841),#14845);
#14841 = LINE('',#14842,#14843);
#14842 = CARTESIAN_POINT('',(1.83582780016,0.));
#14843 = VECTOR('',#14844,1.);
#14844 = DIRECTION('',(0.,1.));
#14845 = ( GEOMETRIC_REPRESENTATION_CONTEXT(2) 
PARAMETRIC_REPRESENTATION_CONTEXT() REPRESENTATION_CONTEXT('2D SPACE',''
  ) );
#14846 = ORIENTED_EDGE('',*,*,#11002,.T.);
#14847 = ORIENTED_EDGE('',*,*,#14799,.T.);
#14848 = ADVANCED_FACE('',(#14849),#8525,.F.);
#14849 = FACE_BOUND('',#14850,.F.);
#14850 = EDGE_LOOP('',(#14851,#14852,#14873,#14874));
#14851 = ORIENTED_EDGE('',*,*,#8508,.F.);
#14852 = ORIENTED_EDGE('',*,*,#14853,.F.);
#14853 = EDGE_CURVE('',#11027,#8509,#14854,.T.);
#14854 = SURFACE_CURVE('',#14855,(#14859,#14866),.PCURVE_S1.);
#14855 = LINE('',#14856,#14857);
#14856 = CARTESIAN_POINT('',(9.831070080879,17.934566013822,66.9));
#14857 = VECTOR('',#14858,1.);
#14858 = DIRECTION('',(0.,1.110223024625E-16,-1.));
#14859 = PCURVE('',#8525,#14860);
#14860 = DEFINITIONAL_REPRESENTATION('',(#14861),#14865);
#14861 = LINE('',#14862,#14863);
#14862 = CARTESIAN_POINT('',(1.738580117003,0.));
#14863 = VECTOR('',#14864,1.);
#14864 = DIRECTION('',(0.,1.));
#14865 = ( GEOMETRIC_REPRESENTATION_CONTEXT(2) 
PARAMETRIC_REPRESENTATION_CONTEXT() REPRESENTATION_CONTEXT('2D SPACE',''
  ) );
#14866 = PCURVE('',#8554,#14867);
#14867 = DEFINITIONAL_REPRESENTATION('',(#14868),#14872);
#14868 = LINE('',#14869,#14870);
#14869 = CARTESIAN_POINT('',(1.858253674369,0.));
#14870 = VECTOR('',#14871,1.);
#14871 = DIRECTION('',(0.,1.));
#14872 = ( GEOMETRIC_REPRESENTATION_CONTEXT(2) 
PARAMETRIC_REPRESENTATION_CONTEXT() REPRESENTATION_CONTEXT('2D SPACE',''
  ) );
#14873 = ORIENTED_EDGE('',*,*,#11026,.T.);
#14874 = ORIENTED_EDGE('',*,*,#14826,.T.);
#14875 = ADVANCED_FACE('',(#14876),#8554,.F.);
#14876 = FACE_BOUND('',#14877,.F.);
#14877 = EDGE_LOOP('',(#14878,#14879,#14900,#14901));
#14878 = ORIENTED_EDGE('',*,*,#8537,.F.);
#14879 = ORIENTED_EDGE('',*,*,#14880,.F.);
#14880 = EDGE_CURVE('',#11051,#8538,#14881,.T.);
#14881 = SURFACE_CURVE('',#14882,(#14886,#14893),.PCURVE_S1.);
#14882 = LINE('',#14883,#14884);
#14883 = CARTESIAN_POINT('',(9.900060367647,18.217916134105,66.9));
#14884 = VECTOR('',#14885,1.);
#14885 = DIRECTION('',(0.,1.110223024625E-16,-1.));
#14886 = PCURVE('',#8554,#14887);
#14887 = DEFINITIONAL_REPRESENTATION('',(#14888),#14892);
#14888 = LINE('',#14889,#14890);
#14889 = CARTESIAN_POINT('',(1.761005991212,0.));
#14890 = VECTOR('',#14891,1.);
#14891 = DIRECTION('',(0.,1.));
#14892 = ( GEOMETRIC_REPRESENTATION_CONTEXT(2) 
PARAMETRIC_REPRESENTATION_CONTEXT() REPRESENTATION_CONTEXT('2D SPACE',''
  ) );
#14893 = PCURVE('',#8583,#14894);
#14894 = DEFINITIONAL_REPRESENTATION('',(#14895),#14899);
#14895 = LINE('',#14896,#14897);
#14896 = CARTESIAN_POINT('',(1.880679548578,0.));
#14897 = VECTOR('',#14898,1.);
#14898 = DIRECTION('',(0.,1.));
#14899 = ( GEOMETRIC_REPRESENTATION_CONTEXT(2) 
PARAMETRIC_REPRESENTATION_CONTEXT() REPRESENTATION_CONTEXT('2D SPACE',''
  ) );
#14900 = ORIENTED_EDGE('',*,*,#11050,.T.);
#14901 = ORIENTED_EDGE('',*,*,#14853,.T.);
#14902 = ADVANCED_FACE('',(#14903),#8583,.F.);
#14903 = FACE_BOUND('',#14904,.F.);
#14904 = EDGE_LOOP('',(#14905,#14906,#14927,#14928));
#14905 = ORIENTED_EDGE('',*,*,#8566,.F.);
#14906 = ORIENTED_EDGE('',*,*,#14907,.F.);
#14907 = EDGE_CURVE('',#11075,#8567,#14908,.T.);
#14908 = SURFACE_CURVE('',#14909,(#14913,#14920),.PCURVE_S1.);
#14909 = LINE('',#14910,#14911);
#14910 = CARTESIAN_POINT('',(9.975387148394,18.499647968364,66.9));
#14911 = VECTOR('',#14912,1.);
#14912 = DIRECTION('',(0.,1.110223024625E-16,-1.));
#14913 = PCURVE('',#8583,#14914);
#14914 = DEFINITIONAL_REPRESENTATION('',(#14915),#14919);
#14915 = LINE('',#14916,#14917);
#14916 = CARTESIAN_POINT('',(1.783431865421,0.));
#14917 = VECTOR('',#14918,1.);
#14918 = DIRECTION('',(0.,1.));
#14919 = ( GEOMETRIC_REPRESENTATION_CONTEXT(2) 
PARAMETRIC_REPRESENTATION_CONTEXT() REPRESENTATION_CONTEXT('2D SPACE',''
  ) );
#14920 = PCURVE('',#8612,#14921);
#14921 = DEFINITIONAL_REPRESENTATION('',(#14922),#14926);
#14922 = LINE('',#14923,#14924);
#14923 = CARTESIAN_POINT('',(1.903105422787,0.));
#14924 = VECTOR('',#14925,1.);
#14925 = DIRECTION('',(0.,1.));
#14926 = ( GEOMETRIC_REPRESENTATION_CONTEXT(2) 
PARAMETRIC_REPRESENTATION_CONTEXT() REPRESENTATION_CONTEXT('2D SPACE',''
  ) );
#14927 = ORIENTED_EDGE('',*,*,#11074,.T.);
#14928 = ORIENTED_EDGE('',*,*,#14880,.T.);
#14929 = ADVANCED_FACE('',(#14930),#8612,.F.);
#14930 = FACE_BOUND('',#14931,.F.);
#14931 = EDGE_LOOP('',(#14932,#14933,#14954,#14955));
#14932 = ORIENTED_EDGE('',*,*,#8595,.F.);
#14933 = ORIENTED_EDGE('',*,*,#14934,.F.);
#14934 = EDGE_CURVE('',#11099,#8596,#14935,.T.);
#14935 = SURFACE_CURVE('',#14936,(#14940,#14947),.PCURVE_S1.);
#14936 = LINE('',#14937,#14938);
#14937 = CARTESIAN_POINT('',(10.057012541377,18.779619834009,66.9));
#14938 = VECTOR('',#14939,1.);
#14939 = DIRECTION('',(0.,1.110223024625E-16,-1.));
#14940 = PCURVE('',#8612,#14941);
#14941 = DEFINITIONAL_REPRESENTATION('',(#14942),#14946);
#14942 = LINE('',#14943,#14944);
#14943 = CARTESIAN_POINT('',(1.80585773963,0.));
#14944 = VECTOR('',#14945,1.);
#14945 = DIRECTION('',(0.,1.));
#14946 = ( GEOMETRIC_REPRESENTATION_CONTEXT(2) 
PARAMETRIC_REPRESENTATION_CONTEXT() REPRESENTATION_CONTEXT('2D SPACE',''
  ) );
#14947 = PCURVE('',#8641,#14948);
#14948 = DEFINITIONAL_REPRESENTATION('',(#14949),#14953);
#14949 = LINE('',#14950,#14951);
#14950 = CARTESIAN_POINT('',(1.925531296996,0.));
#14951 = VECTOR('',#14952,1.);
#14952 = DIRECTION('',(0.,1.));
#14953 = ( GEOMETRIC_REPRESENTATION_CONTEXT(2) 
PARAMETRIC_REPRESENTATION_CONTEXT() REPRESENTATION_CONTEXT('2D SPACE',''
  ) );
#14954 = ORIENTED_EDGE('',*,*,#11098,.T.);
#14955 = ORIENTED_EDGE('',*,*,#14907,.T.);
#14956 = ADVANCED_FACE('',(#14957),#8641,.F.);
#14957 = FACE_BOUND('',#14958,.F.);
#14958 = EDGE_LOOP('',(#14959,#14960,#14981,#14982));
#14959 = ORIENTED_EDGE('',*,*,#8624,.F.);
#14960 = ORIENTED_EDGE('',*,*,#14961,.F.);
#14961 = EDGE_CURVE('',#11123,#8625,#14962,.T.);
#14962 = SURFACE_CURVE('',#14963,(#14967,#14974),.PCURVE_S1.);
#14963 = LINE('',#14964,#14965);
#14964 = CARTESIAN_POINT('',(10.144895497287,19.057690933537,66.9));
#14965 = VECTOR('',#14966,1.);
#14966 = DIRECTION('',(0.,1.110223024625E-16,-1.));
#14967 = PCURVE('',#8641,#14968);
#14968 = DEFINITIONAL_REPRESENTATION('',(#14969),#14973);
#14969 = LINE('',#14970,#14971);
#14970 = CARTESIAN_POINT('',(1.828283613839,0.));
#14971 = VECTOR('',#14972,1.);
#14972 = DIRECTION('',(0.,1.));
#14973 = ( GEOMETRIC_REPRESENTATION_CONTEXT(2) 
PARAMETRIC_REPRESENTATION_CONTEXT() REPRESENTATION_CONTEXT('2D SPACE',''
  ) );
#14974 = PCURVE('',#8670,#14975);
#14975 = DEFINITIONAL_REPRESENTATION('',(#14976),#14980);
#14976 = LINE('',#14977,#14978);
#14977 = CARTESIAN_POINT('',(1.947957171205,0.));
#14978 = VECTOR('',#14979,1.);
#14979 = DIRECTION('',(0.,1.));
#14980 = ( GEOMETRIC_REPRESENTATION_CONTEXT(2) 
PARAMETRIC_REPRESENTATION_CONTEXT() REPRESENTATION_CONTEXT('2D SPACE',''
  ) );
#14981 = ORIENTED_EDGE('',*,*,#11122,.T.);
#14982 = ORIENTED_EDGE('',*,*,#14934,.T.);
#14983 = ADVANCED_FACE('',(#14984),#8670,.F.);
#14984 = FACE_BOUND('',#14985,.F.);
#14985 = EDGE_LOOP('',(#14986,#14987,#15008,#15009));
#14986 = ORIENTED_EDGE('',*,*,#8653,.F.);
#14987 = ORIENTED_EDGE('',*,*,#14988,.F.);
#14988 = EDGE_CURVE('',#11147,#8654,#14989,.T.);
#14989 = SURFACE_CURVE('',#14990,(#14994,#15001),.PCURVE_S1.);
#14990 = LINE('',#14991,#14992);
#14991 = CARTESIAN_POINT('',(10.238991819894,19.333721425339,66.9));
#14992 = VECTOR('',#14993,1.);
#14993 = DIRECTION('',(0.,1.110223024625E-16,-1.));
#14994 = PCURVE('',#8670,#14995);
#14995 = DEFINITIONAL_REPRESENTATION('',(#14996),#15000);
#14996 = LINE('',#14997,#14998);
#14997 = CARTESIAN_POINT('',(1.850709488048,0.));
#14998 = VECTOR('',#14999,1.);
#14999 = DIRECTION('',(0.,1.));
#15000 = ( GEOMETRIC_REPRESENTATION_CONTEXT(2) 
PARAMETRIC_REPRESENTATION_CONTEXT() REPRESENTATION_CONTEXT('2D SPACE',''
  ) );
#15001 = PCURVE('',#8699,#15002);
#15002 = DEFINITIONAL_REPRESENTATION('',(#15003),#15007);
#15003 = LINE('',#15004,#15005);
#15004 = CARTESIAN_POINT('',(1.970383045414,0.));
#15005 = VECTOR('',#15006,1.);
#15006 = DIRECTION('',(0.,1.));
#15007 = ( GEOMETRIC_REPRESENTATION_CONTEXT(2) 
PARAMETRIC_REPRESENTATION_CONTEXT() REPRESENTATION_CONTEXT('2D SPACE',''
  ) );
#15008 = ORIENTED_EDGE('',*,*,#11146,.T.);
#15009 = ORIENTED_EDGE('',*,*,#14961,.T.);
#15010 = ADVANCED_FACE('',(#15011),#8699,.F.);
#15011 = FACE_BOUND('',#15012,.F.);
#15012 = EDGE_LOOP('',(#15013,#15014,#15035,#15036));
#15013 = ORIENTED_EDGE('',*,*,#8682,.F.);
#15014 = ORIENTED_EDGE('',*,*,#15015,.F.);
#15015 = EDGE_CURVE('',#11171,#8683,#15016,.T.);
#15016 = SURFACE_CURVE('',#15017,(#15021,#15028),.PCURVE_S1.);
#15017 = LINE('',#15018,#15019);
#15018 = CARTESIAN_POINT('',(10.339254188275,19.607572494023,66.9));
#15019 = VECTOR('',#15020,1.);
#15020 = DIRECTION('',(0.,1.110223024625E-16,-1.));
#15021 = PCURVE('',#8699,#15022);
#15022 = DEFINITIONAL_REPRESENTATION('',(#15023),#15027);
#15023 = LINE('',#15024,#15025);
#15024 = CARTESIAN_POINT('',(1.873135362258,0.));
#15025 = VECTOR('',#15026,1.);
#15026 = DIRECTION('',(0.,1.));
#15027 = ( GEOMETRIC_REPRESENTATION_CONTEXT(2) 
PARAMETRIC_REPRESENTATION_CONTEXT() REPRESENTATION_CONTEXT('2D SPACE',''
  ) );
#15028 = PCURVE('',#8728,#15029);
#15029 = DEFINITIONAL_REPRESENTATION('',(#15030),#15034);
#15030 = LINE('',#15031,#15032);
#15031 = CARTESIAN_POINT('',(1.992808919624,0.));
#15032 = VECTOR('',#15033,1.);
#15033 = DIRECTION('',(0.,1.));
#15034 = ( GEOMETRIC_REPRESENTATION_CONTEXT(2) 
PARAMETRIC_REPRESENTATION_CONTEXT() REPRESENTATION_CONTEXT('2D SPACE',''
  ) );
#15035 = ORIENTED_EDGE('',*,*,#11170,.T.);
#15036 = ORIENTED_EDGE('',*,*,#14988,.T.);
#15037 = ADVANCED_FACE('',(#15038),#8728,.F.);
#15038 = FACE_BOUND('',#15039,.F.);
#15039 = EDGE_LOOP('',(#15040,#15041,#15062,#15063));
#15040 = ORIENTED_EDGE('',*,*,#8711,.F.);
#15041 = ORIENTED_EDGE('',*,*,#15042,.F.);
#15042 = EDGE_CURVE('',#11195,#8712,#15043,.T.);
#15043 = SURFACE_CURVE('',#15044,(#15048,#15055),.PCURVE_S1.);
#15044 = LINE('',#15045,#15046);
#15045 = CARTESIAN_POINT('',(10.445632180609,19.879106420226,66.9));
#15046 = VECTOR('',#15047,1.);
#15047 = DIRECTION('',(0.,1.110223024625E-16,-1.));
#15048 = PCURVE('',#8728,#15049);
#15049 = DEFINITIONAL_REPRESENTATION('',(#15050),#15054);
#15050 = LINE('',#15051,#15052);
#15051 = CARTESIAN_POINT('',(1.895561236467,0.));
#15052 = VECTOR('',#15053,1.);
#15053 = DIRECTION('',(0.,1.));
#15054 = ( GEOMETRIC_REPRESENTATION_CONTEXT(2) 
PARAMETRIC_REPRESENTATION_CONTEXT() REPRESENTATION_CONTEXT('2D SPACE',''
  ) );
#15055 = PCURVE('',#8757,#15056);
#15056 = DEFINITIONAL_REPRESENTATION('',(#15057),#15061);
#15057 = LINE('',#15058,#15059);
#15058 = CARTESIAN_POINT('',(2.015234793833,0.));
#15059 = VECTOR('',#15060,1.);
#15060 = DIRECTION('',(0.,1.));
#15061 = ( GEOMETRIC_REPRESENTATION_CONTEXT(2) 
PARAMETRIC_REPRESENTATION_CONTEXT() REPRESENTATION_CONTEXT('2D SPACE',''
  ) );
#15062 = ORIENTED_EDGE('',*,*,#11194,.T.);
#15063 = ORIENTED_EDGE('',*,*,#15015,.T.);
#15064 = ADVANCED_FACE('',(#15065),#8757,.F.);
#15065 = FACE_BOUND('',#15066,.F.);
#15066 = EDGE_LOOP('',(#15067,#15068,#15089,#15090));
#15067 = ORIENTED_EDGE('',*,*,#8740,.F.);
#15068 = ORIENTED_EDGE('',*,*,#15069,.F.);
#15069 = EDGE_CURVE('',#11219,#8741,#15070,.T.);
#15070 = SURFACE_CURVE('',#15071,(#15075,#15082),.PCURVE_S1.);
#15071 = LINE('',#15072,#15073);
#15072 = CARTESIAN_POINT('',(10.558072299536,20.148186649876,66.9));
#15073 = VECTOR('',#15074,1.);
#15074 = DIRECTION('',(0.,1.110223024625E-16,-1.));
#15075 = PCURVE('',#8757,#15076);
#15076 = DEFINITIONAL_REPRESENTATION('',(#15077),#15081);
#15077 = LINE('',#15078,#15079);
#15078 = CARTESIAN_POINT('',(1.917987110676,0.));
#15079 = VECTOR('',#15080,1.);
#15080 = DIRECTION('',(0.,1.));
#15081 = ( GEOMETRIC_REPRESENTATION_CONTEXT(2) 
PARAMETRIC_REPRESENTATION_CONTEXT() REPRESENTATION_CONTEXT('2D SPACE',''
  ) );
#15082 = PCURVE('',#8786,#15083);
#15083 = DEFINITIONAL_REPRESENTATION('',(#15084),#15088);
#15084 = LINE('',#15085,#15086);
#15085 = CARTESIAN_POINT('',(2.037660668042,0.));
#15086 = VECTOR('',#15087,1.);
#15087 = DIRECTION('',(0.,1.));
#15088 = ( GEOMETRIC_REPRESENTATION_CONTEXT(2) 
PARAMETRIC_REPRESENTATION_CONTEXT() REPRESENTATION_CONTEXT('2D SPACE',''
  ) );
#15089 = ORIENTED_EDGE('',*,*,#11218,.T.);
#15090 = ORIENTED_EDGE('',*,*,#15042,.T.);
#15091 = ADVANCED_FACE('',(#15092),#8786,.F.);
#15092 = FACE_BOUND('',#15093,.F.);
#15093 = EDGE_LOOP('',(#15094,#15095,#15116,#15117));
#15094 = ORIENTED_EDGE('',*,*,#8769,.F.);
#15095 = ORIENTED_EDGE('',*,*,#15096,.F.);
#15096 = EDGE_CURVE('',#11243,#8770,#15097,.T.);
#15097 = SURFACE_CURVE('',#15098,(#15102,#15109),.PCURVE_S1.);
#15098 = LINE('',#15099,#15100);
#15099 = CARTESIAN_POINT('',(10.67651799906,20.414677862858,66.9));
#15100 = VECTOR('',#15101,1.);
#15101 = DIRECTION('',(0.,1.110223024625E-16,-1.));
#15102 = PCURVE('',#8786,#15103);
#15103 = DEFINITIONAL_REPRESENTATION('',(#15104),#15108);
#15104 = LINE('',#15105,#15106);
#15105 = CARTESIAN_POINT('',(1.940412984885,0.));
#15106 = VECTOR('',#15107,1.);
#15107 = DIRECTION('',(0.,1.));
#15108 = ( GEOMETRIC_REPRESENTATION_CONTEXT(2) 
PARAMETRIC_REPRESENTATION_CONTEXT() REPRESENTATION_CONTEXT('2D SPACE',''
  ) );
#15109 = PCURVE('',#8815,#15110);
#15110 = DEFINITIONAL_REPRESENTATION('',(#15111),#15115);
#15111 = LINE('',#15112,#15113);
#15112 = CARTESIAN_POINT('',(2.060086542251,0.));
#15113 = VECTOR('',#15114,1.);
#15114 = DIRECTION('',(0.,1.));
#15115 = ( GEOMETRIC_REPRESENTATION_CONTEXT(2) 
PARAMETRIC_REPRESENTATION_CONTEXT() REPRESENTATION_CONTEXT('2D SPACE',''
  ) );
#15116 = ORIENTED_EDGE('',*,*,#11242,.T.);
#15117 = ORIENTED_EDGE('',*,*,#15069,.T.);
#15118 = ADVANCED_FACE('',(#15119),#8815,.F.);
#15119 = FACE_BOUND('',#15120,.F.);
#15120 = EDGE_LOOP('',(#15121,#15122,#15143,#15144));
#15121 = ORIENTED_EDGE('',*,*,#8798,.F.);
#15122 = ORIENTED_EDGE('',*,*,#15123,.F.);
#15123 = EDGE_CURVE('',#11267,#8799,#15124,.T.);
#15124 = SURFACE_CURVE('',#15125,(#15129,#15136),.PCURVE_S1.);
#15125 = LINE('',#15126,#15127);
#15126 = CARTESIAN_POINT('',(10.800909712986,20.678446041073,66.9));
#15127 = VECTOR('',#15128,1.);
#15128 = DIRECTION('',(0.,1.110223024625E-16,-1.));
#15129 = PCURVE('',#8815,#15130);
#15130 = DEFINITIONAL_REPRESENTATION('',(#15131),#15135);
#15131 = LINE('',#15132,#15133);
#15132 = CARTESIAN_POINT('',(1.962838859094,0.));
#15133 = VECTOR('',#15134,1.);
#15134 = DIRECTION('',(0.,1.));
#15135 = ( GEOMETRIC_REPRESENTATION_CONTEXT(2) 
PARAMETRIC_REPRESENTATION_CONTEXT() REPRESENTATION_CONTEXT('2D SPACE',''
  ) );
#15136 = PCURVE('',#8844,#15137);
#15137 = DEFINITIONAL_REPRESENTATION('',(#15138),#15142);
#15138 = LINE('',#15139,#15140);
#15139 = CARTESIAN_POINT('',(2.08251241646,0.));
#15140 = VECTOR('',#15141,1.);
#15141 = DIRECTION('',(0.,1.));
#15142 = ( GEOMETRIC_REPRESENTATION_CONTEXT(2) 
PARAMETRIC_REPRESENTATION_CONTEXT() REPRESENTATION_CONTEXT('2D SPACE',''
  ) );
#15143 = ORIENTED_EDGE('',*,*,#11266,.T.);
#15144 = ORIENTED_EDGE('',*,*,#15096,.T.);
#15145 = ADVANCED_FACE('',(#15146),#8844,.F.);
#15146 = FACE_BOUND('',#15147,.F.);
#15147 = EDGE_LOOP('',(#15148,#15149,#15170,#15171));
#15148 = ORIENTED_EDGE('',*,*,#8827,.F.);
#15149 = ORIENTED_EDGE('',*,*,#15150,.F.);
#15150 = EDGE_CURVE('',#11291,#8828,#15151,.T.);
#15151 = SURFACE_CURVE('',#15152,(#15156,#15163),.PCURVE_S1.);
#15152 = LINE('',#15153,#15154);
#15153 = CARTESIAN_POINT('',(10.931184884876,20.939358535832,66.9));
#15154 = VECTOR('',#15155,1.);
#15155 = DIRECTION('',(0.,1.110223024625E-16,-1.));
#15156 = PCURVE('',#8844,#15157);
#15157 = DEFINITIONAL_REPRESENTATION('',(#15158),#15162);
#15158 = LINE('',#15159,#15160);
#15159 = CARTESIAN_POINT('',(1.985264733303,0.));
#15160 = VECTOR('',#15161,1.);
#15161 = DIRECTION('',(0.,1.));
#15162 = ( GEOMETRIC_REPRESENTATION_CONTEXT(2) 
PARAMETRIC_REPRESENTATION_CONTEXT() REPRESENTATION_CONTEXT('2D SPACE',''
  ) );
#15163 = PCURVE('',#8877,#15164);
#15164 = DEFINITIONAL_REPRESENTATION('',(#15165),#15169);
#15165 = LINE('',#15166,#15167);
#15166 = CARTESIAN_POINT('',(8.388123597849,0.));
#15167 = VECTOR('',#15168,1.);
#15168 = DIRECTION('',(0.,1.));
#15169 = ( GEOMETRIC_REPRESENTATION_CONTEXT(2) 
PARAMETRIC_REPRESENTATION_CONTEXT() REPRESENTATION_CONTEXT('2D SPACE',''
  ) );
#15170 = ORIENTED_EDGE('',*,*,#11290,.T.);
#15171 = ORIENTED_EDGE('',*,*,#15123,.T.);
#15172 = ADVANCED_FACE('',(#15173),#8877,.F.);
#15173 = FACE_BOUND('',#15174,.F.);
#15174 = EDGE_LOOP('',(#15175,#15176,#15177,#15178));
#15175 = ORIENTED_EDGE('',*,*,#11314,.T.);
#15176 = ORIENTED_EDGE('',*,*,#15150,.T.);
#15177 = ORIENTED_EDGE('',*,*,#8856,.T.);
#15178 = ORIENTED_EDGE('',*,*,#15179,.F.);
#15179 = EDGE_CURVE('',#11315,#8857,#15180,.T.);
#15180 = SURFACE_CURVE('',#15181,(#15185,#15192),.PCURVE_S1.);
#15181 = LINE('',#15182,#15183);
#15182 = CARTESIAN_POINT('',(5.603075988174,23.674776877344,66.9));
#15183 = VECTOR('',#15184,1.);
#15184 = DIRECTION('',(0.,1.110223024625E-16,-1.));
#15185 = PCURVE('',#8877,#15186);
#15186 = DEFINITIONAL_REPRESENTATION('',(#15187),#15191);
#15187 = LINE('',#15188,#15189);
#15188 = CARTESIAN_POINT('',(5.126857386893,0.));
#15189 = VECTOR('',#15190,1.);
#15190 = DIRECTION('',(0.,1.));
#15191 = ( GEOMETRIC_REPRESENTATION_CONTEXT(2) 
PARAMETRIC_REPRESENTATION_CONTEXT() REPRESENTATION_CONTEXT('2D SPACE',''
  ) );
#15192 = PCURVE('',#8906,#15193);
#15193 = DEFINITIONAL_REPRESENTATION('',(#15194),#15198);
#15194 = LINE('',#15195,#15196);
#15195 = CARTESIAN_POINT('',(5.246530944259,0.));
#15196 = VECTOR('',#15197,1.);
#15197 = DIRECTION('',(0.,1.));
#15198 = ( GEOMETRIC_REPRESENTATION_CONTEXT(2) 
PARAMETRIC_REPRESENTATION_CONTEXT() REPRESENTATION_CONTEXT('2D SPACE',''
  ) );
#15199 = ADVANCED_FACE('',(#15200),#8906,.F.);
#15200 = FACE_BOUND('',#15201,.F.);
#15201 = EDGE_LOOP('',(#15202,#15203,#15204,#15205));
#15202 = ORIENTED_EDGE('',*,*,#11338,.T.);
#15203 = ORIENTED_EDGE('',*,*,#15179,.T.);
#15204 = ORIENTED_EDGE('',*,*,#8889,.F.);
#15205 = ORIENTED_EDGE('',*,*,#15206,.F.);
#15206 = EDGE_CURVE('',#11339,#8890,#15207,.T.);
#15207 = SURFACE_CURVE('',#15208,(#15212,#15219),.PCURVE_S1.);
#15208 = LINE('',#15209,#15210);
#15209 = CARTESIAN_POINT('',(5.412801560054,23.29369907864,66.9));
#15210 = VECTOR('',#15211,1.);
#15211 = DIRECTION('',(0.,1.110223024625E-16,-1.));
#15212 = PCURVE('',#8906,#15213);
#15213 = DEFINITIONAL_REPRESENTATION('',(#15214),#15218);
#15214 = LINE('',#15215,#15216);
#15215 = CARTESIAN_POINT('',(5.104431512684,0.));
#15216 = VECTOR('',#15217,1.);
#15217 = DIRECTION('',(0.,1.));
#15218 = ( GEOMETRIC_REPRESENTATION_CONTEXT(2) 
PARAMETRIC_REPRESENTATION_CONTEXT() REPRESENTATION_CONTEXT('2D SPACE',''
  ) );
#15219 = PCURVE('',#8935,#15220);
#15220 = DEFINITIONAL_REPRESENTATION('',(#15221),#15225);
#15221 = LINE('',#15222,#15223);
#15222 = CARTESIAN_POINT('',(5.22410507005,0.));
#15223 = VECTOR('',#15224,1.);
#15224 = DIRECTION('',(0.,1.));
#15225 = ( GEOMETRIC_REPRESENTATION_CONTEXT(2) 
PARAMETRIC_REPRESENTATION_CONTEXT() REPRESENTATION_CONTEXT('2D SPACE',''
  ) );
#15226 = ADVANCED_FACE('',(#15227),#8935,.F.);
#15227 = FACE_BOUND('',#15228,.F.);
#15228 = EDGE_LOOP('',(#15229,#15230,#15231,#15232));
#15229 = ORIENTED_EDGE('',*,*,#11362,.T.);
#15230 = ORIENTED_EDGE('',*,*,#15206,.T.);
#15231 = ORIENTED_EDGE('',*,*,#8918,.F.);
#15232 = ORIENTED_EDGE('',*,*,#15233,.F.);
#15233 = EDGE_CURVE('',#11363,#8919,#15234,.T.);
#15234 = SURFACE_CURVE('',#15235,(#15239,#15246),.PCURVE_S1.);
#15235 = LINE('',#15236,#15237);
#15236 = CARTESIAN_POINT('',(5.231120262791,22.908450388979,66.9));
#15237 = VECTOR('',#15238,1.);
#15238 = DIRECTION('',(0.,1.110223024625E-16,-1.));
#15239 = PCURVE('',#8935,#15240);
#15240 = DEFINITIONAL_REPRESENTATION('',(#15241),#15245);
#15241 = LINE('',#15242,#15243);
#15242 = CARTESIAN_POINT('',(5.082005638475,0.));
#15243 = VECTOR('',#15244,1.);
#15244 = DIRECTION('',(0.,1.));
#15245 = ( GEOMETRIC_REPRESENTATION_CONTEXT(2) 
PARAMETRIC_REPRESENTATION_CONTEXT() REPRESENTATION_CONTEXT('2D SPACE',''
  ) );
#15246 = PCURVE('',#8964,#15247);
#15247 = DEFINITIONAL_REPRESENTATION('',(#15248),#15252);
#15248 = LINE('',#15249,#15250);
#15249 = CARTESIAN_POINT('',(5.201679195841,0.));
#15250 = VECTOR('',#15251,1.);
#15251 = DIRECTION('',(0.,1.));
#15252 = ( GEOMETRIC_REPRESENTATION_CONTEXT(2) 
PARAMETRIC_REPRESENTATION_CONTEXT() REPRESENTATION_CONTEXT('2D SPACE',''
  ) );
#15253 = ADVANCED_FACE('',(#15254),#8964,.F.);
#15254 = FACE_BOUND('',#15255,.F.);
#15255 = EDGE_LOOP('',(#15256,#15257,#15258,#15259));
#15256 = ORIENTED_EDGE('',*,*,#11386,.T.);
#15257 = ORIENTED_EDGE('',*,*,#15233,.T.);
#15258 = ORIENTED_EDGE('',*,*,#8947,.F.);
#15259 = ORIENTED_EDGE('',*,*,#15260,.F.);
#15260 = EDGE_CURVE('',#11387,#8948,#15261,.T.);
#15261 = SURFACE_CURVE('',#15262,(#15266,#15273),.PCURVE_S1.);
#15262 = LINE('',#15263,#15264);
#15263 = CARTESIAN_POINT('',(5.058123463683,22.519224549446,66.9));
#15264 = VECTOR('',#15265,1.);
#15265 = DIRECTION('',(0.,1.110223024625E-16,-1.));
#15266 = PCURVE('',#8964,#15267);
#15267 = DEFINITIONAL_REPRESENTATION('',(#15268),#15272);
#15268 = LINE('',#15269,#15270);
#15269 = CARTESIAN_POINT('',(5.059579764266,0.));
#15270 = VECTOR('',#15271,1.);
#15271 = DIRECTION('',(0.,1.));
#15272 = ( GEOMETRIC_REPRESENTATION_CONTEXT(2) 
PARAMETRIC_REPRESENTATION_CONTEXT() REPRESENTATION_CONTEXT('2D SPACE',''
  ) );
#15273 = PCURVE('',#8993,#15274);
#15274 = DEFINITIONAL_REPRESENTATION('',(#15275),#15279);
#15275 = LINE('',#15276,#15277);
#15276 = CARTESIAN_POINT('',(5.179253321631,0.));
#15277 = VECTOR('',#15278,1.);
#15278 = DIRECTION('',(0.,1.));
#15279 = ( GEOMETRIC_REPRESENTATION_CONTEXT(2) 
PARAMETRIC_REPRESENTATION_CONTEXT() REPRESENTATION_CONTEXT('2D SPACE',''
  ) );
#15280 = ADVANCED_FACE('',(#15281),#8993,.F.);
#15281 = FACE_BOUND('',#15282,.F.);
#15282 = EDGE_LOOP('',(#15283,#15284,#15285,#15286));
#15283 = ORIENTED_EDGE('',*,*,#11410,.T.);
#15284 = ORIENTED_EDGE('',*,*,#15260,.T.);
#15285 = ORIENTED_EDGE('',*,*,#8976,.F.);
#15286 = ORIENTED_EDGE('',*,*,#15287,.F.);
#15287 = EDGE_CURVE('',#11411,#8977,#15288,.T.);
#15288 = SURFACE_CURVE('',#15289,(#15293,#15300),.PCURVE_S1.);
#15289 = LINE('',#15290,#15291);
#15290 = CARTESIAN_POINT('',(4.893898162605,22.126217301234,66.9));
#15291 = VECTOR('',#15292,1.);
#15292 = DIRECTION('',(0.,1.110223024625E-16,-1.));
#15293 = PCURVE('',#8993,#15294);
#15294 = DEFINITIONAL_REPRESENTATION('',(#15295),#15299);
#15295 = LINE('',#15296,#15297);
#15296 = CARTESIAN_POINT('',(5.037153890056,0.));
#15297 = VECTOR('',#15298,1.);
#15298 = DIRECTION('',(0.,1.));
#15299 = ( GEOMETRIC_REPRESENTATION_CONTEXT(2) 
PARAMETRIC_REPRESENTATION_CONTEXT() REPRESENTATION_CONTEXT('2D SPACE',''
  ) );
#15300 = PCURVE('',#9022,#15301);
#15301 = DEFINITIONAL_REPRESENTATION('',(#15302),#15306);
#15302 = LINE('',#15303,#15304);
#15303 = CARTESIAN_POINT('',(5.156827447422,0.));
#15304 = VECTOR('',#15305,1.);
#15305 = DIRECTION('',(0.,1.));
#15306 = ( GEOMETRIC_REPRESENTATION_CONTEXT(2) 
PARAMETRIC_REPRESENTATION_CONTEXT() REPRESENTATION_CONTEXT('2D SPACE',''
  ) );
#15307 = ADVANCED_FACE('',(#15308),#9022,.F.);
#15308 = FACE_BOUND('',#15309,.F.);
#15309 = EDGE_LOOP('',(#15310,#15311,#15312,#15313));
#15310 = ORIENTED_EDGE('',*,*,#11434,.T.);
#15311 = ORIENTED_EDGE('',*,*,#15287,.T.);
#15312 = ORIENTED_EDGE('',*,*,#9005,.F.);
#15313 = ORIENTED_EDGE('',*,*,#15314,.F.);
#15314 = EDGE_CURVE('',#11435,#9006,#15315,.T.);
#15315 = SURFACE_CURVE('',#15316,(#15320,#15327),.PCURVE_S1.);
#15316 = LINE('',#15317,#15318);
#15317 = CARTESIAN_POINT('',(4.738526948258,21.729626287199,66.9));
#15318 = VECTOR('',#15319,1.);
#15319 = DIRECTION('',(0.,1.110223024625E-16,-1.));
#15320 = PCURVE('',#9022,#15321);
#15321 = DEFINITIONAL_REPRESENTATION('',(#15322),#15326);
#15322 = LINE('',#15323,#15324);
#15323 = CARTESIAN_POINT('',(5.014728015847,0.));
#15324 = VECTOR('',#15325,1.);
#15325 = DIRECTION('',(0.,1.));
#15326 = ( GEOMETRIC_REPRESENTATION_CONTEXT(2) 
PARAMETRIC_REPRESENTATION_CONTEXT() REPRESENTATION_CONTEXT('2D SPACE',''
  ) );
#15327 = PCURVE('',#9051,#15328);
#15328 = DEFINITIONAL_REPRESENTATION('',(#15329),#15333);
#15329 = LINE('',#15330,#15331);
#15330 = CARTESIAN_POINT('',(5.134401573213,0.));
#15331 = VECTOR('',#15332,1.);
#15332 = DIRECTION('',(0.,1.));
#15333 = ( GEOMETRIC_REPRESENTATION_CONTEXT(2) 
PARAMETRIC_REPRESENTATION_CONTEXT() REPRESENTATION_CONTEXT('2D SPACE',''
  ) );
#15334 = ADVANCED_FACE('',(#15335),#9051,.F.);
#15335 = FACE_BOUND('',#15336,.F.);
#15336 = EDGE_LOOP('',(#15337,#15338,#15339,#15340));
#15337 = ORIENTED_EDGE('',*,*,#11458,.T.);
#15338 = ORIENTED_EDGE('',*,*,#15314,.T.);
#15339 = ORIENTED_EDGE('',*,*,#9034,.F.);
#15340 = ORIENTED_EDGE('',*,*,#15341,.F.);
#15341 = EDGE_CURVE('',#11459,#9035,#15342,.T.);
#15342 = SURFACE_CURVE('',#15343,(#15347,#15354),.PCURVE_S1.);
#15343 = LINE('',#15344,#15345);
#15344 = CARTESIAN_POINT('',(4.592087956631,21.329650952469,66.9));
#15345 = VECTOR('',#15346,1.);
#15346 = DIRECTION('',(0.,1.110223024625E-16,-1.));
#15347 = PCURVE('',#9051,#15348);
#15348 = DEFINITIONAL_REPRESENTATION('',(#15349),#15353);
#15349 = LINE('',#15350,#15351);
#15350 = CARTESIAN_POINT('',(4.992302141638,0.));
#15351 = VECTOR('',#15352,1.);
#15352 = DIRECTION('',(0.,1.));
#15353 = ( GEOMETRIC_REPRESENTATION_CONTEXT(2) 
PARAMETRIC_REPRESENTATION_CONTEXT() REPRESENTATION_CONTEXT('2D SPACE',''
  ) );
#15354 = PCURVE('',#9080,#15355);
#15355 = DEFINITIONAL_REPRESENTATION('',(#15356),#15360);
#15356 = LINE('',#15357,#15358);
#15357 = CARTESIAN_POINT('',(5.111975699004,0.));
#15358 = VECTOR('',#15359,1.);
#15359 = DIRECTION('',(0.,1.));
#15360 = ( GEOMETRIC_REPRESENTATION_CONTEXT(2) 
PARAMETRIC_REPRESENTATION_CONTEXT() REPRESENTATION_CONTEXT('2D SPACE',''
  ) );
#15361 = ADVANCED_FACE('',(#15362),#9080,.F.);
#15362 = FACE_BOUND('',#15363,.F.);
#15363 = EDGE_LOOP('',(#15364,#15365,#15366,#15367));
#15364 = ORIENTED_EDGE('',*,*,#11482,.T.);
#15365 = ORIENTED_EDGE('',*,*,#15341,.T.);
#15366 = ORIENTED_EDGE('',*,*,#9063,.F.);
#15367 = ORIENTED_EDGE('',*,*,#15368,.F.);
#15368 = EDGE_CURVE('',#11483,#9064,#15369,.T.);
#15369 = SURFACE_CURVE('',#15370,(#15374,#15381),.PCURVE_S1.);
#15370 = LINE('',#15371,#15372);
#15371 = CARTESIAN_POINT('',(4.454654831712,20.926492444142,66.9));
#15372 = VECTOR('',#15373,1.);
#15373 = DIRECTION('',(0.,1.110223024625E-16,-1.));
#15374 = PCURVE('',#9080,#15375);
#15375 = DEFINITIONAL_REPRESENTATION('',(#15376),#15380);
#15376 = LINE('',#15377,#15378);
#15377 = CARTESIAN_POINT('',(4.969876267429,0.));
#15378 = VECTOR('',#15379,1.);
#15379 = DIRECTION('',(0.,1.));
#15380 = ( GEOMETRIC_REPRESENTATION_CONTEXT(2) 
PARAMETRIC_REPRESENTATION_CONTEXT() REPRESENTATION_CONTEXT('2D SPACE',''
  ) );
#15381 = PCURVE('',#9109,#15382);
#15382 = DEFINITIONAL_REPRESENTATION('',(#15383),#15387);
#15383 = LINE('',#15384,#15385);
#15384 = CARTESIAN_POINT('',(5.089549824795,0.));
#15385 = VECTOR('',#15386,1.);
#15386 = DIRECTION('',(0.,1.));
#15387 = ( GEOMETRIC_REPRESENTATION_CONTEXT(2) 
PARAMETRIC_REPRESENTATION_CONTEXT() REPRESENTATION_CONTEXT('2D SPACE',''
  ) );
#15388 = ADVANCED_FACE('',(#15389),#9109,.F.);
#15389 = FACE_BOUND('',#15390,.F.);
#15390 = EDGE_LOOP('',(#15391,#15392,#15393,#15394));
#15391 = ORIENTED_EDGE('',*,*,#11506,.T.);
#15392 = ORIENTED_EDGE('',*,*,#15368,.T.);
#15393 = ORIENTED_EDGE('',*,*,#9092,.F.);
#15394 = ORIENTED_EDGE('',*,*,#15395,.F.);
#15395 = EDGE_CURVE('',#11507,#9093,#15396,.T.);
#15396 = SURFACE_CURVE('',#15397,(#15401,#15408),.PCURVE_S1.);
#15397 = LINE('',#15398,#15399);
#15398 = CARTESIAN_POINT('',(4.326296688448,20.520353510132,66.9));
#15399 = VECTOR('',#15400,1.);
#15400 = DIRECTION('',(0.,1.110223024625E-16,-1.));
#15401 = PCURVE('',#9109,#15402);
#15402 = DEFINITIONAL_REPRESENTATION('',(#15403),#15407);
#15403 = LINE('',#15404,#15405);
#15404 = CARTESIAN_POINT('',(4.94745039322,0.));
#15405 = VECTOR('',#15406,1.);
#15406 = DIRECTION('',(0.,1.));
#15407 = ( GEOMETRIC_REPRESENTATION_CONTEXT(2) 
PARAMETRIC_REPRESENTATION_CONTEXT() REPRESENTATION_CONTEXT('2D SPACE',''
  ) );
#15408 = PCURVE('',#9138,#15409);
#15409 = DEFINITIONAL_REPRESENTATION('',(#15410),#15414);
#15410 = LINE('',#15411,#15412);
#15411 = CARTESIAN_POINT('',(5.067123950586,0.));
#15412 = VECTOR('',#15413,1.);
#15413 = DIRECTION('',(0.,1.));
#15414 = ( GEOMETRIC_REPRESENTATION_CONTEXT(2) 
PARAMETRIC_REPRESENTATION_CONTEXT() REPRESENTATION_CONTEXT('2D SPACE',''
  ) );
#15415 = ADVANCED_FACE('',(#15416),#9138,.F.);
#15416 = FACE_BOUND('',#15417,.F.);
#15417 = EDGE_LOOP('',(#15418,#15419,#15420,#15421));
#15418 = ORIENTED_EDGE('',*,*,#11530,.T.);
#15419 = ORIENTED_EDGE('',*,*,#15395,.T.);
#15420 = ORIENTED_EDGE('',*,*,#9121,.F.);
#15421 = ORIENTED_EDGE('',*,*,#15422,.F.);
#15422 = EDGE_CURVE('',#11531,#9122,#15423,.T.);
#15423 = SURFACE_CURVE('',#15424,(#15428,#15435),.PCURVE_S1.);
#15424 = LINE('',#15425,#15426);
#15425 = CARTESIAN_POINT('',(4.207078077991,20.111438397203,66.9));
#15426 = VECTOR('',#15427,1.);
#15427 = DIRECTION('',(0.,1.110223024625E-16,-1.));
#15428 = PCURVE('',#9138,#15429);
#15429 = DEFINITIONAL_REPRESENTATION('',(#15430),#15434);
#15430 = LINE('',#15431,#15432);
#15431 = CARTESIAN_POINT('',(4.925024519011,0.));
#15432 = VECTOR('',#15433,1.);
#15433 = DIRECTION('',(0.,1.));
#15434 = ( GEOMETRIC_REPRESENTATION_CONTEXT(2) 
PARAMETRIC_REPRESENTATION_CONTEXT() REPRESENTATION_CONTEXT('2D SPACE',''
  ) );
#15435 = PCURVE('',#9167,#15436);
#15436 = DEFINITIONAL_REPRESENTATION('',(#15437),#15441);
#15437 = LINE('',#15438,#15439);
#15438 = CARTESIAN_POINT('',(5.044698076377,0.));
#15439 = VECTOR('',#15440,1.);
#15440 = DIRECTION('',(0.,1.));
#15441 = ( GEOMETRIC_REPRESENTATION_CONTEXT(2) 
PARAMETRIC_REPRESENTATION_CONTEXT() REPRESENTATION_CONTEXT('2D SPACE',''
  ) );
#15442 = ADVANCED_FACE('',(#15443),#9167,.F.);
#15443 = FACE_BOUND('',#15444,.F.);
#15444 = EDGE_LOOP('',(#15445,#15446,#15447,#15448));
#15445 = ORIENTED_EDGE('',*,*,#11554,.T.);
#15446 = ORIENTED_EDGE('',*,*,#15422,.T.);
#15447 = ORIENTED_EDGE('',*,*,#9150,.F.);
#15448 = ORIENTED_EDGE('',*,*,#15449,.F.);
#15449 = EDGE_CURVE('',#11555,#9151,#15450,.T.);
#15450 = SURFACE_CURVE('',#15451,(#15455,#15462),.PCURVE_S1.);
#15451 = LINE('',#15452,#15453);
#15452 = CARTESIAN_POINT('',(4.09705895523,19.699952748257,66.9));
#15453 = VECTOR('',#15454,1.);
#15454 = DIRECTION('',(0.,1.110223024625E-16,-1.));
#15455 = PCURVE('',#9167,#15456);
#15456 = DEFINITIONAL_REPRESENTATION('',(#15457),#15461);
#15457 = LINE('',#15458,#15459);
#15458 = CARTESIAN_POINT('',(4.902598644802,0.));
#15459 = VECTOR('',#15460,1.);
#15460 = DIRECTION('',(0.,1.));
#15461 = ( GEOMETRIC_REPRESENTATION_CONTEXT(2) 
PARAMETRIC_REPRESENTATION_CONTEXT() REPRESENTATION_CONTEXT('2D SPACE',''
  ) );
#15462 = PCURVE('',#9196,#15463);
#15463 = DEFINITIONAL_REPRESENTATION('',(#15464),#15468);
#15464 = LINE('',#15465,#15466);
#15465 = CARTESIAN_POINT('',(5.022272202168,0.));
#15466 = VECTOR('',#15467,1.);
#15467 = DIRECTION('',(0.,1.));
#15468 = ( GEOMETRIC_REPRESENTATION_CONTEXT(2) 
PARAMETRIC_REPRESENTATION_CONTEXT() REPRESENTATION_CONTEXT('2D SPACE',''
  ) );
#15469 = ADVANCED_FACE('',(#15470),#9196,.F.);
#15470 = FACE_BOUND('',#15471,.F.);
#15471 = EDGE_LOOP('',(#15472,#15473,#15474,#15475));
#15472 = ORIENTED_EDGE('',*,*,#11578,.T.);
#15473 = ORIENTED_EDGE('',*,*,#15449,.T.);
#15474 = ORIENTED_EDGE('',*,*,#9179,.F.);
#15475 = ORIENTED_EDGE('',*,*,#15476,.F.);
#15476 = EDGE_CURVE('',#11579,#9180,#15477,.T.);
#15477 = SURFACE_CURVE('',#15478,(#15482,#15489),.PCURVE_S1.);
#15478 = LINE('',#15479,#15480);
#15479 = CARTESIAN_POINT('',(3.996294648647,19.286103498916,66.9));
#15480 = VECTOR('',#15481,1.);
#15481 = DIRECTION('',(0.,1.110223024625E-16,-1.));
#15482 = PCURVE('',#9196,#15483);
#15483 = DEFINITIONAL_REPRESENTATION('',(#15484),#15488);
#15484 = LINE('',#15485,#15486);
#15485 = CARTESIAN_POINT('',(4.880172770593,0.));
#15486 = VECTOR('',#15487,1.);
#15487 = DIRECTION('',(0.,1.));
#15488 = ( GEOMETRIC_REPRESENTATION_CONTEXT(2) 
PARAMETRIC_REPRESENTATION_CONTEXT() REPRESENTATION_CONTEXT('2D SPACE',''
  ) );
#15489 = PCURVE('',#9225,#15490);
#15490 = DEFINITIONAL_REPRESENTATION('',(#15491),#15495);
#15491 = LINE('',#15492,#15493);
#15492 = CARTESIAN_POINT('',(4.999846327959,0.));
#15493 = VECTOR('',#15494,1.);
#15494 = DIRECTION('',(0.,1.));
#15495 = ( GEOMETRIC_REPRESENTATION_CONTEXT(2) 
PARAMETRIC_REPRESENTATION_CONTEXT() REPRESENTATION_CONTEXT('2D SPACE',''
  ) );
#15496 = ADVANCED_FACE('',(#15497),#9225,.F.);
#15497 = FACE_BOUND('',#15498,.F.);
#15498 = EDGE_LOOP('',(#15499,#15500,#15501,#15502));
#15499 = ORIENTED_EDGE('',*,*,#11602,.T.);
#15500 = ORIENTED_EDGE('',*,*,#15476,.T.);
#15501 = ORIENTED_EDGE('',*,*,#9208,.F.);
#15502 = ORIENTED_EDGE('',*,*,#15503,.F.);
#15503 = EDGE_CURVE('',#11603,#9209,#15504,.T.);
#15504 = SURFACE_CURVE('',#15505,(#15509,#15516),.PCURVE_S1.);
#15505 = LINE('',#15506,#15507);
#15506 = CARTESIAN_POINT('',(3.904835832485,18.870098773453,66.9));
#15507 = VECTOR('',#15508,1.);
#15508 = DIRECTION('',(0.,1.110223024625E-16,-1.));
#15509 = PCURVE('',#9225,#15510);
#15510 = DEFINITIONAL_REPRESENTATION('',(#15511),#15515);
#15511 = LINE('',#15512,#15513);
#15512 = CARTESIAN_POINT('',(4.857746896384,0.));
#15513 = VECTOR('',#15514,1.);
#15514 = DIRECTION('',(0.,1.));
#15515 = ( GEOMETRIC_REPRESENTATION_CONTEXT(2) 
PARAMETRIC_REPRESENTATION_CONTEXT() REPRESENTATION_CONTEXT('2D SPACE',''
  ) );
#15516 = PCURVE('',#9254,#15517);
#15517 = DEFINITIONAL_REPRESENTATION('',(#15518),#15522);
#15518 = LINE('',#15519,#15520);
#15519 = CARTESIAN_POINT('',(4.97742045375,0.));
#15520 = VECTOR('',#15521,1.);
#15521 = DIRECTION('',(0.,1.));
#15522 = ( GEOMETRIC_REPRESENTATION_CONTEXT(2) 
PARAMETRIC_REPRESENTATION_CONTEXT() REPRESENTATION_CONTEXT('2D SPACE',''
  ) );
#15523 = ADVANCED_FACE('',(#15524),#9254,.F.);
#15524 = FACE_BOUND('',#15525,.F.);
#15525 = EDGE_LOOP('',(#15526,#15527,#15528,#15529));
#15526 = ORIENTED_EDGE('',*,*,#11626,.T.);
#15527 = ORIENTED_EDGE('',*,*,#15503,.T.);
#15528 = ORIENTED_EDGE('',*,*,#9237,.F.);
#15529 = ORIENTED_EDGE('',*,*,#15530,.F.);
#15530 = EDGE_CURVE('',#11627,#9238,#15531,.T.);
#15531 = SURFACE_CURVE('',#15532,(#15536,#15543),.PCURVE_S1.);
#15532 = LINE('',#15533,#15534);
#15533 = CARTESIAN_POINT('',(3.82272850127,18.452147780127,66.9));
#15534 = VECTOR('',#15535,1.);
#15535 = DIRECTION('',(0.,1.110223024625E-16,-1.));
#15536 = PCURVE('',#9254,#15537);
#15537 = DEFINITIONAL_REPRESENTATION('',(#15538),#15542);
#15538 = LINE('',#15539,#15540);
#15539 = CARTESIAN_POINT('',(4.835321022175,0.));
#15540 = VECTOR('',#15541,1.);
#15541 = DIRECTION('',(0.,1.));
#15542 = ( GEOMETRIC_REPRESENTATION_CONTEXT(2) 
PARAMETRIC_REPRESENTATION_CONTEXT() REPRESENTATION_CONTEXT('2D SPACE',''
  ) );
#15543 = PCURVE('',#9283,#15544);
#15544 = DEFINITIONAL_REPRESENTATION('',(#15545),#15549);
#15545 = LINE('',#15546,#15547);
#15546 = CARTESIAN_POINT('',(4.954994579541,0.));
#15547 = VECTOR('',#15548,1.);
#15548 = DIRECTION('',(0.,1.));
#15549 = ( GEOMETRIC_REPRESENTATION_CONTEXT(2) 
PARAMETRIC_REPRESENTATION_CONTEXT() REPRESENTATION_CONTEXT('2D SPACE',''
  ) );
#15550 = ADVANCED_FACE('',(#15551),#9283,.F.);
#15551 = FACE_BOUND('',#15552,.F.);
#15552 = EDGE_LOOP('',(#15553,#15554,#15555,#15556));
#15553 = ORIENTED_EDGE('',*,*,#11650,.T.);
#15554 = ORIENTED_EDGE('',*,*,#15530,.T.);
#15555 = ORIENTED_EDGE('',*,*,#9266,.F.);
#15556 = ORIENTED_EDGE('',*,*,#15557,.F.);
#15557 = EDGE_CURVE('',#11651,#9267,#15558,.T.);
#15558 = SURFACE_CURVE('',#15559,(#15563,#15570),.PCURVE_S1.);
#15559 = LINE('',#15560,#15561);
#15560 = CARTESIAN_POINT('',(3.750013946676,18.032460705974,66.9));
#15561 = VECTOR('',#15562,1.);
#15562 = DIRECTION('',(0.,1.110223024625E-16,-1.));
#15563 = PCURVE('',#9283,#15564);
#15564 = DEFINITIONAL_REPRESENTATION('',(#15565),#15569);
#15565 = LINE('',#15566,#15567);
#15566 = CARTESIAN_POINT('',(4.812895147966,0.));
#15567 = VECTOR('',#15568,1.);
#15568 = DIRECTION('',(0.,1.));
#15569 = ( GEOMETRIC_REPRESENTATION_CONTEXT(2) 
PARAMETRIC_REPRESENTATION_CONTEXT() REPRESENTATION_CONTEXT('2D SPACE',''
  ) );
#15570 = PCURVE('',#9312,#15571);
#15571 = DEFINITIONAL_REPRESENTATION('',(#15572),#15576);
#15572 = LINE('',#15573,#15574);
#15573 = CARTESIAN_POINT('',(4.932568705332,0.));
#15574 = VECTOR('',#15575,1.);
#15575 = DIRECTION('',(0.,1.));
#15576 = ( GEOMETRIC_REPRESENTATION_CONTEXT(2) 
PARAMETRIC_REPRESENTATION_CONTEXT() REPRESENTATION_CONTEXT('2D SPACE',''
  ) );
#15577 = ADVANCED_FACE('',(#15578),#9312,.F.);
#15578 = FACE_BOUND('',#15579,.F.);
#15579 = EDGE_LOOP('',(#15580,#15581,#15582,#15583));
#15580 = ORIENTED_EDGE('',*,*,#11674,.T.);
#15581 = ORIENTED_EDGE('',*,*,#15557,.T.);
#15582 = ORIENTED_EDGE('',*,*,#9295,.F.);
#15583 = ORIENTED_EDGE('',*,*,#15584,.F.);
#15584 = EDGE_CURVE('',#11675,#9296,#15585,.T.);
#15585 = SURFACE_CURVE('',#15586,(#15590,#15597),.PCURVE_S1.);
#15586 = LINE('',#15587,#15588);
#15587 = CARTESIAN_POINT('',(3.686728736763,17.6112486111,66.9));
#15588 = VECTOR('',#15589,1.);
#15589 = DIRECTION('',(0.,1.110223024625E-16,-1.));
#15590 = PCURVE('',#9312,#15591);
#15591 = DEFINITIONAL_REPRESENTATION('',(#15592),#15596);
#15592 = LINE('',#15593,#15594);
#15593 = CARTESIAN_POINT('',(4.790469273757,0.));
#15594 = VECTOR('',#15595,1.);
#15595 = DIRECTION('',(0.,1.));
#15596 = ( GEOMETRIC_REPRESENTATION_CONTEXT(2) 
PARAMETRIC_REPRESENTATION_CONTEXT() REPRESENTATION_CONTEXT('2D SPACE',''
  ) );
#15597 = PCURVE('',#9341,#15598);
#15598 = DEFINITIONAL_REPRESENTATION('',(#15599),#15603);
#15599 = LINE('',#15600,#15601);
#15600 = CARTESIAN_POINT('',(4.910142831123,0.));
#15601 = VECTOR('',#15602,1.);
#15602 = DIRECTION('',(0.,1.));
#15603 = ( GEOMETRIC_REPRESENTATION_CONTEXT(2) 
PARAMETRIC_REPRESENTATION_CONTEXT() REPRESENTATION_CONTEXT('2D SPACE',''
  ) );
#15604 = ADVANCED_FACE('',(#15605),#9341,.F.);
#15605 = FACE_BOUND('',#15606,.F.);
#15606 = EDGE_LOOP('',(#15607,#15608,#15609,#15610));
#15607 = ORIENTED_EDGE('',*,*,#11698,.T.);
#15608 = ORIENTED_EDGE('',*,*,#15584,.T.);
#15609 = ORIENTED_EDGE('',*,*,#9324,.F.);
#15610 = ORIENTED_EDGE('',*,*,#15611,.F.);
#15611 = EDGE_CURVE('',#11699,#9325,#15612,.T.);
#15612 = SURFACE_CURVE('',#15613,(#15617,#15624),.PCURVE_S1.);
#15613 = LINE('',#15614,#15615);
#15614 = CARTESIAN_POINT('',(3.632904697583,17.188723322547,66.9));
#15615 = VECTOR('',#15616,1.);
#15616 = DIRECTION('',(0.,1.110223024625E-16,-1.));
#15617 = PCURVE('',#9341,#15618);
#15618 = DEFINITIONAL_REPRESENTATION('',(#15619),#15623);
#15619 = LINE('',#15620,#15621);
#15620 = CARTESIAN_POINT('',(4.768043399548,0.));
#15621 = VECTOR('',#15622,1.);
#15622 = DIRECTION('',(0.,1.));
#15623 = ( GEOMETRIC_REPRESENTATION_CONTEXT(2) 
PARAMETRIC_REPRESENTATION_CONTEXT() REPRESENTATION_CONTEXT('2D SPACE',''
  ) );
#15624 = PCURVE('',#9370,#15625);
#15625 = DEFINITIONAL_REPRESENTATION('',(#15626),#15630);
#15626 = LINE('',#15627,#15628);
#15627 = CARTESIAN_POINT('',(4.887716956914,0.));
#15628 = VECTOR('',#15629,1.);
#15629 = DIRECTION('',(0.,1.));
#15630 = ( GEOMETRIC_REPRESENTATION_CONTEXT(2) 
PARAMETRIC_REPRESENTATION_CONTEXT() REPRESENTATION_CONTEXT('2D SPACE',''
  ) );
#15631 = ADVANCED_FACE('',(#15632),#9370,.F.);
#15632 = FACE_BOUND('',#15633,.F.);
#15633 = EDGE_LOOP('',(#15634,#15635,#15636,#15637));
#15634 = ORIENTED_EDGE('',*,*,#11722,.T.);
#15635 = ORIENTED_EDGE('',*,*,#15611,.T.);
#15636 = ORIENTED_EDGE('',*,*,#9353,.F.);
#15637 = ORIENTED_EDGE('',*,*,#15638,.F.);
#15638 = EDGE_CURVE('',#11723,#9354,#15639,.T.);
#15639 = SURFACE_CURVE('',#15640,(#15644,#15651),.PCURVE_S1.);
#15640 = LINE('',#15641,#15642);
#15641 = CARTESIAN_POINT('',(3.588568897181,16.765097327754,66.9));
#15642 = VECTOR('',#15643,1.);
#15643 = DIRECTION('',(0.,1.110223024625E-16,-1.));
#15644 = PCURVE('',#9370,#15645);
#15645 = DEFINITIONAL_REPRESENTATION('',(#15646),#15650);
#15646 = LINE('',#15647,#15648);
#15647 = CARTESIAN_POINT('',(4.745617525338,0.));
#15648 = VECTOR('',#15649,1.);
#15649 = DIRECTION('',(0.,1.));
#15650 = ( GEOMETRIC_REPRESENTATION_CONTEXT(2) 
PARAMETRIC_REPRESENTATION_CONTEXT() REPRESENTATION_CONTEXT('2D SPACE',''
  ) );
#15651 = PCURVE('',#9399,#15652);
#15652 = DEFINITIONAL_REPRESENTATION('',(#15653),#15657);
#15653 = LINE('',#15654,#15655);
#15654 = CARTESIAN_POINT('',(4.865291082704,0.));
#15655 = VECTOR('',#15656,1.);
#15656 = DIRECTION('',(0.,1.));
#15657 = ( GEOMETRIC_REPRESENTATION_CONTEXT(2) 
PARAMETRIC_REPRESENTATION_CONTEXT() REPRESENTATION_CONTEXT('2D SPACE',''
  ) );
#15658 = ADVANCED_FACE('',(#15659),#9399,.F.);
#15659 = FACE_BOUND('',#15660,.F.);
#15660 = EDGE_LOOP('',(#15661,#15662,#15663,#15664));
#15661 = ORIENTED_EDGE('',*,*,#11746,.T.);
#15662 = ORIENTED_EDGE('',*,*,#15638,.T.);
#15663 = ORIENTED_EDGE('',*,*,#9382,.F.);
#15664 = ORIENTED_EDGE('',*,*,#15665,.F.);
#15665 = EDGE_CURVE('',#11747,#9383,#15666,.T.);
#15666 = SURFACE_CURVE('',#15667,(#15671,#15678),.PCURVE_S1.);
#15667 = LINE('',#15668,#15669);
#15668 = CARTESIAN_POINT('',(3.553743631973,16.340583667709,66.9));
#15669 = VECTOR('',#15670,1.);
#15670 = DIRECTION('',(0.,1.110223024625E-16,-1.));
#15671 = PCURVE('',#9399,#15672);
#15672 = DEFINITIONAL_REPRESENTATION('',(#15673),#15677);
#15673 = LINE('',#15674,#15675);
#15674 = CARTESIAN_POINT('',(4.723191651129,0.));
#15675 = VECTOR('',#15676,1.);
#15676 = DIRECTION('',(0.,1.));
#15677 = ( GEOMETRIC_REPRESENTATION_CONTEXT(2) 
PARAMETRIC_REPRESENTATION_CONTEXT() REPRESENTATION_CONTEXT('2D SPACE',''
  ) );
#15678 = PCURVE('',#9428,#15679);
#15679 = DEFINITIONAL_REPRESENTATION('',(#15680),#15684);
#15680 = LINE('',#15681,#15682);
#15681 = CARTESIAN_POINT('',(4.842865208495,0.));
#15682 = VECTOR('',#15683,1.);
#15683 = DIRECTION('',(0.,1.));
#15684 = ( GEOMETRIC_REPRESENTATION_CONTEXT(2) 
PARAMETRIC_REPRESENTATION_CONTEXT() REPRESENTATION_CONTEXT('2D SPACE',''
  ) );
#15685 = ADVANCED_FACE('',(#15686),#9428,.F.);
#15686 = FACE_BOUND('',#15687,.F.);
#15687 = EDGE_LOOP('',(#15688,#15689,#15690,#15691));
#15688 = ORIENTED_EDGE('',*,*,#11770,.T.);
#15689 = ORIENTED_EDGE('',*,*,#15665,.T.);
#15690 = ORIENTED_EDGE('',*,*,#9411,.F.);
#15691 = ORIENTED_EDGE('',*,*,#15692,.F.);
#15692 = EDGE_CURVE('',#11771,#9412,#15693,.T.);
#15693 = SURFACE_CURVE('',#15694,(#15698,#15705),.PCURVE_S1.);
#15694 = LINE('',#15695,#15696);
#15695 = CARTESIAN_POINT('',(3.528446415544,15.915395829805,66.9));
#15696 = VECTOR('',#15697,1.);
#15697 = DIRECTION('',(0.,1.110223024625E-16,-1.));
#15698 = PCURVE('',#9428,#15699);
#15699 = DEFINITIONAL_REPRESENTATION('',(#15700),#15704);
#15700 = LINE('',#15701,#15702);
#15701 = CARTESIAN_POINT('',(4.70076577692,0.));
#15702 = VECTOR('',#15703,1.);
#15703 = DIRECTION('',(0.,1.));
#15704 = ( GEOMETRIC_REPRESENTATION_CONTEXT(2) 
PARAMETRIC_REPRESENTATION_CONTEXT() REPRESENTATION_CONTEXT('2D SPACE',''
  ) );
#15705 = PCURVE('',#9457,#15706);
#15706 = DEFINITIONAL_REPRESENTATION('',(#15707),#15711);
#15707 = LINE('',#15708,#15709);
#15708 = CARTESIAN_POINT('',(4.820439334286,0.));
#15709 = VECTOR('',#15710,1.);
#15710 = DIRECTION('',(0.,1.));
#15711 = ( GEOMETRIC_REPRESENTATION_CONTEXT(2) 
PARAMETRIC_REPRESENTATION_CONTEXT() REPRESENTATION_CONTEXT('2D SPACE',''
  ) );
#15712 = ADVANCED_FACE('',(#15713),#9457,.F.);
#15713 = FACE_BOUND('',#15714,.F.);
#15714 = EDGE_LOOP('',(#15715,#15716,#15717,#15718));
#15715 = ORIENTED_EDGE('',*,*,#11794,.T.);
#15716 = ORIENTED_EDGE('',*,*,#15692,.T.);
#15717 = ORIENTED_EDGE('',*,*,#9440,.F.);
#15718 = ORIENTED_EDGE('',*,*,#15719,.F.);
#15719 = EDGE_CURVE('',#11795,#9441,#15720,.T.);
#15720 = SURFACE_CURVE('',#15721,(#15725,#15732),.PCURVE_S1.);
#15721 = LINE('',#15722,#15723);
#15722 = CARTESIAN_POINT('',(3.51268996983,15.489747640475,66.9));
#15723 = VECTOR('',#15724,1.);
#15724 = DIRECTION('',(0.,1.110223024625E-16,-1.));
#15725 = PCURVE('',#9457,#15726);
#15726 = DEFINITIONAL_REPRESENTATION('',(#15727),#15731);
#15727 = LINE('',#15728,#15729);
#15728 = CARTESIAN_POINT('',(4.678339902711,0.));
#15729 = VECTOR('',#15730,1.);
#15730 = DIRECTION('',(0.,1.));
#15731 = ( GEOMETRIC_REPRESENTATION_CONTEXT(2) 
PARAMETRIC_REPRESENTATION_CONTEXT() REPRESENTATION_CONTEXT('2D SPACE',''
  ) );
#15732 = PCURVE('',#9486,#15733);
#15733 = DEFINITIONAL_REPRESENTATION('',(#15734),#15738);
#15734 = LINE('',#15735,#15736);
#15735 = CARTESIAN_POINT('',(4.798013460077,0.));
#15736 = VECTOR('',#15737,1.);
#15737 = DIRECTION('',(0.,1.));
#15738 = ( GEOMETRIC_REPRESENTATION_CONTEXT(2) 
PARAMETRIC_REPRESENTATION_CONTEXT() REPRESENTATION_CONTEXT('2D SPACE',''
  ) );
#15739 = ADVANCED_FACE('',(#15740),#9486,.F.);
#15740 = FACE_BOUND('',#15741,.F.);
#15741 = EDGE_LOOP('',(#15742,#15743,#15744,#15745));
#15742 = ORIENTED_EDGE('',*,*,#11818,.T.);
#15743 = ORIENTED_EDGE('',*,*,#15719,.T.);
#15744 = ORIENTED_EDGE('',*,*,#9469,.F.);
#15745 = ORIENTED_EDGE('',*,*,#15746,.F.);
#15746 = EDGE_CURVE('',#11819,#9470,#15747,.T.);
#15747 = SURFACE_CURVE('',#15748,(#15752,#15759),.PCURVE_S1.);
#15748 = LINE('',#15749,#15750);
#15749 = CARTESIAN_POINT('',(3.506482218731,15.063853157665,66.9));
#15750 = VECTOR('',#15751,1.);
#15751 = DIRECTION('',(0.,1.110223024625E-16,-1.));
#15752 = PCURVE('',#9486,#15753);
#15753 = DEFINITIONAL_REPRESENTATION('',(#15754),#15758);
#15754 = LINE('',#15755,#15756);
#15755 = CARTESIAN_POINT('',(4.655914028502,0.));
#15756 = VECTOR('',#15757,1.);
#15757 = DIRECTION('',(0.,1.));
#15758 = ( GEOMETRIC_REPRESENTATION_CONTEXT(2) 
PARAMETRIC_REPRESENTATION_CONTEXT() REPRESENTATION_CONTEXT('2D SPACE',''
  ) );
#15759 = PCURVE('',#9515,#15760);
#15760 = DEFINITIONAL_REPRESENTATION('',(#15761),#15765);
#15761 = LINE('',#15762,#15763);
#15762 = CARTESIAN_POINT('',(4.775587585868,0.));
#15763 = VECTOR('',#15764,1.);
#15764 = DIRECTION('',(0.,1.));
#15765 = ( GEOMETRIC_REPRESENTATION_CONTEXT(2) 
PARAMETRIC_REPRESENTATION_CONTEXT() REPRESENTATION_CONTEXT('2D SPACE',''
  ) );
#15766 = ADVANCED_FACE('',(#15767),#9515,.F.);
#15767 = FACE_BOUND('',#15768,.F.);
#15768 = EDGE_LOOP('',(#15769,#15770,#15771,#15772));
#15769 = ORIENTED_EDGE('',*,*,#11842,.T.);
#15770 = ORIENTED_EDGE('',*,*,#15746,.T.);
#15771 = ORIENTED_EDGE('',*,*,#9498,.F.);
#15772 = ORIENTED_EDGE('',*,*,#15773,.F.);
#15773 = EDGE_CURVE('',#11843,#9499,#15774,.T.);
#15774 = SURFACE_CURVE('',#15775,(#15779,#15786),.PCURVE_S1.);
#15775 = LINE('',#15776,#15777);
#15776 = CARTESIAN_POINT('',(3.509826284115,14.637926563182,66.9));
#15777 = VECTOR('',#15778,1.);
#15778 = DIRECTION('',(0.,1.110223024625E-16,-1.));
#15779 = PCURVE('',#9515,#15780);
#15780 = DEFINITIONAL_REPRESENTATION('',(#15781),#15785);
#15781 = LINE('',#15782,#15783);
#15782 = CARTESIAN_POINT('',(4.633488154293,0.));
#15783 = VECTOR('',#15784,1.);
#15784 = DIRECTION('',(0.,1.));
#15785 = ( GEOMETRIC_REPRESENTATION_CONTEXT(2) 
PARAMETRIC_REPRESENTATION_CONTEXT() REPRESENTATION_CONTEXT('2D SPACE',''
  ) );
#15786 = PCURVE('',#9544,#15787);
#15787 = DEFINITIONAL_REPRESENTATION('',(#15788),#15792);
#15788 = LINE('',#15789,#15790);
#15789 = CARTESIAN_POINT('',(4.753161711659,0.));
#15790 = VECTOR('',#15791,1.);
#15791 = DIRECTION('',(0.,1.));
#15792 = ( GEOMETRIC_REPRESENTATION_CONTEXT(2) 
PARAMETRIC_REPRESENTATION_CONTEXT() REPRESENTATION_CONTEXT('2D SPACE',''
  ) );
#15793 = ADVANCED_FACE('',(#15794),#9544,.F.);
#15794 = FACE_BOUND('',#15795,.F.);
#15795 = EDGE_LOOP('',(#15796,#15797,#15798,#15799));
#15796 = ORIENTED_EDGE('',*,*,#11866,.T.);
#15797 = ORIENTED_EDGE('',*,*,#15773,.T.);
#15798 = ORIENTED_EDGE('',*,*,#9527,.F.);
#15799 = ORIENTED_EDGE('',*,*,#15800,.F.);
#15800 = EDGE_CURVE('',#11867,#9528,#15801,.T.);
#15801 = SURFACE_CURVE('',#15802,(#15806,#15813),.PCURVE_S1.);
#15802 = LINE('',#15803,#15804);
#15803 = CARTESIAN_POINT('',(3.522720484257,14.212182054981,66.9));
#15804 = VECTOR('',#15805,1.);
#15805 = DIRECTION('',(0.,1.110223024625E-16,-1.));
#15806 = PCURVE('',#9544,#15807);
#15807 = DEFINITIONAL_REPRESENTATION('',(#15808),#15812);
#15808 = LINE('',#15809,#15810);
#15809 = CARTESIAN_POINT('',(4.611062280084,0.));
#15810 = VECTOR('',#15811,1.);
#15811 = DIRECTION('',(0.,1.));
#15812 = ( GEOMETRIC_REPRESENTATION_CONTEXT(2) 
PARAMETRIC_REPRESENTATION_CONTEXT() REPRESENTATION_CONTEXT('2D SPACE',''
  ) );
#15813 = PCURVE('',#9573,#15814);
#15814 = DEFINITIONAL_REPRESENTATION('',(#15815),#15819);
#15815 = LINE('',#15816,#15817);
#15816 = CARTESIAN_POINT('',(4.73073583745,0.));
#15817 = VECTOR('',#15818,1.);
#15818 = DIRECTION('',(0.,1.));
#15819 = ( GEOMETRIC_REPRESENTATION_CONTEXT(2) 
PARAMETRIC_REPRESENTATION_CONTEXT() REPRESENTATION_CONTEXT('2D SPACE',''
  ) );
#15820 = ADVANCED_FACE('',(#15821),#9573,.F.);
#15821 = FACE_BOUND('',#15822,.F.);
#15822 = EDGE_LOOP('',(#15823,#15824,#15825,#15826));
#15823 = ORIENTED_EDGE('',*,*,#11890,.T.);
#15824 = ORIENTED_EDGE('',*,*,#15800,.T.);
#15825 = ORIENTED_EDGE('',*,*,#9556,.F.);
#15826 = ORIENTED_EDGE('',*,*,#15827,.F.);
#15827 = EDGE_CURVE('',#11891,#9557,#15828,.T.);
#15828 = SURFACE_CURVE('',#15829,(#15833,#15840),.PCURVE_S1.);
#15829 = LINE('',#15830,#15831);
#15830 = CARTESIAN_POINT('',(3.545158334679,13.786833739444,66.9));
#15831 = VECTOR('',#15832,1.);
#15832 = DIRECTION('',(0.,1.110223024625E-16,-1.));
#15833 = PCURVE('',#9573,#15834);
#15834 = DEFINITIONAL_REPRESENTATION('',(#15835),#15839);
#15835 = LINE('',#15836,#15837);
#15836 = CARTESIAN_POINT('',(4.588636405875,0.));
#15837 = VECTOR('',#15838,1.);
#15838 = DIRECTION('',(0.,1.));
#15839 = ( GEOMETRIC_REPRESENTATION_CONTEXT(2) 
PARAMETRIC_REPRESENTATION_CONTEXT() REPRESENTATION_CONTEXT('2D SPACE',''
  ) );
#15840 = PCURVE('',#9602,#15841);
#15841 = DEFINITIONAL_REPRESENTATION('',(#15842),#15846);
#15842 = LINE('',#15843,#15844);
#15843 = CARTESIAN_POINT('',(4.708309963241,0.));
#15844 = VECTOR('',#15845,1.);
#15845 = DIRECTION('',(0.,1.));
#15846 = ( GEOMETRIC_REPRESENTATION_CONTEXT(2) 
PARAMETRIC_REPRESENTATION_CONTEXT() REPRESENTATION_CONTEXT('2D SPACE',''
  ) );
#15847 = ADVANCED_FACE('',(#15848),#9602,.F.);
#15848 = FACE_BOUND('',#15849,.F.);
#15849 = EDGE_LOOP('',(#15850,#15851,#15852,#15853));
#15850 = ORIENTED_EDGE('',*,*,#11914,.T.);
#15851 = ORIENTED_EDGE('',*,*,#15827,.T.);
#15852 = ORIENTED_EDGE('',*,*,#9585,.F.);
#15853 = ORIENTED_EDGE('',*,*,#15854,.F.);
#15854 = EDGE_CURVE('',#11915,#9586,#15855,.T.);
#15855 = SURFACE_CURVE('',#15856,(#15860,#15867),.PCURVE_S1.);
#15856 = LINE('',#15857,#15858);
#15857 = CARTESIAN_POINT('',(3.577128551415,13.362095523712,66.9));
#15858 = VECTOR('',#15859,1.);
#15859 = DIRECTION('',(0.,1.110223024625E-16,-1.));
#15860 = PCURVE('',#9602,#15861);
#15861 = DEFINITIONAL_REPRESENTATION('',(#15862),#15866);
#15862 = LINE('',#15863,#15864);
#15863 = CARTESIAN_POINT('',(4.566210531666,0.));
#15864 = VECTOR('',#15865,1.);
#15865 = DIRECTION('',(0.,1.));
#15866 = ( GEOMETRIC_REPRESENTATION_CONTEXT(2) 
PARAMETRIC_REPRESENTATION_CONTEXT() REPRESENTATION_CONTEXT('2D SPACE',''
  ) );
#15867 = PCURVE('',#9631,#15868);
#15868 = DEFINITIONAL_REPRESENTATION('',(#15869),#15873);
#15869 = LINE('',#15870,#15871);
#15870 = CARTESIAN_POINT('',(4.685884089032,0.));
#15871 = VECTOR('',#15872,1.);
#15872 = DIRECTION('',(0.,1.));
#15873 = ( GEOMETRIC_REPRESENTATION_CONTEXT(2) 
PARAMETRIC_REPRESENTATION_CONTEXT() REPRESENTATION_CONTEXT('2D SPACE',''
  ) );
#15874 = ADVANCED_FACE('',(#15875),#9631,.F.);
#15875 = FACE_BOUND('',#15876,.F.);
#15876 = EDGE_LOOP('',(#15877,#15878,#15879,#15880));
#15877 = ORIENTED_EDGE('',*,*,#11938,.T.);
#15878 = ORIENTED_EDGE('',*,*,#15854,.T.);
#15879 = ORIENTED_EDGE('',*,*,#9614,.F.);
#15880 = ORIENTED_EDGE('',*,*,#15881,.F.);
#15881 = EDGE_CURVE('',#11939,#9615,#15882,.T.);
#15882 = SURFACE_CURVE('',#15883,(#15887,#15894),.PCURVE_S1.);
#15883 = LINE('',#15884,#15885);
#15884 = CARTESIAN_POINT('',(3.618615056681,12.938181008106,66.9));
#15885 = VECTOR('',#15886,1.);
#15886 = DIRECTION('',(0.,1.110223024625E-16,-1.));
#15887 = PCURVE('',#9631,#15888);
#15888 = DEFINITIONAL_REPRESENTATION('',(#15889),#15893);
#15889 = LINE('',#15890,#15891);
#15890 = CARTESIAN_POINT('',(4.543784657457,0.));
#15891 = VECTOR('',#15892,1.);
#15892 = DIRECTION('',(0.,1.));
#15893 = ( GEOMETRIC_REPRESENTATION_CONTEXT(2) 
PARAMETRIC_REPRESENTATION_CONTEXT() REPRESENTATION_CONTEXT('2D SPACE',''
  ) );
#15894 = PCURVE('',#9660,#15895);
#15895 = DEFINITIONAL_REPRESENTATION('',(#15896),#15900);
#15896 = LINE('',#15897,#15898);
#15897 = CARTESIAN_POINT('',(4.663458214823,0.));
#15898 = VECTOR('',#15899,1.);
#15899 = DIRECTION('',(0.,1.));
#15900 = ( GEOMETRIC_REPRESENTATION_CONTEXT(2) 
PARAMETRIC_REPRESENTATION_CONTEXT() REPRESENTATION_CONTEXT('2D SPACE',''
  ) );
#15901 = ADVANCED_FACE('',(#15902),#9660,.F.);
#15902 = FACE_BOUND('',#15903,.F.);
#15903 = EDGE_LOOP('',(#15904,#15905,#15906,#15907));
#15904 = ORIENTED_EDGE('',*,*,#11962,.T.);
#15905 = ORIENTED_EDGE('',*,*,#15881,.T.);
#15906 = ORIENTED_EDGE('',*,*,#9643,.F.);
#15907 = ORIENTED_EDGE('',*,*,#15908,.F.);
#15908 = EDGE_CURVE('',#11963,#9644,#15909,.T.);
#15909 = SURFACE_CURVE('',#15910,(#15914,#15921),.PCURVE_S1.);
#15910 = LINE('',#15911,#15912);
#15911 = CARTESIAN_POINT('',(3.669596986966,12.515303378707,66.9));
#15912 = VECTOR('',#15913,1.);
#15913 = DIRECTION('',(0.,1.110223024625E-16,-1.));
#15914 = PCURVE('',#9660,#15915);
#15915 = DEFINITIONAL_REPRESENTATION('',(#15916),#15920);
#15916 = LINE('',#15917,#15918);
#15917 = CARTESIAN_POINT('',(4.521358783248,0.));
#15918 = VECTOR('',#15919,1.);
#15919 = DIRECTION('',(0.,1.));
#15920 = ( GEOMETRIC_REPRESENTATION_CONTEXT(2) 
PARAMETRIC_REPRESENTATION_CONTEXT() REPRESENTATION_CONTEXT('2D SPACE',''
  ) );
#15921 = PCURVE('',#9689,#15922);
#15922 = DEFINITIONAL_REPRESENTATION('',(#15923),#15927);
#15923 = LINE('',#15924,#15925);
#15924 = CARTESIAN_POINT('',(4.641032340614,0.));
#15925 = VECTOR('',#15926,1.);
#15926 = DIRECTION('',(0.,1.));
#15927 = ( GEOMETRIC_REPRESENTATION_CONTEXT(2) 
PARAMETRIC_REPRESENTATION_CONTEXT() REPRESENTATION_CONTEXT('2D SPACE',''
  ) );
#15928 = ADVANCED_FACE('',(#15929),#9689,.F.);
#15929 = FACE_BOUND('',#15930,.F.);
#15930 = EDGE_LOOP('',(#15931,#15932,#15933,#15934));
#15931 = ORIENTED_EDGE('',*,*,#11986,.T.);
#15932 = ORIENTED_EDGE('',*,*,#15908,.T.);
#15933 = ORIENTED_EDGE('',*,*,#9672,.F.);
#15934 = ORIENTED_EDGE('',*,*,#15935,.F.);
#15935 = EDGE_CURVE('',#11987,#9673,#15936,.T.);
#15936 = SURFACE_CURVE('',#15937,(#15941,#15948),.PCURVE_S1.);
#15937 = LINE('',#15938,#15939);
#15938 = CARTESIAN_POINT('',(3.730048703522,12.093675300151,66.9));
#15939 = VECTOR('',#15940,1.);
#15940 = DIRECTION('',(0.,1.110223024625E-16,-1.));
#15941 = PCURVE('',#9689,#15942);
#15942 = DEFINITIONAL_REPRESENTATION('',(#15943),#15947);
#15943 = LINE('',#15944,#15945);
#15944 = CARTESIAN_POINT('',(4.498932909039,0.));
#15945 = VECTOR('',#15946,1.);
#15946 = DIRECTION('',(0.,1.));
#15947 = ( GEOMETRIC_REPRESENTATION_CONTEXT(2) 
PARAMETRIC_REPRESENTATION_CONTEXT() REPRESENTATION_CONTEXT('2D SPACE',''
  ) );
#15948 = PCURVE('',#9718,#15949);
#15949 = DEFINITIONAL_REPRESENTATION('',(#15950),#15954);
#15950 = LINE('',#15951,#15952);
#15951 = CARTESIAN_POINT('',(4.618606466405,0.));
#15952 = VECTOR('',#15953,1.);
#15953 = DIRECTION('',(0.,1.));
#15954 = ( GEOMETRIC_REPRESENTATION_CONTEXT(2) 
PARAMETRIC_REPRESENTATION_CONTEXT() REPRESENTATION_CONTEXT('2D SPACE',''
  ) );
#15955 = ADVANCED_FACE('',(#15956),#9718,.F.);
#15956 = FACE_BOUND('',#15957,.F.);
#15957 = EDGE_LOOP('',(#15958,#15959,#15960,#15961));
#15958 = ORIENTED_EDGE('',*,*,#12010,.T.);
#15959 = ORIENTED_EDGE('',*,*,#15935,.T.);
#15960 = ORIENTED_EDGE('',*,*,#9701,.F.);
#15961 = ORIENTED_EDGE('',*,*,#15962,.F.);
#15962 = EDGE_CURVE('',#12011,#9702,#15963,.T.);
#15963 = SURFACE_CURVE('',#15964,(#15968,#15975),.PCURVE_S1.);
#15964 = LINE('',#15965,#15966);
#15965 = CARTESIAN_POINT('',(3.799939805253,11.673508808674,66.9));
#15966 = VECTOR('',#15967,1.);
#15967 = DIRECTION('',(0.,1.110223024625E-16,-1.));
#15968 = PCURVE('',#9718,#15969);
#15969 = DEFINITIONAL_REPRESENTATION('',(#15970),#15974);
#15970 = LINE('',#15971,#15972);
#15971 = CARTESIAN_POINT('',(4.47650703483,0.));
#15972 = VECTOR('',#15973,1.);
#15973 = DIRECTION('',(0.,1.));
#15974 = ( GEOMETRIC_REPRESENTATION_CONTEXT(2) 
PARAMETRIC_REPRESENTATION_CONTEXT() REPRESENTATION_CONTEXT('2D SPACE',''
  ) );
#15975 = PCURVE('',#9747,#15976);
#15976 = DEFINITIONAL_REPRESENTATION('',(#15977),#15981);
#15977 = LINE('',#15978,#15979);
#15978 = CARTESIAN_POINT('',(4.596180592196,0.));
#15979 = VECTOR('',#15980,1.);
#15980 = DIRECTION('',(0.,1.));
#15981 = ( GEOMETRIC_REPRESENTATION_CONTEXT(2) 
PARAMETRIC_REPRESENTATION_CONTEXT() REPRESENTATION_CONTEXT('2D SPACE',''
  ) );
#15982 = ADVANCED_FACE('',(#15983),#9747,.F.);
#15983 = FACE_BOUND('',#15984,.F.);
#15984 = EDGE_LOOP('',(#15985,#15986,#15987,#15988));
#15985 = ORIENTED_EDGE('',*,*,#12034,.T.);
#15986 = ORIENTED_EDGE('',*,*,#15962,.T.);
#15987 = ORIENTED_EDGE('',*,*,#9730,.F.);
#15988 = ORIENTED_EDGE('',*,*,#15989,.F.);
#15989 = EDGE_CURVE('',#12035,#9731,#15990,.T.);
#15990 = SURFACE_CURVE('',#15991,(#15995,#16002),.PCURVE_S1.);
#15991 = LINE('',#15992,#15993);
#15992 = CARTESIAN_POINT('',(3.879235144013,11.255015205483,66.9));
#15993 = VECTOR('',#15994,1.);
#15994 = DIRECTION('',(0.,1.110223024625E-16,-1.));
#15995 = PCURVE('',#9747,#15996);
#15996 = DEFINITIONAL_REPRESENTATION('',(#15997),#16001);
#15997 = LINE('',#15998,#15999);
#15998 = CARTESIAN_POINT('',(4.45408116062,0.));
#15999 = VECTOR('',#16000,1.);
#16000 = DIRECTION('',(0.,1.));
#16001 = ( GEOMETRIC_REPRESENTATION_CONTEXT(2) 
PARAMETRIC_REPRESENTATION_CONTEXT() REPRESENTATION_CONTEXT('2D SPACE',''
  ) );
#16002 = PCURVE('',#9776,#16003);
#16003 = DEFINITIONAL_REPRESENTATION('',(#16004),#16008);
#16004 = LINE('',#16005,#16006);
#16005 = CARTESIAN_POINT('',(4.573754717986,0.));
#16006 = VECTOR('',#16007,1.);
#16007 = DIRECTION('',(0.,1.));
#16008 = ( GEOMETRIC_REPRESENTATION_CONTEXT(2) 
PARAMETRIC_REPRESENTATION_CONTEXT() REPRESENTATION_CONTEXT('2D SPACE',''
  ) );
#16009 = ADVANCED_FACE('',(#16010),#9776,.F.);
#16010 = FACE_BOUND('',#16011,.F.);
#16011 = EDGE_LOOP('',(#16012,#16013,#16014,#16015));
#16012 = ORIENTED_EDGE('',*,*,#12058,.T.);
#16013 = ORIENTED_EDGE('',*,*,#15989,.T.);
#16014 = ORIENTED_EDGE('',*,*,#9759,.F.);
#16015 = ORIENTED_EDGE('',*,*,#16016,.F.);
#16016 = EDGE_CURVE('',#12059,#9760,#16017,.T.);
#16017 = SURFACE_CURVE('',#16018,(#16022,#16029),.PCURVE_S1.);
#16018 = LINE('',#16019,#16020);
#16019 = CARTESIAN_POINT('',(3.967894842274,10.838404950489,66.9));
#16020 = VECTOR('',#16021,1.);
#16021 = DIRECTION('',(0.,1.110223024625E-16,-1.));
#16022 = PCURVE('',#9776,#16023);
#16023 = DEFINITIONAL_REPRESENTATION('',(#16024),#16028);
#16024 = LINE('',#16025,#16026);
#16025 = CARTESIAN_POINT('',(4.431655286411,0.));
#16026 = VECTOR('',#16027,1.);
#16027 = DIRECTION('',(0.,1.));
#16028 = ( GEOMETRIC_REPRESENTATION_CONTEXT(2) 
PARAMETRIC_REPRESENTATION_CONTEXT() REPRESENTATION_CONTEXT('2D SPACE',''
  ) );
#16029 = PCURVE('',#9805,#16030);
#16030 = DEFINITIONAL_REPRESENTATION('',(#16031),#16035);
#16031 = LINE('',#16032,#16033);
#16032 = CARTESIAN_POINT('',(4.551328843777,0.));
#16033 = VECTOR('',#16034,1.);
#16034 = DIRECTION('',(0.,1.));
#16035 = ( GEOMETRIC_REPRESENTATION_CONTEXT(2) 
PARAMETRIC_REPRESENTATION_CONTEXT() REPRESENTATION_CONTEXT('2D SPACE',''
  ) );
#16036 = ADVANCED_FACE('',(#16037),#9805,.F.);
#16037 = FACE_BOUND('',#16038,.F.);
#16038 = EDGE_LOOP('',(#16039,#16040,#16041,#16042));
#16039 = ORIENTED_EDGE('',*,*,#12082,.T.);
#16040 = ORIENTED_EDGE('',*,*,#16016,.T.);
#16041 = ORIENTED_EDGE('',*,*,#9788,.F.);
#16042 = ORIENTED_EDGE('',*,*,#16043,.F.);
#16043 = EDGE_CURVE('',#12083,#9789,#16044,.T.);
#16044 = SURFACE_CURVE('',#16045,(#16049,#16056),.PCURVE_S1.);
#16045 = LINE('',#16046,#16047);
#16046 = CARTESIAN_POINT('',(4.065874313184,10.423887556474,66.9));
#16047 = VECTOR('',#16048,1.);
#16048 = DIRECTION('',(0.,1.110223024625E-16,-1.));
#16049 = PCURVE('',#9805,#16050);
#16050 = DEFINITIONAL_REPRESENTATION('',(#16051),#16055);
#16051 = LINE('',#16052,#16053);
#16052 = CARTESIAN_POINT('',(4.409229412202,0.));
#16053 = VECTOR('',#16054,1.);
#16054 = DIRECTION('',(0.,1.));
#16055 = ( GEOMETRIC_REPRESENTATION_CONTEXT(2) 
PARAMETRIC_REPRESENTATION_CONTEXT() REPRESENTATION_CONTEXT('2D SPACE',''
  ) );
#16056 = PCURVE('',#9834,#16057);
#16057 = DEFINITIONAL_REPRESENTATION('',(#16058),#16062);
#16058 = LINE('',#16059,#16060);
#16059 = CARTESIAN_POINT('',(4.528902969568,0.));
#16060 = VECTOR('',#16061,1.);
#16061 = DIRECTION('',(0.,1.));
#16062 = ( GEOMETRIC_REPRESENTATION_CONTEXT(2) 
PARAMETRIC_REPRESENTATION_CONTEXT() REPRESENTATION_CONTEXT('2D SPACE',''
  ) );
#16063 = ADVANCED_FACE('',(#16064),#9834,.F.);
#16064 = FACE_BOUND('',#16065,.F.);
#16065 = EDGE_LOOP('',(#16066,#16067,#16068,#16069));
#16066 = ORIENTED_EDGE('',*,*,#12106,.T.);
#16067 = ORIENTED_EDGE('',*,*,#16043,.T.);
#16068 = ORIENTED_EDGE('',*,*,#9817,.F.);
#16069 = ORIENTED_EDGE('',*,*,#16070,.F.);
#16070 = EDGE_CURVE('',#12107,#9818,#16071,.T.);
#16071 = SURFACE_CURVE('',#16072,(#16076,#16083),.PCURVE_S1.);
#16072 = LINE('',#16073,#16074);
#16073 = CARTESIAN_POINT('',(4.173124282989,10.011671483718,66.9));
#16074 = VECTOR('',#16075,1.);
#16075 = DIRECTION('',(0.,1.110223024625E-16,-1.));
#16076 = PCURVE('',#9834,#16077);
#16077 = DEFINITIONAL_REPRESENTATION('',(#16078),#16082);
#16078 = LINE('',#16079,#16080);
#16079 = CARTESIAN_POINT('',(4.386803537993,0.));
#16080 = VECTOR('',#16081,1.);
#16081 = DIRECTION('',(0.,1.));
#16082 = ( GEOMETRIC_REPRESENTATION_CONTEXT(2) 
PARAMETRIC_REPRESENTATION_CONTEXT() REPRESENTATION_CONTEXT('2D SPACE',''
  ) );
#16083 = PCURVE('',#9863,#16084);
#16084 = DEFINITIONAL_REPRESENTATION('',(#16085),#16089);
#16085 = LINE('',#16086,#16087);
#16086 = CARTESIAN_POINT('',(4.506477095359,0.));
#16087 = VECTOR('',#16088,1.);
#16088 = DIRECTION('',(0.,1.));
#16089 = ( GEOMETRIC_REPRESENTATION_CONTEXT(2) 
PARAMETRIC_REPRESENTATION_CONTEXT() REPRESENTATION_CONTEXT('2D SPACE',''
  ) );
#16090 = ADVANCED_FACE('',(#16091),#9863,.F.);
#16091 = FACE_BOUND('',#16092,.F.);
#16092 = EDGE_LOOP('',(#16093,#16094,#16095,#16096));
#16093 = ORIENTED_EDGE('',*,*,#12130,.T.);
#16094 = ORIENTED_EDGE('',*,*,#16070,.T.);
#16095 = ORIENTED_EDGE('',*,*,#9846,.F.);
#16096 = ORIENTED_EDGE('',*,*,#16097,.F.);
#16097 = EDGE_CURVE('',#12131,#9847,#16098,.T.);
#16098 = SURFACE_CURVE('',#16099,(#16103,#16110),.PCURVE_S1.);
#16099 = LINE('',#16100,#16101);
#16100 = CARTESIAN_POINT('',(4.289590815812,9.601964035173,66.9));
#16101 = VECTOR('',#16102,1.);
#16102 = DIRECTION('',(0.,1.110223024625E-16,-1.));
#16103 = PCURVE('',#9863,#16104);
#16104 = DEFINITIONAL_REPRESENTATION('',(#16105),#16109);
#16105 = LINE('',#16106,#16107);
#16106 = CARTESIAN_POINT('',(4.364377663784,0.));
#16107 = VECTOR('',#16108,1.);
#16108 = DIRECTION('',(0.,1.));
#16109 = ( GEOMETRIC_REPRESENTATION_CONTEXT(2) 
PARAMETRIC_REPRESENTATION_CONTEXT() REPRESENTATION_CONTEXT('2D SPACE',''
  ) );
#16110 = PCURVE('',#9892,#16111);
#16111 = DEFINITIONAL_REPRESENTATION('',(#16112),#16116);
#16112 = LINE('',#16113,#16114);
#16113 = CARTESIAN_POINT('',(4.48405122115,0.));
#16114 = VECTOR('',#16115,1.);
#16115 = DIRECTION('',(0.,1.));
#16116 = ( GEOMETRIC_REPRESENTATION_CONTEXT(2) 
PARAMETRIC_REPRESENTATION_CONTEXT() REPRESENTATION_CONTEXT('2D SPACE',''
  ) );
#16117 = ADVANCED_FACE('',(#16118),#9892,.F.);
#16118 = FACE_BOUND('',#16119,.F.);
#16119 = EDGE_LOOP('',(#16120,#16121,#16122,#16123));
#16120 = ORIENTED_EDGE('',*,*,#12154,.T.);
#16121 = ORIENTED_EDGE('',*,*,#16097,.T.);
#16122 = ORIENTED_EDGE('',*,*,#9875,.F.);
#16123 = ORIENTED_EDGE('',*,*,#16124,.F.);
#16124 = EDGE_CURVE('',#12155,#9876,#16125,.T.);
#16125 = SURFACE_CURVE('',#16126,(#16130,#16137),.PCURVE_S1.);
#16126 = LINE('',#16127,#16128);
#16127 = CARTESIAN_POINT('',(4.415215340779,9.194971252205,66.9));
#16128 = VECTOR('',#16129,1.);
#16129 = DIRECTION('',(0.,1.110223024625E-16,-1.));
#16130 = PCURVE('',#9892,#16131);
#16131 = DEFINITIONAL_REPRESENTATION('',(#16132),#16136);
#16132 = LINE('',#16133,#16134);
#16133 = CARTESIAN_POINT('',(4.341951789575,0.));
#16134 = VECTOR('',#16135,1.);
#16135 = DIRECTION('',(0.,1.));
#16136 = ( GEOMETRIC_REPRESENTATION_CONTEXT(2) 
PARAMETRIC_REPRESENTATION_CONTEXT() REPRESENTATION_CONTEXT('2D SPACE',''
  ) );
#16137 = PCURVE('',#9921,#16138);
#16138 = DEFINITIONAL_REPRESENTATION('',(#16139),#16143);
#16139 = LINE('',#16140,#16141);
#16140 = CARTESIAN_POINT('',(4.461625346941,0.));
#16141 = VECTOR('',#16142,1.);
#16142 = DIRECTION('',(0.,1.));
#16143 = ( GEOMETRIC_REPRESENTATION_CONTEXT(2) 
PARAMETRIC_REPRESENTATION_CONTEXT() REPRESENTATION_CONTEXT('2D SPACE',''
  ) );
#16144 = ADVANCED_FACE('',(#16145),#9921,.F.);
#16145 = FACE_BOUND('',#16146,.F.);
#16146 = EDGE_LOOP('',(#16147,#16148,#16149,#16150));
#16147 = ORIENTED_EDGE('',*,*,#12178,.T.);
#16148 = ORIENTED_EDGE('',*,*,#16124,.T.);
#16149 = ORIENTED_EDGE('',*,*,#9904,.F.);
#16150 = ORIENTED_EDGE('',*,*,#16151,.F.);
#16151 = EDGE_CURVE('',#12179,#9905,#16152,.T.);
#16152 = SURFACE_CURVE('',#16153,(#16157,#16164),.PCURVE_S1.);
#16153 = LINE('',#16154,#16155);
#16154 = CARTESIAN_POINT('',(4.549934681472,8.790897810979,66.9));
#16155 = VECTOR('',#16156,1.);
#16156 = DIRECTION('',(0.,1.110223024625E-16,-1.));
#16157 = PCURVE('',#9921,#16158);
#16158 = DEFINITIONAL_REPRESENTATION('',(#16159),#16163);
#16159 = LINE('',#16160,#16161);
#16160 = CARTESIAN_POINT('',(4.319525915366,0.));
#16161 = VECTOR('',#16162,1.);
#16162 = DIRECTION('',(0.,1.));
#16163 = ( GEOMETRIC_REPRESENTATION_CONTEXT(2) 
PARAMETRIC_REPRESENTATION_CONTEXT() REPRESENTATION_CONTEXT('2D SPACE',''
  ) );
#16164 = PCURVE('',#9950,#16165);
#16165 = DEFINITIONAL_REPRESENTATION('',(#16166),#16170);
#16166 = LINE('',#16167,#16168);
#16167 = CARTESIAN_POINT('',(4.439199472732,0.));
#16168 = VECTOR('',#16169,1.);
#16169 = DIRECTION('',(0.,1.));
#16170 = ( GEOMETRIC_REPRESENTATION_CONTEXT(2) 
PARAMETRIC_REPRESENTATION_CONTEXT() REPRESENTATION_CONTEXT('2D SPACE',''
  ) );
#16171 = ADVANCED_FACE('',(#16172),#9950,.F.);
#16172 = FACE_BOUND('',#16173,.F.);
#16173 = EDGE_LOOP('',(#16174,#16175,#16176,#16177));
#16174 = ORIENTED_EDGE('',*,*,#12202,.T.);
#16175 = ORIENTED_EDGE('',*,*,#16151,.T.);
#16176 = ORIENTED_EDGE('',*,*,#9933,.F.);
#16177 = ORIENTED_EDGE('',*,*,#16178,.F.);
#16178 = EDGE_CURVE('',#12203,#9934,#16179,.T.);
#16179 = SURFACE_CURVE('',#16180,(#16184,#16191),.PCURVE_S1.);
#16180 = LINE('',#16181,#16182);
#16181 = CARTESIAN_POINT('',(4.693681087703,8.389946919526,66.9));
#16182 = VECTOR('',#16183,1.);
#16183 = DIRECTION('',(0.,1.110223024625E-16,-1.));
#16184 = PCURVE('',#9950,#16185);
#16185 = DEFINITIONAL_REPRESENTATION('',(#16186),#16190);
#16186 = LINE('',#16187,#16188);
#16187 = CARTESIAN_POINT('',(4.297100041157,0.));
#16188 = VECTOR('',#16189,1.);
#16189 = DIRECTION('',(0.,1.));
#16190 = ( GEOMETRIC_REPRESENTATION_CONTEXT(2) 
PARAMETRIC_REPRESENTATION_CONTEXT() REPRESENTATION_CONTEXT('2D SPACE',''
  ) );
#16191 = PCURVE('',#9979,#16192);
#16192 = DEFINITIONAL_REPRESENTATION('',(#16193),#16197);
#16193 = LINE('',#16194,#16195);
#16194 = CARTESIAN_POINT('',(4.416773598523,0.));
#16195 = VECTOR('',#16196,1.);
#16196 = DIRECTION('',(0.,1.));
#16197 = ( GEOMETRIC_REPRESENTATION_CONTEXT(2) 
PARAMETRIC_REPRESENTATION_CONTEXT() REPRESENTATION_CONTEXT('2D SPACE',''
  ) );
#16198 = ADVANCED_FACE('',(#16199),#9979,.F.);
#16199 = FACE_BOUND('',#16200,.F.);
#16200 = EDGE_LOOP('',(#16201,#16202,#16203,#16204));
#16201 = ORIENTED_EDGE('',*,*,#12226,.T.);
#16202 = ORIENTED_EDGE('',*,*,#16178,.T.);
#16203 = ORIENTED_EDGE('',*,*,#9962,.F.);
#16204 = ORIENTED_EDGE('',*,*,#16205,.F.);
#16205 = EDGE_CURVE('',#12227,#9963,#16206,.T.);
#16206 = SURFACE_CURVE('',#16207,(#16211,#16218),.PCURVE_S1.);
#16207 = LINE('',#16208,#16209);
#16208 = CARTESIAN_POINT('',(4.846382269582,7.992320215551,66.9));
#16209 = VECTOR('',#16210,1.);
#16210 = DIRECTION('',(0.,1.110223024625E-16,-1.));
#16211 = PCURVE('',#9979,#16212);
#16212 = DEFINITIONAL_REPRESENTATION('',(#16213),#16217);
#16213 = LINE('',#16214,#16215);
#16214 = CARTESIAN_POINT('',(4.274674166948,0.));
#16215 = VECTOR('',#16216,1.);
#16216 = DIRECTION('',(0.,1.));
#16217 = ( GEOMETRIC_REPRESENTATION_CONTEXT(2) 
PARAMETRIC_REPRESENTATION_CONTEXT() REPRESENTATION_CONTEXT('2D SPACE',''
  ) );
#16218 = PCURVE('',#10008,#16219);
#16219 = DEFINITIONAL_REPRESENTATION('',(#16220),#16224);
#16220 = LINE('',#16221,#16222);
#16221 = CARTESIAN_POINT('',(4.394347724314,0.));
#16222 = VECTOR('',#16223,1.);
#16223 = DIRECTION('',(0.,1.));
#16224 = ( GEOMETRIC_REPRESENTATION_CONTEXT(2) 
PARAMETRIC_REPRESENTATION_CONTEXT() REPRESENTATION_CONTEXT('2D SPACE',''
  ) );
#16225 = ADVANCED_FACE('',(#16226),#10008,.F.);
#16226 = FACE_BOUND('',#16227,.F.);
#16227 = EDGE_LOOP('',(#16228,#16229,#16230,#16231));
#16228 = ORIENTED_EDGE('',*,*,#12250,.T.);
#16229 = ORIENTED_EDGE('',*,*,#16205,.T.);
#16230 = ORIENTED_EDGE('',*,*,#9991,.F.);
#16231 = ORIENTED_EDGE('',*,*,#16232,.F.);
#16232 = EDGE_CURVE('',#12251,#9992,#16233,.T.);
#16233 = SURFACE_CURVE('',#16234,(#16238,#16245),.PCURVE_S1.);
#16234 = LINE('',#16235,#16236);
#16235 = CARTESIAN_POINT('',(5.007961433874,7.598217665029,66.9));
#16236 = VECTOR('',#16237,1.);
#16237 = DIRECTION('',(0.,1.110223024625E-16,-1.));
#16238 = PCURVE('',#10008,#16239);
#16239 = DEFINITIONAL_REPRESENTATION('',(#16240),#16244);
#16240 = LINE('',#16241,#16242);
#16241 = CARTESIAN_POINT('',(4.252248292739,0.));
#16242 = VECTOR('',#16243,1.);
#16243 = DIRECTION('',(0.,1.));
#16244 = ( GEOMETRIC_REPRESENTATION_CONTEXT(2) 
PARAMETRIC_REPRESENTATION_CONTEXT() REPRESENTATION_CONTEXT('2D SPACE',''
  ) );
#16245 = PCURVE('',#10035,#16246);
#16246 = DEFINITIONAL_REPRESENTATION('',(#16247),#16251);
#16247 = LINE('',#16248,#16249);
#16248 = CARTESIAN_POINT('',(4.371921850105,0.));
#16249 = VECTOR('',#16250,1.);
#16250 = DIRECTION('',(0.,1.));
#16251 = ( GEOMETRIC_REPRESENTATION_CONTEXT(2) 
PARAMETRIC_REPRESENTATION_CONTEXT() REPRESENTATION_CONTEXT('2D SPACE',''
  ) );
#16252 = ADVANCED_FACE('',(#16253),#10035,.F.);
#16253 = FACE_BOUND('',#16254,.F.);
#16254 = EDGE_LOOP('',(#16255,#16256,#16257,#16258));
#16255 = ORIENTED_EDGE('',*,*,#10020,.F.);
#16256 = ORIENTED_EDGE('',*,*,#14126,.F.);
#16257 = ORIENTED_EDGE('',*,*,#12274,.T.);
#16258 = ORIENTED_EDGE('',*,*,#16232,.T.);
#16259 = ADVANCED_FACE('',(#16260),#12325,.T.);
#16260 = FACE_BOUND('',#16261,.T.);
#16261 = EDGE_LOOP('',(#16262,#16263,#16284,#16285));
#16262 = ORIENTED_EDGE('',*,*,#12306,.F.);
#16263 = ORIENTED_EDGE('',*,*,#16264,.F.);
#16264 = EDGE_CURVE('',#12490,#12307,#16265,.T.);
#16265 = SURFACE_CURVE('',#16266,(#16270,#16277),.PCURVE_S1.);
#16266 = LINE('',#16267,#16268);
#16267 = CARTESIAN_POINT('',(4.5,9.,45.4));
#16268 = VECTOR('',#16269,1.);
#16269 = DIRECTION('',(0.,1.110223024625E-16,-1.));
#16270 = PCURVE('',#12325,#16271);
#16271 = DEFINITIONAL_REPRESENTATION('',(#16272),#16276);
#16272 = LINE('',#16273,#16274);
#16273 = CARTESIAN_POINT('',(5.639684198386,0.));
#16274 = VECTOR('',#16275,1.);
#16275 = DIRECTION('',(0.,1.));
#16276 = ( GEOMETRIC_REPRESENTATION_CONTEXT(2) 
PARAMETRIC_REPRESENTATION_CONTEXT() REPRESENTATION_CONTEXT('2D SPACE',''
  ) );
#16277 = PCURVE('',#12425,#16278);
#16278 = DEFINITIONAL_REPRESENTATION('',(#16279),#16283);
#16279 = LINE('',#16280,#16281);
#16280 = CARTESIAN_POINT('',(4.5,2.5));
#16281 = VECTOR('',#16282,1.);
#16282 = DIRECTION('',(0.,1.));
#16283 = ( GEOMETRIC_REPRESENTATION_CONTEXT(2) 
PARAMETRIC_REPRESENTATION_CONTEXT() REPRESENTATION_CONTEXT('2D SPACE',''
  ) );
#16284 = ORIENTED_EDGE('',*,*,#12489,.T.);
#16285 = ORIENTED_EDGE('',*,*,#12440,.T.);
#16286 = ADVANCED_FACE('',(#16287),#12425,.T.);
#16287 = FACE_BOUND('',#16288,.T.);
#16288 = EDGE_LOOP('',(#16289,#16319,#16347,#16375,#16396,#16397,#16398,
    #16399));
#16289 = ORIENTED_EDGE('',*,*,#16290,.T.);
#16290 = EDGE_CURVE('',#16291,#16293,#16295,.T.);
#16291 = VERTEX_POINT('',#16292);
#16292 = CARTESIAN_POINT('',(15.,9.,3.774758283726E-15));
#16293 = VERTEX_POINT('',#16294);
#16294 = CARTESIAN_POINT('',(0.,9.,3.774758283726E-15));
#16295 = SURFACE_CURVE('',#16296,(#16300,#16307),.PCURVE_S1.);
#16296 = LINE('',#16297,#16298);
#16297 = CARTESIAN_POINT('',(-53.75,9.,3.774758283726E-15));
#16298 = VECTOR('',#16299,1.);
#16299 = DIRECTION('',(-1.,0.,0.));
#16300 = PCURVE('',#12425,#16301);
#16301 = DEFINITIONAL_REPRESENTATION('',(#16302),#16306);
#16302 = LINE('',#16303,#16304);
#16303 = CARTESIAN_POINT('',(-53.75,47.9));
#16304 = VECTOR('',#16305,1.);
#16305 = DIRECTION('',(-1.,0.));
#16306 = ( GEOMETRIC_REPRESENTATION_CONTEXT(2) 
PARAMETRIC_REPRESENTATION_CONTEXT() REPRESENTATION_CONTEXT('2D SPACE',''
  ) );
#16307 = PCURVE('',#16308,#16313);
#16308 = PLANE('',#16309);
#16309 = AXIS2_PLACEMENT_3D('',#16310,#16311,#16312);
#16310 = CARTESIAN_POINT('',(-107.5,-115.,-9.992007221626E-15));
#16311 = DIRECTION('',(0.,1.110223024625E-16,-1.));
#16312 = DIRECTION('',(0.,1.,1.110223024625E-16));
#16313 = DEFINITIONAL_REPRESENTATION('',(#16314),#16318);
#16314 = LINE('',#16315,#16316);
#16315 = CARTESIAN_POINT('',(124.,53.75));
#16316 = VECTOR('',#16317,1.);
#16317 = DIRECTION('',(0.,-1.));
#16318 = ( GEOMETRIC_REPRESENTATION_CONTEXT(2) 
PARAMETRIC_REPRESENTATION_CONTEXT() REPRESENTATION_CONTEXT('2D SPACE',''
  ) );
#16319 = ORIENTED_EDGE('',*,*,#16320,.F.);
#16320 = EDGE_CURVE('',#16321,#16293,#16323,.T.);
#16321 = VERTEX_POINT('',#16322);
#16322 = CARTESIAN_POINT('',(0.,9.,47.9));
#16323 = SURFACE_CURVE('',#16324,(#16328,#16335),.PCURVE_S1.);
#16324 = LINE('',#16325,#16326);
#16325 = CARTESIAN_POINT('',(0.,9.,47.9));
#16326 = VECTOR('',#16327,1.);
#16327 = DIRECTION('',(0.,1.110223024625E-16,-1.));
#16328 = PCURVE('',#12425,#16329);
#16329 = DEFINITIONAL_REPRESENTATION('',(#16330),#16334);
#16330 = LINE('',#16331,#16332);
#16331 = CARTESIAN_POINT('',(0.,0.));
#16332 = VECTOR('',#16333,1.);
#16333 = DIRECTION('',(0.,1.));
#16334 = ( GEOMETRIC_REPRESENTATION_CONTEXT(2) 
PARAMETRIC_REPRESENTATION_CONTEXT() REPRESENTATION_CONTEXT('2D SPACE',''
  ) );
#16335 = PCURVE('',#16336,#16341);
#16336 = PLANE('',#16337);
#16337 = AXIS2_PLACEMENT_3D('',#16338,#16339,#16340);
#16338 = CARTESIAN_POINT('',(0.,1.,47.9));
#16339 = DIRECTION('',(1.,0.,0.));
#16340 = DIRECTION('',(0.,1.,1.110223024625E-16));
#16341 = DEFINITIONAL_REPRESENTATION('',(#16342),#16346);
#16342 = LINE('',#16343,#16344);
#16343 = CARTESIAN_POINT('',(8.,6.217248937901E-15));
#16344 = VECTOR('',#16345,1.);
#16345 = DIRECTION('',(0.,-1.));
#16346 = ( GEOMETRIC_REPRESENTATION_CONTEXT(2) 
PARAMETRIC_REPRESENTATION_CONTEXT() REPRESENTATION_CONTEXT('2D SPACE',''
  ) );
#16347 = ORIENTED_EDGE('',*,*,#16348,.T.);
#16348 = EDGE_CURVE('',#16321,#16349,#16351,.T.);
#16349 = VERTEX_POINT('',#16350);
#16350 = CARTESIAN_POINT('',(15.,9.,47.9));
#16351 = SURFACE_CURVE('',#16352,(#16356,#16363),.PCURVE_S1.);
#16352 = LINE('',#16353,#16354);
#16353 = CARTESIAN_POINT('',(0.,9.,47.9));
#16354 = VECTOR('',#16355,1.);
#16355 = DIRECTION('',(1.,0.,0.));
#16356 = PCURVE('',#12425,#16357);
#16357 = DEFINITIONAL_REPRESENTATION('',(#16358),#16362);
#16358 = LINE('',#16359,#16360);
#16359 = CARTESIAN_POINT('',(0.,0.));
#16360 = VECTOR('',#16361,1.);
#16361 = DIRECTION('',(1.,0.));
#16362 = ( GEOMETRIC_REPRESENTATION_CONTEXT(2) 
PARAMETRIC_REPRESENTATION_CONTEXT() REPRESENTATION_CONTEXT('2D SPACE',''
  ) );
#16363 = PCURVE('',#16364,#16369);
#16364 = PLANE('',#16365);
#16365 = AXIS2_PLACEMENT_3D('',#16366,#16367,#16368);
#16366 = CARTESIAN_POINT('',(0.,1.,47.9));
#16367 = DIRECTION('',(0.,1.110223024625E-16,-1.));
#16368 = DIRECTION('',(0.,1.,1.110223024625E-16));
#16369 = DEFINITIONAL_REPRESENTATION('',(#16370),#16374);
#16370 = LINE('',#16371,#16372);
#16371 = CARTESIAN_POINT('',(8.,0.));
#16372 = VECTOR('',#16373,1.);
#16373 = DIRECTION('',(0.,1.));
#16374 = ( GEOMETRIC_REPRESENTATION_CONTEXT(2) 
PARAMETRIC_REPRESENTATION_CONTEXT() REPRESENTATION_CONTEXT('2D SPACE',''
  ) );
#16375 = ORIENTED_EDGE('',*,*,#16376,.T.);
#16376 = EDGE_CURVE('',#16349,#12540,#16377,.T.);
#16377 = SURFACE_CURVE('',#16378,(#16382,#16389),.PCURVE_S1.);
#16378 = LINE('',#16379,#16380);
#16379 = CARTESIAN_POINT('',(15.,9.,47.9));
#16380 = VECTOR('',#16381,1.);
#16381 = DIRECTION('',(0.,1.110223024625E-16,-1.));
#16382 = PCURVE('',#12425,#16383);
#16383 = DEFINITIONAL_REPRESENTATION('',(#16384),#16388);
#16384 = LINE('',#16385,#16386);
#16385 = CARTESIAN_POINT('',(15.,0.));
#16386 = VECTOR('',#16387,1.);
#16387 = DIRECTION('',(0.,1.));
#16388 = ( GEOMETRIC_REPRESENTATION_CONTEXT(2) 
PARAMETRIC_REPRESENTATION_CONTEXT() REPRESENTATION_CONTEXT('2D SPACE',''
  ) );
#16389 = PCURVE('',#12399,#16390);
#16390 = DEFINITIONAL_REPRESENTATION('',(#16391),#16395);
#16391 = LINE('',#16392,#16393);
#16392 = CARTESIAN_POINT('',(8.,6.217248937901E-15));
#16393 = VECTOR('',#16394,1.);
#16394 = DIRECTION('',(0.,-1.));
#16395 = ( GEOMETRIC_REPRESENTATION_CONTEXT(2) 
PARAMETRIC_REPRESENTATION_CONTEXT() REPRESENTATION_CONTEXT('2D SPACE',''
  ) );
#16396 = ORIENTED_EDGE('',*,*,#12562,.F.);
#16397 = ORIENTED_EDGE('',*,*,#16264,.T.);
#16398 = ORIENTED_EDGE('',*,*,#12411,.T.);
#16399 = ORIENTED_EDGE('',*,*,#16400,.T.);
#16400 = EDGE_CURVE('',#12384,#16291,#16401,.T.);
#16401 = SURFACE_CURVE('',#16402,(#16406,#16413),.PCURVE_S1.);
#16402 = LINE('',#16403,#16404);
#16403 = CARTESIAN_POINT('',(15.,9.,47.9));
#16404 = VECTOR('',#16405,1.);
#16405 = DIRECTION('',(0.,1.110223024625E-16,-1.));
#16406 = PCURVE('',#12425,#16407);
#16407 = DEFINITIONAL_REPRESENTATION('',(#16408),#16412);
#16408 = LINE('',#16409,#16410);
#16409 = CARTESIAN_POINT('',(15.,0.));
#16410 = VECTOR('',#16411,1.);
#16411 = DIRECTION('',(0.,1.));
#16412 = ( GEOMETRIC_REPRESENTATION_CONTEXT(2) 
PARAMETRIC_REPRESENTATION_CONTEXT() REPRESENTATION_CONTEXT('2D SPACE',''
  ) );
#16413 = PCURVE('',#12399,#16414);
#16414 = DEFINITIONAL_REPRESENTATION('',(#16415),#16419);
#16415 = LINE('',#16416,#16417);
#16416 = CARTESIAN_POINT('',(8.,6.217248937901E-15));
#16417 = VECTOR('',#16418,1.);
#16418 = DIRECTION('',(0.,-1.));
#16419 = ( GEOMETRIC_REPRESENTATION_CONTEXT(2) 
PARAMETRIC_REPRESENTATION_CONTEXT() REPRESENTATION_CONTEXT('2D SPACE',''
  ) );
#16420 = ADVANCED_FACE('',(#16421),#12399,.T.);
#16421 = FACE_BOUND('',#16422,.T.);
#16422 = EDGE_LOOP('',(#16423,#16424,#16447,#16475,#16496,#16497,#16498,
    #16499));
#16423 = ORIENTED_EDGE('',*,*,#16376,.F.);
#16424 = ORIENTED_EDGE('',*,*,#16425,.F.);
#16425 = EDGE_CURVE('',#16426,#16349,#16428,.T.);
#16426 = VERTEX_POINT('',#16427);
#16427 = CARTESIAN_POINT('',(15.,1.,47.9));
#16428 = SURFACE_CURVE('',#16429,(#16433,#16440),.PCURVE_S1.);
#16429 = LINE('',#16430,#16431);
#16430 = CARTESIAN_POINT('',(15.,1.,47.9));
#16431 = VECTOR('',#16432,1.);
#16432 = DIRECTION('',(0.,1.,1.110223024625E-16));
#16433 = PCURVE('',#12399,#16434);
#16434 = DEFINITIONAL_REPRESENTATION('',(#16435),#16439);
#16435 = LINE('',#16436,#16437);
#16436 = CARTESIAN_POINT('',(0.,0.));
#16437 = VECTOR('',#16438,1.);
#16438 = DIRECTION('',(1.,0.));
#16439 = ( GEOMETRIC_REPRESENTATION_CONTEXT(2) 
PARAMETRIC_REPRESENTATION_CONTEXT() REPRESENTATION_CONTEXT('2D SPACE',''
  ) );
#16440 = PCURVE('',#16364,#16441);
#16441 = DEFINITIONAL_REPRESENTATION('',(#16442),#16446);
#16442 = LINE('',#16443,#16444);
#16443 = CARTESIAN_POINT('',(0.,15.));
#16444 = VECTOR('',#16445,1.);
#16445 = DIRECTION('',(1.,0.));
#16446 = ( GEOMETRIC_REPRESENTATION_CONTEXT(2) 
PARAMETRIC_REPRESENTATION_CONTEXT() REPRESENTATION_CONTEXT('2D SPACE',''
  ) );
#16447 = ORIENTED_EDGE('',*,*,#16448,.T.);
#16448 = EDGE_CURVE('',#16426,#16449,#16451,.T.);
#16449 = VERTEX_POINT('',#16450);
#16450 = CARTESIAN_POINT('',(15.,1.,2.886579864025E-15));
#16451 = SURFACE_CURVE('',#16452,(#16456,#16463),.PCURVE_S1.);
#16452 = LINE('',#16453,#16454);
#16453 = CARTESIAN_POINT('',(15.,1.,47.9));
#16454 = VECTOR('',#16455,1.);
#16455 = DIRECTION('',(0.,1.110223024625E-16,-1.));
#16456 = PCURVE('',#12399,#16457);
#16457 = DEFINITIONAL_REPRESENTATION('',(#16458),#16462);
#16458 = LINE('',#16459,#16460);
#16459 = CARTESIAN_POINT('',(0.,0.));
#16460 = VECTOR('',#16461,1.);
#16461 = DIRECTION('',(0.,-1.));
#16462 = ( GEOMETRIC_REPRESENTATION_CONTEXT(2) 
PARAMETRIC_REPRESENTATION_CONTEXT() REPRESENTATION_CONTEXT('2D SPACE',''
  ) );
#16463 = PCURVE('',#16464,#16469);
#16464 = PLANE('',#16465);
#16465 = AXIS2_PLACEMENT_3D('',#16466,#16467,#16468);
#16466 = CARTESIAN_POINT('',(0.,1.,47.9));
#16467 = DIRECTION('',(0.,1.,1.110223024625E-16));
#16468 = DIRECTION('',(1.,0.,0.));
#16469 = DEFINITIONAL_REPRESENTATION('',(#16470),#16474);
#16470 = LINE('',#16471,#16472);
#16471 = CARTESIAN_POINT('',(15.,0.));
#16472 = VECTOR('',#16473,1.);
#16473 = DIRECTION('',(0.,1.));
#16474 = ( GEOMETRIC_REPRESENTATION_CONTEXT(2) 
PARAMETRIC_REPRESENTATION_CONTEXT() REPRESENTATION_CONTEXT('2D SPACE',''
  ) );
#16475 = ORIENTED_EDGE('',*,*,#16476,.T.);
#16476 = EDGE_CURVE('',#16449,#16291,#16477,.T.);
#16477 = SURFACE_CURVE('',#16478,(#16482,#16489),.PCURVE_S1.);
#16478 = LINE('',#16479,#16480);
#16479 = CARTESIAN_POINT('',(15.,-57.,-3.552713678801E-15));
#16480 = VECTOR('',#16481,1.);
#16481 = DIRECTION('',(0.,1.,1.110223024625E-16));
#16482 = PCURVE('',#12399,#16483);
#16483 = DEFINITIONAL_REPRESENTATION('',(#16484),#16488);
#16484 = LINE('',#16485,#16486);
#16485 = CARTESIAN_POINT('',(-58.,-47.9));
#16486 = VECTOR('',#16487,1.);
#16487 = DIRECTION('',(1.,0.));
#16488 = ( GEOMETRIC_REPRESENTATION_CONTEXT(2) 
PARAMETRIC_REPRESENTATION_CONTEXT() REPRESENTATION_CONTEXT('2D SPACE',''
  ) );
#16489 = PCURVE('',#16308,#16490);
#16490 = DEFINITIONAL_REPRESENTATION('',(#16491),#16495);
#16491 = LINE('',#16492,#16493);
#16492 = CARTESIAN_POINT('',(58.,122.5));
#16493 = VECTOR('',#16494,1.);
#16494 = DIRECTION('',(1.,0.));
#16495 = ( GEOMETRIC_REPRESENTATION_CONTEXT(2) 
PARAMETRIC_REPRESENTATION_CONTEXT() REPRESENTATION_CONTEXT('2D SPACE',''
  ) );
#16496 = ORIENTED_EDGE('',*,*,#16400,.F.);
#16497 = ORIENTED_EDGE('',*,*,#12383,.T.);
#16498 = ORIENTED_EDGE('',*,*,#13855,.T.);
#16499 = ORIENTED_EDGE('',*,*,#12539,.F.);
#16500 = ADVANCED_FACE('',(#16501),#12686,.F.);
#16501 = FACE_BOUND('',#16502,.F.);
#16502 = EDGE_LOOP('',(#16503,#16504,#16505,#16506));
#16503 = ORIENTED_EDGE('',*,*,#13625,.F.);
#16504 = ORIENTED_EDGE('',*,*,#13696,.F.);
#16505 = ORIENTED_EDGE('',*,*,#13749,.T.);
#16506 = ORIENTED_EDGE('',*,*,#12670,.T.);
#16507 = ADVANCED_FACE('',(#16508),#12806,.F.);
#16508 = FACE_BOUND('',#16509,.F.);
#16509 = EDGE_LOOP('',(#16510,#16511,#16532,#16533));
#16510 = ORIENTED_EDGE('',*,*,#12789,.F.);
#16511 = ORIENTED_EDGE('',*,*,#16512,.F.);
#16512 = EDGE_CURVE('',#13722,#12790,#16513,.T.);
#16513 = SEAM_CURVE('',#16514,(#16518,#16525),.PCURVE_S1.);
#16514 = LINE('',#16515,#16516);
#16515 = CARTESIAN_POINT('',(150.5,116.7,13.9));
#16516 = VECTOR('',#16517,1.);
#16517 = DIRECTION('',(0.,1.110223024625E-16,-1.));
#16518 = PCURVE('',#12806,#16519);
#16519 = DEFINITIONAL_REPRESENTATION('',(#16520),#16524);
#16520 = LINE('',#16521,#16522);
#16521 = CARTESIAN_POINT('',(6.28318530718,-0.));
#16522 = VECTOR('',#16523,1.);
#16523 = DIRECTION('',(0.,1.));
#16524 = ( GEOMETRIC_REPRESENTATION_CONTEXT(2) 
PARAMETRIC_REPRESENTATION_CONTEXT() REPRESENTATION_CONTEXT('2D SPACE',''
  ) );
#16525 = PCURVE('',#12806,#16526);
#16526 = DEFINITIONAL_REPRESENTATION('',(#16527),#16531);
#16527 = LINE('',#16528,#16529);
#16528 = CARTESIAN_POINT('',(0.,-0.));
#16529 = VECTOR('',#16530,1.);
#16530 = DIRECTION('',(0.,1.));
#16531 = ( GEOMETRIC_REPRESENTATION_CONTEXT(2) 
PARAMETRIC_REPRESENTATION_CONTEXT() REPRESENTATION_CONTEXT('2D SPACE',''
  ) );
#16532 = ORIENTED_EDGE('',*,*,#13721,.T.);
#16533 = ORIENTED_EDGE('',*,*,#16512,.T.);
#16534 = ADVANCED_FACE('',(#16535),#12837,.F.);
#16535 = FACE_BOUND('',#16536,.F.);
#16536 = EDGE_LOOP('',(#16537,#16538,#16559,#16560));
#16537 = ORIENTED_EDGE('',*,*,#12820,.F.);
#16538 = ORIENTED_EDGE('',*,*,#16539,.F.);
#16539 = EDGE_CURVE('',#12903,#12821,#16540,.T.);
#16540 = SEAM_CURVE('',#16541,(#16545,#16552),.PCURVE_S1.);
#16541 = LINE('',#16542,#16543);
#16542 = CARTESIAN_POINT('',(150.5,135.7,13.9));
#16543 = VECTOR('',#16544,1.);
#16544 = DIRECTION('',(0.,1.110223024625E-16,-1.));
#16545 = PCURVE('',#12837,#16546);
#16546 = DEFINITIONAL_REPRESENTATION('',(#16547),#16551);
#16547 = LINE('',#16548,#16549);
#16548 = CARTESIAN_POINT('',(6.28318530718,-0.));
#16549 = VECTOR('',#16550,1.);
#16550 = DIRECTION('',(0.,1.));
#16551 = ( GEOMETRIC_REPRESENTATION_CONTEXT(2) 
PARAMETRIC_REPRESENTATION_CONTEXT() REPRESENTATION_CONTEXT('2D SPACE',''
  ) );
#16552 = PCURVE('',#12837,#16553);
#16553 = DEFINITIONAL_REPRESENTATION('',(#16554),#16558);
#16554 = LINE('',#16555,#16556);
#16555 = CARTESIAN_POINT('',(0.,-0.));
#16556 = VECTOR('',#16557,1.);
#16557 = DIRECTION('',(0.,1.));
#16558 = ( GEOMETRIC_REPRESENTATION_CONTEXT(2) 
PARAMETRIC_REPRESENTATION_CONTEXT() REPRESENTATION_CONTEXT('2D SPACE',''
  ) );
#16559 = ORIENTED_EDGE('',*,*,#12902,.T.);
#16560 = ORIENTED_EDGE('',*,*,#16539,.T.);
#16561 = ADVANCED_FACE('',(#16562),#16308,.T.);
#16562 = FACE_BOUND('',#16563,.T.);
#16563 = EDGE_LOOP('',(#16564,#16565,#16566,#16589));
#16564 = ORIENTED_EDGE('',*,*,#16290,.F.);
#16565 = ORIENTED_EDGE('',*,*,#16476,.F.);
#16566 = ORIENTED_EDGE('',*,*,#16567,.T.);
#16567 = EDGE_CURVE('',#16449,#16568,#16570,.T.);
#16568 = VERTEX_POINT('',#16569);
#16569 = CARTESIAN_POINT('',(0.,1.,2.886579864025E-15));
#16570 = SURFACE_CURVE('',#16571,(#16575,#16582),.PCURVE_S1.);
#16571 = LINE('',#16572,#16573);
#16572 = CARTESIAN_POINT('',(-53.75,1.,2.886579864025E-15));
#16573 = VECTOR('',#16574,1.);
#16574 = DIRECTION('',(-1.,0.,0.));
#16575 = PCURVE('',#16308,#16576);
#16576 = DEFINITIONAL_REPRESENTATION('',(#16577),#16581);
#16577 = LINE('',#16578,#16579);
#16578 = CARTESIAN_POINT('',(116.,53.75));
#16579 = VECTOR('',#16580,1.);
#16580 = DIRECTION('',(0.,-1.));
#16581 = ( GEOMETRIC_REPRESENTATION_CONTEXT(2) 
PARAMETRIC_REPRESENTATION_CONTEXT() REPRESENTATION_CONTEXT('2D SPACE',''
  ) );
#16582 = PCURVE('',#16464,#16583);
#16583 = DEFINITIONAL_REPRESENTATION('',(#16584),#16588);
#16584 = LINE('',#16585,#16586);
#16585 = CARTESIAN_POINT('',(-53.75,47.9));
#16586 = VECTOR('',#16587,1.);
#16587 = DIRECTION('',(-1.,0.));
#16588 = ( GEOMETRIC_REPRESENTATION_CONTEXT(2) 
PARAMETRIC_REPRESENTATION_CONTEXT() REPRESENTATION_CONTEXT('2D SPACE',''
  ) );
#16589 = ORIENTED_EDGE('',*,*,#16590,.T.);
#16590 = EDGE_CURVE('',#16568,#16293,#16591,.T.);
#16591 = SURFACE_CURVE('',#16592,(#16596,#16603),.PCURVE_S1.);
#16592 = LINE('',#16593,#16594);
#16593 = CARTESIAN_POINT('',(0.,-57.,-3.552713678801E-15));
#16594 = VECTOR('',#16595,1.);
#16595 = DIRECTION('',(0.,1.,1.110223024625E-16));
#16596 = PCURVE('',#16308,#16597);
#16597 = DEFINITIONAL_REPRESENTATION('',(#16598),#16602);
#16598 = LINE('',#16599,#16600);
#16599 = CARTESIAN_POINT('',(58.,107.5));
#16600 = VECTOR('',#16601,1.);
#16601 = DIRECTION('',(1.,0.));
#16602 = ( GEOMETRIC_REPRESENTATION_CONTEXT(2) 
PARAMETRIC_REPRESENTATION_CONTEXT() REPRESENTATION_CONTEXT('2D SPACE',''
  ) );
#16603 = PCURVE('',#16336,#16604);
#16604 = DEFINITIONAL_REPRESENTATION('',(#16605),#16609);
#16605 = LINE('',#16606,#16607);
#16606 = CARTESIAN_POINT('',(-58.,-47.9));
#16607 = VECTOR('',#16608,1.);
#16608 = DIRECTION('',(1.,0.));
#16609 = ( GEOMETRIC_REPRESENTATION_CONTEXT(2) 
PARAMETRIC_REPRESENTATION_CONTEXT() REPRESENTATION_CONTEXT('2D SPACE',''
  ) );
#16610 = ADVANCED_FACE('',(#16611),#16364,.F.);
#16611 = FACE_BOUND('',#16612,.F.);
#16612 = EDGE_LOOP('',(#16613,#16636,#16657,#16658));
#16613 = ORIENTED_EDGE('',*,*,#16614,.F.);
#16614 = EDGE_CURVE('',#16615,#16426,#16617,.T.);
#16615 = VERTEX_POINT('',#16616);
#16616 = CARTESIAN_POINT('',(0.,1.,47.9));
#16617 = SURFACE_CURVE('',#16618,(#16622,#16629),.PCURVE_S1.);
#16618 = LINE('',#16619,#16620);
#16619 = CARTESIAN_POINT('',(0.,1.,47.9));
#16620 = VECTOR('',#16621,1.);
#16621 = DIRECTION('',(1.,0.,0.));
#16622 = PCURVE('',#16364,#16623);
#16623 = DEFINITIONAL_REPRESENTATION('',(#16624),#16628);
#16624 = LINE('',#16625,#16626);
#16625 = CARTESIAN_POINT('',(0.,0.));
#16626 = VECTOR('',#16627,1.);
#16627 = DIRECTION('',(0.,1.));
#16628 = ( GEOMETRIC_REPRESENTATION_CONTEXT(2) 
PARAMETRIC_REPRESENTATION_CONTEXT() REPRESENTATION_CONTEXT('2D SPACE',''
  ) );
#16629 = PCURVE('',#16464,#16630);
#16630 = DEFINITIONAL_REPRESENTATION('',(#16631),#16635);
#16631 = LINE('',#16632,#16633);
#16632 = CARTESIAN_POINT('',(0.,0.));
#16633 = VECTOR('',#16634,1.);
#16634 = DIRECTION('',(1.,0.));
#16635 = ( GEOMETRIC_REPRESENTATION_CONTEXT(2) 
PARAMETRIC_REPRESENTATION_CONTEXT() REPRESENTATION_CONTEXT('2D SPACE',''
  ) );
#16636 = ORIENTED_EDGE('',*,*,#16637,.T.);
#16637 = EDGE_CURVE('',#16615,#16321,#16638,.T.);
#16638 = SURFACE_CURVE('',#16639,(#16643,#16650),.PCURVE_S1.);
#16639 = LINE('',#16640,#16641);
#16640 = CARTESIAN_POINT('',(0.,1.,47.9));
#16641 = VECTOR('',#16642,1.);
#16642 = DIRECTION('',(0.,1.,1.110223024625E-16));
#16643 = PCURVE('',#16364,#16644);
#16644 = DEFINITIONAL_REPRESENTATION('',(#16645),#16649);
#16645 = LINE('',#16646,#16647);
#16646 = CARTESIAN_POINT('',(0.,0.));
#16647 = VECTOR('',#16648,1.);
#16648 = DIRECTION('',(1.,0.));
#16649 = ( GEOMETRIC_REPRESENTATION_CONTEXT(2) 
PARAMETRIC_REPRESENTATION_CONTEXT() REPRESENTATION_CONTEXT('2D SPACE',''
  ) );
#16650 = PCURVE('',#16336,#16651);
#16651 = DEFINITIONAL_REPRESENTATION('',(#16652),#16656);
#16652 = LINE('',#16653,#16654);
#16653 = CARTESIAN_POINT('',(0.,0.));
#16654 = VECTOR('',#16655,1.);
#16655 = DIRECTION('',(1.,0.));
#16656 = ( GEOMETRIC_REPRESENTATION_CONTEXT(2) 
PARAMETRIC_REPRESENTATION_CONTEXT() REPRESENTATION_CONTEXT('2D SPACE',''
  ) );
#16657 = ORIENTED_EDGE('',*,*,#16348,.T.);
#16658 = ORIENTED_EDGE('',*,*,#16425,.F.);
#16659 = ADVANCED_FACE('',(#16660),#16336,.F.);
#16660 = FACE_BOUND('',#16661,.F.);
#16661 = EDGE_LOOP('',(#16662,#16663,#16664,#16685));
#16662 = ORIENTED_EDGE('',*,*,#16320,.F.);
#16663 = ORIENTED_EDGE('',*,*,#16637,.F.);
#16664 = ORIENTED_EDGE('',*,*,#16665,.T.);
#16665 = EDGE_CURVE('',#16615,#16568,#16666,.T.);
#16666 = SURFACE_CURVE('',#16667,(#16671,#16678),.PCURVE_S1.);
#16667 = LINE('',#16668,#16669);
#16668 = CARTESIAN_POINT('',(0.,1.,47.9));
#16669 = VECTOR('',#16670,1.);
#16670 = DIRECTION('',(0.,1.110223024625E-16,-1.));
#16671 = PCURVE('',#16336,#16672);
#16672 = DEFINITIONAL_REPRESENTATION('',(#16673),#16677);
#16673 = LINE('',#16674,#16675);
#16674 = CARTESIAN_POINT('',(0.,0.));
#16675 = VECTOR('',#16676,1.);
#16676 = DIRECTION('',(0.,-1.));
#16677 = ( GEOMETRIC_REPRESENTATION_CONTEXT(2) 
PARAMETRIC_REPRESENTATION_CONTEXT() REPRESENTATION_CONTEXT('2D SPACE',''
  ) );
#16678 = PCURVE('',#16464,#16679);
#16679 = DEFINITIONAL_REPRESENTATION('',(#16680),#16684);
#16680 = LINE('',#16681,#16682);
#16681 = CARTESIAN_POINT('',(0.,0.));
#16682 = VECTOR('',#16683,1.);
#16683 = DIRECTION('',(0.,1.));
#16684 = ( GEOMETRIC_REPRESENTATION_CONTEXT(2) 
PARAMETRIC_REPRESENTATION_CONTEXT() REPRESENTATION_CONTEXT('2D SPACE',''
  ) );
#16685 = ORIENTED_EDGE('',*,*,#16590,.T.);
#16686 = ADVANCED_FACE('',(#16687,#16693),#16464,.F.);
#16687 = FACE_BOUND('',#16688,.F.);
#16688 = EDGE_LOOP('',(#16689,#16690,#16691,#16692));
#16689 = ORIENTED_EDGE('',*,*,#16665,.F.);
#16690 = ORIENTED_EDGE('',*,*,#16614,.T.);
#16691 = ORIENTED_EDGE('',*,*,#16448,.T.);
#16692 = ORIENTED_EDGE('',*,*,#16567,.T.);
#16693 = FACE_BOUND('',#16694,.F.);
#16694 = EDGE_LOOP('',(#16695,#16725,#16753,#16781));
#16695 = ORIENTED_EDGE('',*,*,#16696,.T.);
#16696 = EDGE_CURVE('',#16697,#16699,#16701,.T.);
#16697 = VERTEX_POINT('',#16698);
#16698 = CARTESIAN_POINT('',(4.5,1.,40.4));
#16699 = VERTEX_POINT('',#16700);
#16700 = CARTESIAN_POINT('',(10.51387818866,1.,40.4));
#16701 = SURFACE_CURVE('',#16702,(#16706,#16713),.PCURVE_S1.);
#16702 = LINE('',#16703,#16704);
#16703 = CARTESIAN_POINT('',(7.5,1.,40.4));
#16704 = VECTOR('',#16705,1.);
#16705 = DIRECTION('',(1.,0.,0.));
#16706 = PCURVE('',#16464,#16707);
#16707 = DEFINITIONAL_REPRESENTATION('',(#16708),#16712);
#16708 = LINE('',#16709,#16710);
#16709 = CARTESIAN_POINT('',(7.5,7.5));
#16710 = VECTOR('',#16711,1.);
#16711 = DIRECTION('',(1.,0.));
#16712 = ( GEOMETRIC_REPRESENTATION_CONTEXT(2) 
PARAMETRIC_REPRESENTATION_CONTEXT() REPRESENTATION_CONTEXT('2D SPACE',''
  ) );
#16713 = PCURVE('',#16714,#16719);
#16714 = PLANE('',#16715);
#16715 = AXIS2_PLACEMENT_3D('',#16716,#16717,#16718);
#16716 = CARTESIAN_POINT('',(15.,10.,40.4));
#16717 = DIRECTION('',(0.,1.110223024625E-16,-1.));
#16718 = DIRECTION('',(0.,1.,1.110223024625E-16));
#16719 = DEFINITIONAL_REPRESENTATION('',(#16720),#16724);
#16720 = LINE('',#16721,#16722);
#16721 = CARTESIAN_POINT('',(-9.,-7.5));
#16722 = VECTOR('',#16723,1.);
#16723 = DIRECTION('',(0.,1.));
#16724 = ( GEOMETRIC_REPRESENTATION_CONTEXT(2) 
PARAMETRIC_REPRESENTATION_CONTEXT() REPRESENTATION_CONTEXT('2D SPACE',''
  ) );
#16725 = ORIENTED_EDGE('',*,*,#16726,.T.);
#16726 = EDGE_CURVE('',#16699,#16727,#16729,.T.);
#16727 = VERTEX_POINT('',#16728);
#16728 = CARTESIAN_POINT('',(10.51387818866,1.,45.4));
#16729 = SURFACE_CURVE('',#16730,(#16734,#16741),.PCURVE_S1.);
#16730 = LINE('',#16731,#16732);
#16731 = CARTESIAN_POINT('',(10.51387818866,1.,45.4));
#16732 = VECTOR('',#16733,1.);
#16733 = DIRECTION('',(0.,-1.110223024625E-16,1.));
#16734 = PCURVE('',#16464,#16735);
#16735 = DEFINITIONAL_REPRESENTATION('',(#16736),#16740);
#16736 = LINE('',#16737,#16738);
#16737 = CARTESIAN_POINT('',(10.51387818866,2.5));
#16738 = VECTOR('',#16739,1.);
#16739 = DIRECTION('',(0.,-1.));
#16740 = ( GEOMETRIC_REPRESENTATION_CONTEXT(2) 
PARAMETRIC_REPRESENTATION_CONTEXT() REPRESENTATION_CONTEXT('2D SPACE',''
  ) );
#16741 = PCURVE('',#16742,#16747);
#16742 = PLANE('',#16743);
#16743 = AXIS2_PLACEMENT_3D('',#16744,#16745,#16746);
#16744 = CARTESIAN_POINT('',(25.273500981126,10.839748528311,42.9));
#16745 = DIRECTION('',(0.554700196225,-0.832050294338,-9.2376139442E-17)
  );
#16746 = DIRECTION('',(-0.832050294338,-0.554700196225,
    -6.158409296133E-17));
#16747 = DEFINITIONAL_REPRESENTATION('',(#16748),#16752);
#16748 = LINE('',#16749,#16750);
#16749 = CARTESIAN_POINT('',(17.738858928248,-2.5));
#16750 = VECTOR('',#16751,1.);
#16751 = DIRECTION('',(0.,-1.));
#16752 = ( GEOMETRIC_REPRESENTATION_CONTEXT(2) 
PARAMETRIC_REPRESENTATION_CONTEXT() REPRESENTATION_CONTEXT('2D SPACE',''
  ) );
#16753 = ORIENTED_EDGE('',*,*,#16754,.F.);
#16754 = EDGE_CURVE('',#16755,#16727,#16757,.T.);
#16755 = VERTEX_POINT('',#16756);
#16756 = CARTESIAN_POINT('',(4.5,1.,45.4));
#16757 = SURFACE_CURVE('',#16758,(#16762,#16769),.PCURVE_S1.);
#16758 = LINE('',#16759,#16760);
#16759 = CARTESIAN_POINT('',(7.5,1.,45.4));
#16760 = VECTOR('',#16761,1.);
#16761 = DIRECTION('',(1.,0.,0.));
#16762 = PCURVE('',#16464,#16763);
#16763 = DEFINITIONAL_REPRESENTATION('',(#16764),#16768);
#16764 = LINE('',#16765,#16766);
#16765 = CARTESIAN_POINT('',(7.5,2.5));
#16766 = VECTOR('',#16767,1.);
#16767 = DIRECTION('',(1.,0.));
#16768 = ( GEOMETRIC_REPRESENTATION_CONTEXT(2) 
PARAMETRIC_REPRESENTATION_CONTEXT() REPRESENTATION_CONTEXT('2D SPACE',''
  ) );
#16769 = PCURVE('',#16770,#16775);
#16770 = PLANE('',#16771);
#16771 = AXIS2_PLACEMENT_3D('',#16772,#16773,#16774);
#16772 = CARTESIAN_POINT('',(15.,10.,45.4));
#16773 = DIRECTION('',(0.,1.110223024625E-16,-1.));
#16774 = DIRECTION('',(0.,1.,1.110223024625E-16));
#16775 = DEFINITIONAL_REPRESENTATION('',(#16776),#16780);
#16776 = LINE('',#16777,#16778);
#16777 = CARTESIAN_POINT('',(-9.,-7.5));
#16778 = VECTOR('',#16779,1.);
#16779 = DIRECTION('',(0.,1.));
#16780 = ( GEOMETRIC_REPRESENTATION_CONTEXT(2) 
PARAMETRIC_REPRESENTATION_CONTEXT() REPRESENTATION_CONTEXT('2D SPACE',''
  ) );
#16781 = ORIENTED_EDGE('',*,*,#16782,.T.);
#16782 = EDGE_CURVE('',#16755,#16697,#16783,.T.);
#16783 = SURFACE_CURVE('',#16784,(#16788,#16795),.PCURVE_S1.);
#16784 = LINE('',#16785,#16786);
#16785 = CARTESIAN_POINT('',(4.5,1.,45.4));
#16786 = VECTOR('',#16787,1.);
#16787 = DIRECTION('',(0.,1.110223024625E-16,-1.));
#16788 = PCURVE('',#16464,#16789);
#16789 = DEFINITIONAL_REPRESENTATION('',(#16790),#16794);
#16790 = LINE('',#16791,#16792);
#16791 = CARTESIAN_POINT('',(4.5,2.5));
#16792 = VECTOR('',#16793,1.);
#16793 = DIRECTION('',(0.,1.));
#16794 = ( GEOMETRIC_REPRESENTATION_CONTEXT(2) 
PARAMETRIC_REPRESENTATION_CONTEXT() REPRESENTATION_CONTEXT('2D SPACE',''
  ) );
#16795 = PCURVE('',#16796,#16801);
#16796 = CYLINDRICAL_SURFACE('',#16797,5.);
#16797 = AXIS2_PLACEMENT_3D('',#16798,#16799,#16800);
#16798 = CARTESIAN_POINT('',(7.5,5.,45.4));
#16799 = DIRECTION('',(0.,1.110223024625E-16,-1.));
#16800 = DIRECTION('',(0.,1.,1.110223024625E-16));
#16801 = DEFINITIONAL_REPRESENTATION('',(#16802),#16806);
#16802 = LINE('',#16803,#16804);
#16803 = CARTESIAN_POINT('',(3.785093762383,0.));
#16804 = VECTOR('',#16805,1.);
#16805 = DIRECTION('',(0.,1.));
#16806 = ( GEOMETRIC_REPRESENTATION_CONTEXT(2) 
PARAMETRIC_REPRESENTATION_CONTEXT() REPRESENTATION_CONTEXT('2D SPACE',''
  ) );
#16807 = ADVANCED_FACE('',(#16808),#16714,.T.);
#16808 = FACE_BOUND('',#16809,.T.);
#16809 = EDGE_LOOP('',(#16810,#16834,#16835));
#16810 = ORIENTED_EDGE('',*,*,#16811,.T.);
#16811 = EDGE_CURVE('',#16812,#16697,#16814,.T.);
#16812 = VERTEX_POINT('',#16813);
#16813 = CARTESIAN_POINT('',(10.273500981126,0.839748528311,40.4));
#16814 = SURFACE_CURVE('',#16815,(#16820,#16827),.PCURVE_S1.);
#16815 = CIRCLE('',#16816,5.);
#16816 = AXIS2_PLACEMENT_3D('',#16817,#16818,#16819);
#16817 = CARTESIAN_POINT('',(7.5,5.,40.4));
#16818 = DIRECTION('',(0.,1.110223024625E-16,-1.));
#16819 = DIRECTION('',(0.,1.,1.110223024625E-16));
#16820 = PCURVE('',#16714,#16821);
#16821 = DEFINITIONAL_REPRESENTATION('',(#16822),#16826);
#16822 = CIRCLE('',#16823,5.);
#16823 = AXIS2_PLACEMENT_2D('',#16824,#16825);
#16824 = CARTESIAN_POINT('',(-5.,-7.5));
#16825 = DIRECTION('',(1.,0.));
#16826 = ( GEOMETRIC_REPRESENTATION_CONTEXT(2) 
PARAMETRIC_REPRESENTATION_CONTEXT() REPRESENTATION_CONTEXT('2D SPACE',''
  ) );
#16827 = PCURVE('',#16796,#16828);
#16828 = DEFINITIONAL_REPRESENTATION('',(#16829),#16833);
#16829 = LINE('',#16830,#16831);
#16830 = CARTESIAN_POINT('',(0.,5.));
#16831 = VECTOR('',#16832,1.);
#16832 = DIRECTION('',(1.,0.));
#16833 = ( GEOMETRIC_REPRESENTATION_CONTEXT(2) 
PARAMETRIC_REPRESENTATION_CONTEXT() REPRESENTATION_CONTEXT('2D SPACE',''
  ) );
#16834 = ORIENTED_EDGE('',*,*,#16696,.T.);
#16835 = ORIENTED_EDGE('',*,*,#16836,.T.);
#16836 = EDGE_CURVE('',#16699,#16812,#16837,.T.);
#16837 = SURFACE_CURVE('',#16838,(#16842,#16849),.PCURVE_S1.);
#16838 = LINE('',#16839,#16840);
#16839 = CARTESIAN_POINT('',(25.273500981126,10.839748528311,40.4));
#16840 = VECTOR('',#16841,1.);
#16841 = DIRECTION('',(-0.832050294338,-0.554700196225,
    -6.158409296133E-17));
#16842 = PCURVE('',#16714,#16843);
#16843 = DEFINITIONAL_REPRESENTATION('',(#16844),#16848);
#16844 = LINE('',#16845,#16846);
#16845 = CARTESIAN_POINT('',(0.839748528311,10.273500981126));
#16846 = VECTOR('',#16847,1.);
#16847 = DIRECTION('',(-0.554700196225,-0.832050294338));
#16848 = ( GEOMETRIC_REPRESENTATION_CONTEXT(2) 
PARAMETRIC_REPRESENTATION_CONTEXT() REPRESENTATION_CONTEXT('2D SPACE',''
  ) );
#16849 = PCURVE('',#16742,#16850);
#16850 = DEFINITIONAL_REPRESENTATION('',(#16851),#16855);
#16851 = LINE('',#16852,#16853);
#16852 = CARTESIAN_POINT('',(1.539602324033E-16,2.5));
#16853 = VECTOR('',#16854,1.);
#16854 = DIRECTION('',(1.,0.));
#16855 = ( GEOMETRIC_REPRESENTATION_CONTEXT(2) 
PARAMETRIC_REPRESENTATION_CONTEXT() REPRESENTATION_CONTEXT('2D SPACE',''
  ) );
#16856 = ADVANCED_FACE('',(#16857),#16796,.T.);
#16857 = FACE_BOUND('',#16858,.T.);
#16858 = EDGE_LOOP('',(#16859,#16860,#16883,#16905));
#16859 = ORIENTED_EDGE('',*,*,#16811,.F.);
#16860 = ORIENTED_EDGE('',*,*,#16861,.F.);
#16861 = EDGE_CURVE('',#16862,#16812,#16864,.T.);
#16862 = VERTEX_POINT('',#16863);
#16863 = CARTESIAN_POINT('',(10.273500981126,0.839748528311,45.4));
#16864 = SURFACE_CURVE('',#16865,(#16869,#16876),.PCURVE_S1.);
#16865 = LINE('',#16866,#16867);
#16866 = CARTESIAN_POINT('',(10.273500981126,0.839748528311,45.4));
#16867 = VECTOR('',#16868,1.);
#16868 = DIRECTION('',(0.,1.110223024625E-16,-1.));
#16869 = PCURVE('',#16796,#16870);
#16870 = DEFINITIONAL_REPRESENTATION('',(#16871),#16875);
#16871 = LINE('',#16872,#16873);
#16872 = CARTESIAN_POINT('',(2.553590050042,0.));
#16873 = VECTOR('',#16874,1.);
#16874 = DIRECTION('',(0.,1.));
#16875 = ( GEOMETRIC_REPRESENTATION_CONTEXT(2) 
PARAMETRIC_REPRESENTATION_CONTEXT() REPRESENTATION_CONTEXT('2D SPACE',''
  ) );
#16876 = PCURVE('',#16742,#16877);
#16877 = DEFINITIONAL_REPRESENTATION('',(#16878),#16882);
#16878 = LINE('',#16879,#16880);
#16879 = CARTESIAN_POINT('',(18.02775637732,-2.5));
#16880 = VECTOR('',#16881,1.);
#16881 = DIRECTION('',(0.,1.));
#16882 = ( GEOMETRIC_REPRESENTATION_CONTEXT(2) 
PARAMETRIC_REPRESENTATION_CONTEXT() REPRESENTATION_CONTEXT('2D SPACE',''
  ) );
#16883 = ORIENTED_EDGE('',*,*,#16884,.T.);
#16884 = EDGE_CURVE('',#16862,#16755,#16885,.T.);
#16885 = SURFACE_CURVE('',#16886,(#16891,#16898),.PCURVE_S1.);
#16886 = CIRCLE('',#16887,5.);
#16887 = AXIS2_PLACEMENT_3D('',#16888,#16889,#16890);
#16888 = CARTESIAN_POINT('',(7.5,5.,45.4));
#16889 = DIRECTION('',(0.,1.110223024625E-16,-1.));
#16890 = DIRECTION('',(0.,1.,1.110223024625E-16));
#16891 = PCURVE('',#16796,#16892);
#16892 = DEFINITIONAL_REPRESENTATION('',(#16893),#16897);
#16893 = LINE('',#16894,#16895);
#16894 = CARTESIAN_POINT('',(0.,0.));
#16895 = VECTOR('',#16896,1.);
#16896 = DIRECTION('',(1.,0.));
#16897 = ( GEOMETRIC_REPRESENTATION_CONTEXT(2) 
PARAMETRIC_REPRESENTATION_CONTEXT() REPRESENTATION_CONTEXT('2D SPACE',''
  ) );
#16898 = PCURVE('',#16770,#16899);
#16899 = DEFINITIONAL_REPRESENTATION('',(#16900),#16904);
#16900 = CIRCLE('',#16901,5.);
#16901 = AXIS2_PLACEMENT_2D('',#16902,#16903);
#16902 = CARTESIAN_POINT('',(-5.,-7.5));
#16903 = DIRECTION('',(1.,0.));
#16904 = ( GEOMETRIC_REPRESENTATION_CONTEXT(2) 
PARAMETRIC_REPRESENTATION_CONTEXT() REPRESENTATION_CONTEXT('2D SPACE',''
  ) );
#16905 = ORIENTED_EDGE('',*,*,#16782,.T.);
#16906 = ADVANCED_FACE('',(#16907),#16742,.T.);
#16907 = FACE_BOUND('',#16908,.T.);
#16908 = EDGE_LOOP('',(#16909,#16910,#16931,#16932));
#16909 = ORIENTED_EDGE('',*,*,#16726,.T.);
#16910 = ORIENTED_EDGE('',*,*,#16911,.T.);
#16911 = EDGE_CURVE('',#16727,#16862,#16912,.T.);
#16912 = SURFACE_CURVE('',#16913,(#16917,#16924),.PCURVE_S1.);
#16913 = LINE('',#16914,#16915);
#16914 = CARTESIAN_POINT('',(25.273500981126,10.839748528311,45.4));
#16915 = VECTOR('',#16916,1.);
#16916 = DIRECTION('',(-0.832050294338,-0.554700196225,
    -6.158409296133E-17));
#16917 = PCURVE('',#16742,#16918);
#16918 = DEFINITIONAL_REPRESENTATION('',(#16919),#16923);
#16919 = LINE('',#16920,#16921);
#16920 = CARTESIAN_POINT('',(-1.539602324033E-16,-2.5));
#16921 = VECTOR('',#16922,1.);
#16922 = DIRECTION('',(1.,0.));
#16923 = ( GEOMETRIC_REPRESENTATION_CONTEXT(2) 
PARAMETRIC_REPRESENTATION_CONTEXT() REPRESENTATION_CONTEXT('2D SPACE',''
  ) );
#16924 = PCURVE('',#16770,#16925);
#16925 = DEFINITIONAL_REPRESENTATION('',(#16926),#16930);
#16926 = LINE('',#16927,#16928);
#16927 = CARTESIAN_POINT('',(0.839748528311,10.273500981126));
#16928 = VECTOR('',#16929,1.);
#16929 = DIRECTION('',(-0.554700196225,-0.832050294338));
#16930 = ( GEOMETRIC_REPRESENTATION_CONTEXT(2) 
PARAMETRIC_REPRESENTATION_CONTEXT() REPRESENTATION_CONTEXT('2D SPACE',''
  ) );
#16931 = ORIENTED_EDGE('',*,*,#16861,.T.);
#16932 = ORIENTED_EDGE('',*,*,#16836,.F.);
#16933 = ADVANCED_FACE('',(#16934),#16770,.F.);
#16934 = FACE_BOUND('',#16935,.F.);
#16935 = EDGE_LOOP('',(#16936,#16937,#16938));
#16936 = ORIENTED_EDGE('',*,*,#16884,.T.);
#16937 = ORIENTED_EDGE('',*,*,#16754,.T.);
#16938 = ORIENTED_EDGE('',*,*,#16911,.T.);
#16939 = ( GEOMETRIC_REPRESENTATION_CONTEXT(3) 
GLOBAL_UNCERTAINTY_ASSIGNED_CONTEXT((#16943)) 
GLOBAL_UNIT_ASSIGNED_CONTEXT((#16940,#16941,#16942)) 
REPRESENTATION_CONTEXT('Context #1',
  '3D Context with UNIT and UNCERTAINTY') );
#16940 = ( LENGTH_UNIT() NAMED_UNIT(*) SI_UNIT(.MILLI.,.METRE.) );
#16941 = ( NAMED_UNIT(*) PLANE_ANGLE_UNIT() SI_UNIT($,.RADIAN.) );
#16942 = ( NAMED_UNIT(*) SI_UNIT($,.STERADIAN.) SOLID_ANGLE_UNIT() );
#16943 = UNCERTAINTY_MEASURE_WITH_UNIT(LENGTH_MEASURE(1.E-07),#16940,
  'distance_accuracy_value','confusion accuracy');
#16944 = PRODUCT_RELATED_PRODUCT_CATEGORY('part',$,(#7));
ENDSEC;
END-ISO-10303-21;
